iata_code,icao_code,airport_name,alt_name,other_codes
KCH,WBGG,Kuching International Airport,,
KJB,VOKU,Kurnool Airport,,
KTL,HKKT,Kitale Airport,,
BNA,KBNA,Nashville International Airport,,
TEU,NZMO,Te Anau Airport,Manapouri Airport,
KWE,ZUGY,Guiyang Longdongbao International Airport,,
LXS,LGLM,Lemnos International Airport,,
LPP,EFLP,Lappeenranta Airport,,
VRA,MUVR,Juan Gualberto Gómez Airport,,
HAC,RJTH,Hachijojima Airport,,
TGZ,MMTG,Ángel Albino Corzo International Airport,,
ASN,KASN,Talladega Municipal Airport,,
NHX,KNBJ,NOLF Barin,,FAA: NBJ
AIU,NCAT,Enua Airport,,
JRS,OJJR,Atarot Airport,Jerusalem International Airport,
VDI,KVDI,Vidalia Regional Airport,,
LOX,,Los Tablones Airport,,
EGX,PAII,Egegik Airport,,FAA: EII
RVV,NTAV,Raivavae Airport,,
MQV,,Mostaganem Airport,,
PKH,LGHL,Porto Cheli Airport,,
OVB,UNNT,Tolmachevo Airport,,
MEJ,KGKJ,Port Meadville Airport,,FAA: GKJ
GKO,,Kongo Boumba Airport,,
YBK,CYBK,Baker Lake Airport,,
PIP,PAPN,Pilot Point Airport,,FAA: PNP
CUH,KCUH,Cushing Municipal Airport,,
AYM,,Yas Island Seaplane Base,,
BCN,LEBL,Barcelona–El Prat Airport,,
PIV,SNPX,Pirapora Airport,,
SDB,FALW,Air Force Base Langebaanweg,,
PMW,SBPJ,Palmas–Brigadeiro Lysias Rodrigues Airport,,
ZGU,NVSQ,Gaua Airport,,
HYF,,Hayfields Airport,,
COZ,MDCZ,Constanza Airport,,
USR,UEMT,Ust-Nera Airport,,
HVE,KHVE,Hanksville Airport,,
GSL,,Taltheilei Narrows Airport,,TC: CFA7
LTP,YLHS,Lyndhurst Airport,,
ZIG,GOGG,Ziguinchor Airport,,
RMB,OOBR,Buraimi Airport,,
YRB,CYRB,Resolute Bay Airport,,
FUO,ZGFS,Foshan Shadi Airport,,
UAR,GMFB,Bouarfa Airport,,
XPP,CZNG,Poplar River Airport,,
MCS,SARM,Monte Caseros Airport,,
DOK,UKCC,Donetsk International Airport,,
LOI,SSLN,Helmuth Baungartem Airport,,
LSC,SCSE,La Florida Airport,,
MOL,ENML,"Molde Airport, Årø",,
KMK,FCPA,Makabana Airport,,
CAQ,SKCU,Juan H. White Airport,,
SZE,HASM,Semera Airport,,
CXO,KCXO,Lone Star Executive Airport,,
RDO,EPRA,Radom Airport,,
IFA,KIFA,Iowa Falls Municipal Airport,,
JUZ,ZSJU,Quzhou Airport,,
CRP,KCRP,Corpus Christi International Airport,,
RKP,KRKP,Aransas County Airport,,
IAS,LRIA,Iași International Airport,,
UGC,UTNU,Urgench International Airport,,
CTX,,Cortland County Airport,,"Chase Field, FAA: N03"
KRE,HBBO,Kirundo Airport,,
KDJ,FOGJ,Ndjolé Ville Airport,,
SFG,TFFG,L'Espérance Airport,Grand Case Airport,
BAM,KBAM,Battle Mountain Airport,Lander County Airport,
UAK,BGBW,Narsarsuaq Airport,,
YXT,CYXT,Northwest Regional Airport,,
TRV,VOTV,Trivandrum International Airport,,
WKB,YWKB,Warracknabeal Airport,,
FRT,SCFI,Frutillar Airport,,
UVE,NWWV,Ouvéa Airport,Ouloup Airport,
REO,KREO,Rome State Airport,,
BSU,FZEN,Basankusu Airport,,
KGY,YKRY,Kingaroy Airport,,
MAW,KMAW,Malden Regional Airport,,
TXN,ZSTX,Huangshan Tunxi International Airport,,
CSO,EDBC,Magdeburg–Cochstedt Airport,,
RRE,,Marree Airport,,
SMW,GMMA,Smara Airport,,
TCN,MMHC,Tehuacán Airport,,
GCJ,FAGC,Grand Central Airport,,
KNU,VIKA,Kanpur Airport,Chakeri Air Force Station,
MXF,KMXF,Maxwell Air Force Base,,
LTD,HLTD,Ghadames Airport,,
JIJ,HAJJ,Wilwal International Airport,,
PNK,WIOO,Supadio Airport,,
YZF,CYZF,Yellowknife Airport,,
BKX,KBKX,Brookings Regional Airport,,
KEO,DIOD,Odienné Airport,,
CCT,,Colonia Catriel Airport,,
SAA,KSAA,Shively Field,,
MDQ,SAZM,Astor Piazzolla International Airport,,
TMU,MRTR,Tambor Airport,,
GJM,SBGM,Guajará-Mirim Airport,,
BJN,,Bajone Airport,,
GRO,LEGE,Girona–Costa Brava Airport,,
RAT,USNR,Raduzhny Airport,,
YKL,CYKL,Schefferville Airport,,
KGG,GOTK,Kédougou Airport,,
BAD,KBAD,Barksdale Air Force Base,,
DLF,KDLF,Laughlin Air Force Base,,
MKY,YBMK,Mackay Airport,,
NVI,UTSA,Navoiy International Airport,,
MWK,WIOM,Matak Airport,Tarempa Airport,
XQP,MRQP,Quepos La Managua Airport,,
PEW,OPPS,Bacha Khan International Airport,,
MNE,YMUG,Mungeranie Airport,,
ABJ,DIAP,Port Bouet Airport,Felix Houphouet Boigny Int'l,
GPI,SKGP,Guapi Airport,Juan Casiano Airport,
MCO,KMCO,Orlando International Airport,,
YNY,RKNY,Yangyang International Airport,,
JJA,AGJO,Jajao Airport,,
GKE,ETNG,NATO Air Base Geilenkirchen,,
MMM,YMMU,Middlemount Airport,,
WKI,FVWT,Hwange Town Airport,,
LFR,SVLF,La Fría Airport,,
BJT,,Bentota River Airport,,
MHW,SLAG,Monteagudo Airport,,
HOA,HKHO,Hola Airport,,
BOE,FCOB,Boundji Airport,,
YDU,,Kasba Lake Airport,,TC: CJL8
CPF,WARC,Ngloram Airport,,
HLC,KHLC,Hill City Municipal Airport,,
TEV,LETL,Teruel Airport,,
TJN,NTKM,Takume Airport,,
DMA,KDMA,Davis–Monthan Air Force Base,,
TSA,RCSS,Taipei Songshan Airport,,
KQR,YKAR,Karara Airport,,
AWK,PWAK,Wake Island Airfield,,
OJU,,Tanjung Api Airport,,
XGN,FNXA,Xangongo Airport,,
BNG,KBNG,Banning Municipal Airport,,
WMI,EPMO,Warsaw Modlin Airport,,
BEM,GMMD,Beni Mellal Airport,,
DDD,VRMU,Dhaalu Airport,,
ILX,,Ileg Airport,,
JST,KJST,John Murtha Johnstown–Cambria County Airport,,
OSC,KOSC,Oscoda–Wurtsmith Airport,,
KHD,OICK,Khorramabad Airport,,
LEM,KLEM,Lemmon Municipal Airport,,
NVN,,Nervino Airport,,FAA: O02
RTL,,Spirit Lake Municipal Airport,,FAA: 0F3
PSF,KPSF,Pittsfield Municipal Airport,,
TKO,FXTK,Tlokoeng Airport,,
BVU,PABG,Beluga Airport,,FAA: BLG
AUP,AYAG,Agaun Airport,,
WIE,ETOU,Wiesbaden Army Airfield,,
ALY,HEAX,El Nouzha Airport,,
YQK,CYQK,Kenora Airport,,
DRI,KDRI,Beauregard Regional Airport,,
MBP,SPBB,Moyobamba Airport,,
NBE,DTNH,Enfidha-Hammamet International Airport,,
GLZ,EHGR,Gilze-Rijen Air Base,,
SPT,,Sipitang Airstrip,,
ILO,RPVI,Iloilo International Airport,,
FRS,MGTK,Mundo Maya International Airport,,
CKY,GUCY,Conakry International Airport,Gbessia Int'l Airport,
SRQ,KSRQ,Sarasota–Bradenton International Airport,,
FGU,NTGB,Fangatau Airport,,
PQQ,YPMQ,Port Macquarie Airport,,
PUK,NTGQ,Pukarua Airport,,
KYU,PFKU,Koyukuk Airport,,
BXE,GOTB,Bakel Airport,,
ZNZ,HTZA,Abeid Amani Karume International Airport,,
SMS,FMMS,Sainte Marie Airport,,
JGN,ZLJQ,Jiayuguan Airport,,
JAM,LBIA,Bezmer Air Base,,
YIH,ZHYC,Yichang Sanxia Airport,,
HSZ,RCPO,Hsinchu Air Base,,
PIO,SPSO,Capitán FAP Renán Elías Olivera Airport,,
CIF,ZBCF,Chifeng Yulong Airport,,
FEN,SBFN,Fernando de Noronha Airport,Gov. Carlos Wilson Airport,
LHE,OPLA,Allama Iqbal International Airport,,
MEL,YMML,Melbourne Airport,,
OBA,,Oban Airport,,
EVN,UDYZ,Zvartnots International Airport,,
SCA,,Santa Catalina Airport,,
SSF,KSSF,Stinson Municipal Airport,,
DBP,AYDB,Debepare Airport,,
PPJ,WIIG,Panjang Island Airport,,
JCK,YJLC,Julia Creek Airport,,
WRZ,VCCW,Weerawila Airport,,
MSX,FCMM,Mossendjo Airport,,
AQP,SPQU,Rodríguez Ballón International Airport,,
JSH,LGST,Sitia Public Airport,,
MLJ,KMLJ,Baldwin County Airport,,
LBV,FOOL,Libreville International Airport,,
EVX,LFOE,Évreux-Fauville Air Base,,
MWG,,Marawaka Airport,,
MZK,NGMK,Marakei Airport,,
OHI,FYOS,Oshakati Airport,,
KAD,DNKA,Kaduna Airport,,
TWT,RPMN,Sanga-Sanga Airport,,
GBH,PAGB,Galbraith Lake Airport,,
BGW,ORBI,Baghdad International Airport,,
APH,KAPH,A.P. Hill Army Airfield,,
WJA,,Woja Airport,,
FBD,OAFZ,Fayzabad Airport,,
UUN,ZMBU,Baruun-Urt Airport,,
IBR,RJAH,Ibaraki Airport,,
NUL,PANU,Nulato Airport,,
BKL,KBKL,Cleveland Burke Lakefront Airport,,
ZER,VEZO,Zero Airport,Ziro Airport,
TCR,VOTK,Tuticorin Airport,,
DXD,YDIX,Dixie Airport,,
CEU,KCEU,Oconee County Regional Airport,,
PTZ,SEPA,Río Amazonas Airport,,
RMI,LIPR,Federico Fellini International Airport,,
YVA,FMCN,Iconi Airport,,
MCA,GUMA,Macenta Airport,,
CEZ,KCEZ,Cortez Municipal Airport,,
ISP,KISP,Long Island MacArthur Airport,,
FAV,NTGF,Fakarava Airport,,
VAW,ENSS,"Vardø Airport, Svartnes",,
MGA,MNMG,Augusto C. Sandino International Airport,,
OUZ,GQPZ,Tazadit Airport,,
RIX,EVRA,Riga International Airport,,
JAK,MTJA,Jacmel Airport,,
HWA,,Hawabango Airport,,
JOE,EFJO,Joensuu Airport,,
RHT,,Alxa Right Banner Badanjilin Airport,,
AZB,,Amazon Bay Airport,,
TUV,SVTC,San Rafael Airport,,
LDW,,Lansdowne Airport,,
DBV,LDDU,Dubrovnik Airport,,
WHS,EGEH,Whalsay Airstrip,,
ESM,SETN,Carlos Concha Torres International Airport,,
ACT,KACT,Waco Regional Airport,,
SFX,,Macagua Airport,,
YCM,CYSN,St. Catharines/Niagara District Airport,,
ARS,SWEC,Aragarças Airport,,
POS,TTPP,Piarco International Airport,,
EJH,OEWJ,Al Wajh Domestic Airport,,
RRJ,SBJR,Jacarepaguá Airport,,
CMD,YCTM,Cootamundra Airport,,
DHM,VIGG,Gaggal Airport,,
EDR,YPMP,Edward River Airport,,
SEW,,Siwa Oasis North Airport,,
CMG,SBCR,Corumbá International Airport,,
SVT,FBSV,Savuti Airport,,
BYQ,WALV,Bunyu Airport,,
IOT,BGLL,Illorsuit Heliport,,
ODY,VLOS,Oudomsay Airport,,
MUW,DAOV,Ghriss Airport,,
PLE,,Paiela Airport,,
MPY,SOOA,Maripasoula Airport,,
USL,YUSL,Useless Loop Airport,,
RUH,OERK,King Khalid International Airport,,
HPT,KHPT,Hampton Municipal Airport,,
SCF,KSDL,Scottsdale Airport,,FAA: SDL
BUS,UGSB,Batumi International Airport,Alexander Kartveli Batumi Int'l Airport,
AEL,KAEL,Albert Lea Municipal Airport,,
BHW,,Bhagatanwala Airport,,
OCM,YBGD,Boolgeeda Airport,,
IXH,VEKR,Kailashahar Airport,,
YZS,CYZS,Coral Harbour Airport,,
GCT,,Grand Canyon Bar 10 Airport,,
BER,EDDB,Berlin Brandenburg Airport,,
REE,,Reese Airpark,,FAA: 8XS8
TIK,KTIK,Tinker Air Force Base,,
YZV,CYZV,Sept-Îles Airport,,
DEF,OIAD,Dezful Airport,,
TKH,VTPI,Takhli Royal Thai Air Force Base,,
RNI,MNCI,Corn Island Airport,,
PLC,,Planeta Rica Airport,,
KDR,AYKC,Kandrian Airport,,
BAX,UNBB,Barnaul Airport,,
KGS,LGKO,Kos Island International Airport,,
BEV,LLBS,Beersheba Airport,,
BXM,,Batom Airport,,
FIZ,YFTZ,Fitzroy Crossing Airport,,
VDH,VVDH,Dong Hoi Airport,,
IIA,EIMN,Inishmaan Aerodrome,,
RBJ,RJCR,Rebun Airport,,
MKH,FXMK,Mokhotlong Airport,,
HOS,SAHC,Chos Malal Airport,,
APC,KAPC,Napa County Airport,,
CMO,HCMO,Obbia Airport,,
USA,KJQF,Concord Regional Airport,,FAA: JQF
NYM,USMM,Nadym Airport,,
KQH,VIKG,Ajmer Kishangarh Airport,,
CKZ,LTBH,Çanakkale Airport,,
LCK,KLCK,Rickenbacker International Airport,,
KAU,EFKA,Kauhava Airfield,,
MBN,,Mount Barnett Airport,,
MRG,YMBA,Mareeba Airfield,,
LSY,YLIS,Lismore Airport,,
UOL,WAMY,Pogogul Airport,,
RPR,VARP,Swami Vivekananda Airport,,
HOO,,Nhon Co Airport,,
IDR,VAID,Devi Ahilyabai Holkar International Airport,,
VIY,LFPV,Vélizy – Villacoublay Air Base,,
MRI,PAMR,Merrill Field,,
RSH,PARS,Russian Mission Airport,,
ZVK,VLSK,Savannakhet Airport,,
BYI,KBYI,Burley Municipal Airport,,
PTV,KPTV,Porterville Municipal Airport,,
UAS,HKSB,Samburu Airport,Buffalo Spring Airport,
RLO,SAOS,Valle del Conlara Airport,,
GUJ,SBGW,Guaratinguetá Airport,,
PNT,SCNT,Teniente Julio Gallardo Airport,,
GOJ,UWGG,Nizhny Novgorod International Airport,Strigino Airport,
MUR,WBGM,Marudi Airport,,
KHH,RCKH,Kaohsiung International Airport,,
GDE,HAGO,Gode Airport,,
GJL,DAAV,Jijel Ferhat Abbas Airport,,
LPY,LFHP,Le Puy – Loudes Airport,,
CKM,KCKM,Fletcher Field,,
OHD,LWOH,"Ohrid ""St. Paul the Apostle"" Airport",,
SVD,TVSA,Argyle International Airport,,
PMH,KPMH,Greater Portsmouth Regional Airport,,
CLQ,MMIA,Licenciado Miguel de la Madrid Airport,,
CPV,SBKG,Campina Grande Airport,Presidente João Suassuna Airport,
AYQ,YAYE,Ayers Rock Airport,,
CXI,PLCH,Cassidy International Airport,,
TMM,FMMT,Toamasina Airport,,
HHI,PHHI,Wheeler Army Airfield,,
BOZ,FEGZ,Bozoum Airport,,
JOK,UWKJ,Yoshkar-Ola Airport,,
PBQ,SWPM,Pimenta Bueno Airport,,
NGN,,Narganá Airport,,
LLK,UBBL,Lankaran International Airport,,
MKP,NTGM,Makemo Airport,,
MRJ,MHMA,Marcala Airport,,
WLK,PASK,Selawik Airport,,
YCH,CYCH,Miramichi Airport,,
VLK,URRY,Volgodonsk Airport,,
ABS,HEBL,Abu Simbel Airport,,
ETN,KETN,Eastland Municipal Airport,,
AYT,LTAI,Antalya Airport,,
LMS,KLMS,Louisville Winston County Airport,,
SOE,FCOS,Souanké Airport,,
TYR,KTYR,Tyler Pounds Regional Airport,,
TTE,WAEE,Sultan Babullah Airport,,
NQL,SWNQ,Niquelândia Airport,,
IRP,FZJH,Matari Airport,,
WUX,ZSWX,Sunan Shuofang International Airport,,
UBB,YMAA,Mabuiag Island Airport,,
CWA,KCWA,Central Wisconsin Airport,,
YIA,WAHI,Yogyakarta International Airport,,
HMA,USHH,Khanty-Mansiysk Airport,,
LIY,KLHW,MidCoast Regional Airport at Wright Army Airfield,,FAA: LHW
PRX,KPRX,Cox Field,,
MCB,KMCB,McComb–Pike County Airport,John E. Lewis Field,
FRA,EDDF,Frankfurt Airport,,
YAP,PTYA,Yap International Airport,,FAA: T11
FRZ,ETHF,Fritzlar Air Base,,
TTI,NTTE,Tetiaroa Airport,,
TOJ,LETO,Madrid–Torrejón Airport,,
PNQ,VAPO,Pune Airport,,
WLL,YWOR,Wollogorang Airport,,
AYA,,Ayapel Airport,,
SPA,KSPA,Spartanburg Downtown Memorial Airport,,
TKS,RJOS,Tokushima Airport,,
ITQ,SSIQ,Itaqui Airport,,
OLH,,Old Harbor Airport,,FAA: 6R7
YNC,CYNC,Wemindji Airport,,
ANX,ENAN,"Andøya Airport, Andenes",,
JMO,VNJS,Jomsom Airport,,
QOW,DNIM,Sam Mbakwe Airport,,
XAU,SOOS,Saül Airport,,
TFF,SBTF,Tefé Airport,,
SSQ,,La Sarre Airport,,TC: CSR8
YDE,,Paradise River Airport,,TC: CDF4
SLE,KSLE,McNary Field,,
KEY,HKKR,Kericho Airport,,
KNB,KKNB,Kanab Municipal Airport,,
LGN,,Linga Linga Airport,,
SQG,WIOS,Tebelian Airport,Susilo Airport,
OAJ,KOAJ,Albert J. Ellis Airport,,
BTR,KBTR,Baton Rouge Metropolitan Airport,Ryan Field,
ENK,EGAB,Enniskillen/St Angelo Airport,,
SQN,WAPN,Sanana Airport,,
WWK,AYWK,Wewak Airport,,
EFD,KEFD,Ellington Field,,
LZN,RCFG,Matsu Nangan Airport,,
KIL,,Kilwa Airport,,
LEZ,MHLE,La Esperanza Airport,,
AGN,PAGN,Angoon Seaplane Base,,
HEA,OAHR,Herat International Airport,,
KWA,PKWA,Bucholz Army Airfield,,
BAA,AYBL,Bialla Airport,,
WNE,,Wora na Yeno Airport,,
TTB,LIET,Tortolì Airport,Arbatax Airport,
CHV,LPCH,Chaves Airport,,
DOB,WAPD,Dobo Airport,,
VCL,VVCA,Chu Lai International Airport,,
NJC,USNN,Nizhnevartovsk Airport,,
SVB,FMNS,Sambava Airport,,
XPK,CZFG,Pukatawagan Airport,,
SAB,TNCS,Juancho E. Yrausquin Airport,,
ITR,SBIT,Itumbiara Airport,,
TVC,KTVC,Cherry Capital Airport,,
TRY,HUTO,Tororo Airport,,
YUT,CYUT,Repulse Bay Airport,,
BEB,EGPL,Benbecula Airport,,
LCR,,La Chorrera Airport,,
DIV,DIDV,Divo Airport,,
MYG,MYMM,Mayaguana Airport,Abraham's Bay Airport,
BRV,EDWB,Bremerhaven Airport,,
POG,FOOG,Port-Gentil International Airport,,
GRN,KGRN,Gordon Municipal Airport,,
IJU,SSIJ,João Batista Bos Filho Airport,,
BCY,HABU,Bulchi Airport,,
GNA,UMMG,Grodno Airport,,
CZK,KCZK,Cascade Locks State Airport,,
MVO,FTTM,Mongo Airport,,
SWT,UNSS,Strezhevoy Airport,,
YNJ,ZYYJ,Yanji Chaoyangchuan Airport,,
PCN,NZOK,Picton Aerodrome,,
NEC,SAZO,Necochea Airport,,
LKB,NFNK,Lakeba Airport,,
KHS,OOKB,Khasab Airport,,
YFS,CYFS,Fort Simpson Airport,,
SPW,KSPW,Spencer Municipal Airport,,
WKA,NZWF,Wānaka Airport,,
LGX,HCMJ,Lugh Ganane Airport,,
RPI,,Rampi Airport,,
KKY,EIKK,Kilkenny Airport,,
ATX,,Atbasar Airport,,
CFI,YCFD,Camfield Airport,,
SHV,KSHV,Shreveport Regional Airport,,
MPG,,Makini Airport,,
KWT,PFKW,Kwethluk Airport,,
KOJ,RJFK,Kagoshima Airport,,
BIX,KBIX,Keesler Air Force Base,,
KJK,EBKT,Kortrijk–Wevelgem International Airport,,
YAN,FZIR,Yangambi Airport,,
YKO,LTCW,Hakkari Yüksekova Airport,,
OWA,KOWA,Owatonna Degner Regional Airport,,
SZS,NZRC,Ryan's Creek Aerodrome,,
GRK,KGRK,Killeen Regional Airport/Robert Gray Army Airfield,,
VRS,,Roy Otten Memorial Airfield,,FAA: 3VS
PCU,,Poplarville-Pearl River County Airport,,FAA: M13
VBC,VYCZ,Mandalay Chanmyathazi Airport,,
BDL,KBDL,Bradley International Airport,,
HFD,KHFD,Hartford–Brainard Airport,,
AEY,BIAR,Akureyri Airport,,
AJS,MX86,Punta Abreojos Airstrip,,
CGO,ZHCC,Zhengzhou Xinzheng International Airport,,
DPA,KDPA,DuPage Airport,,
LDE,LFBT,Tarbes–Lourdes–Pyrénées Airport,,
ORS,,Orpheus Island Resort Waterport,,
NGF,PHNG,MCAS Kaneohe Bay,,
MTF,HAMT,Mizan Teferi Airport,,
DWB,FMNO,Soalala Airport,,
NPH,,Nephi Municipal Airport,,FAA: U14
MWN,HTMD,Mwadui Airport,,
CCF,LFMK,Carcassonne Airport,,
HSC,,Shaoguan Guitou Airport,,
DSC,FKKS,Dschang Airport,,
APZ,SAHZ,Zapala Airport,,
TZL,LQTZ,Tuzla International Airport,,
MJS,,Maganja da Costa Airport,,
BRO,KBRO,Brownsville/South Padre Island International Airport,,
NDG,ZYQQ,Qiqihar Sanjiazi Airport,,
EUG,KEUG,Eugene Airport,Mahlon Sweet Airport,
VLV,SVVL,Dr. Antonio Nicolás Briceño Airport,,
YBY,CYBF,Bonnyville Airport,,
FAE,EKVG,Vágar Airport,,
MMG,YMOG,Mount Magnet Airport,,
OHS,OOSH,Sohar Airport,,
YWQ,,Chutes-des-Passes/Lac Margane Water Aerodrome,,TC: CTM3
XAP,SBCH,Serafin Enoss Bertaso Airport,,
RWN,UKLR,Rivne International Airport,,
STX,TISX,Henry E. Rohlsen Airport,,
COL,,Coll Airport,,
AEP,SABE,Jorge Newbery Airpark,,
YWP,CYWP,Webequie Airport,,
NLU,MMSM,"Santa Lucía Air Force Base Num 1,Felipe Ángeles International Airport",,
UBJ,RJDC,Yamaguchi Ube Airport,,
REN,UWOO,Orenburg Tsentralny Airport,,
KSN,UAUU,Kostanay Airport,,
ACJ,VCCA,Anuradhapura Airport,,
BQO,DIBN,Tehini Airport,,
CNF,SBCF,Tancredo Neves International Airport,Confins Int'l Airport,
COM,KCOM,Coleman Municipal Airport,,
BLE,ESSD,Dala Airport,Borlänge Airport,
PIF,RCDC,Pingtung South Airport,,
IMQ,OITU,Maku International Airport,,
HPY,KHPY,Baytown Airport,,
LSJ,,Long Island Airport,,
TIE,HATP,Tippi Airport,,
GLF,MRGF,Golfito Airport,,
ICI,NFCI,Cicia Airport,,
RUF,WAJE,Yuruf Airport,,
CRK,RPLC,Clark International Airport,,
ISC,EGHE,St Mary's Airport,,
AIG,FEFY,Yalinga Airport,,
BNQ,,Baganga Airport,,
GUW,UATG,Atyrau Airport,,
MXX,ESKM,Mora–Siljan Airport,,
MNH,,Al-Musannah Airport,,
KBN,FZWT,Tunta Airport,,
NIO,FZBI,Nioki Airport,,
JOH,FAPJ,Port St. Johns Airport,,
EGS,BIEG,Egilsstaðir Airport,,
AQM,,Ariquemes Airport,,
YPB,,Alberni Valley Regional Airport,,TC: CBS8
PCO,MMPL,Punta Colorada Airstrip,,
WEA,KWEA,Parker County Airport,,
AKR,DNAK,Akure Airport,,
WAQ,FMMG,Antsalova Airport,,
MAL,WAPE,Mangole Airport,,
BSP,AYBH,Bensbach Airport,,
YLX,,Yulin Fumian Airport,,
BLQ,LIPE,Bologna Guglielmo Marconi Airport,,
TRR,VCCT,China Bay Airport,,
TSP,KTSP,Tehachapi Municipal Airport,,
MFO,,Manguna Airport,,
MPD,OPMP,Sindhri Airport,,
TLO,,Tol Airport,,
AYL,,Anthony Lagoon Airport,,
CYF,PACK,Chefornak Airport,,FAA: CFK
EPG,,Browns Airport,,FAA: NE69
RIN,AGRC,Ringgi Cove Airport,,
ROP,PGRO,Rota International Airport,,FAA: GRO
RMU,LEMI,Región de Murcia International Airport,,
GJA,MHNJ,Guanaja Airport,,
YFC,CYFC,Fredericton International Airport,,
URC,ZWWW,Ürümqi Diwopu International Airport,,
CVI,,Caleta Olivia Airport,,
SXZ,LTCL,Siirt Airport,,
YYB,CYYB,North Bay/Jack Garland Airport,,
SVQ,LEZL,Seville Airport,,
COJ,YCBB,Coonabarabran Airport,,
ZZU,FWUU,Mzuzu Airport,,
PEA,YPSH,Penneshaw Airport,,
SZG,LOWS,Salzburg Airport,,
HUM,KHUM,Houma–Terrebonne Airport,,
THV,KTHV,York Airport,,
ASO,HASO,Asosa Airport,,
EPA,SADP,El Palomar Airport,,
GNU,,Goodnews Airport,,
NPG,,Nipa Airport,,
CYI,RCKU,Chiayi Airport,,
RCT,KRCT,Nartron Field,,
TSK,,Taskul Airport,,
GHN,ZUGH,Guanghan Airport,,
BAF,KBAF,Westfield-Barnes Regional Airport,,
SFY,,metropolitan area4,,
BKQ,YBCK,Blackall Airport,,
TZA,MZBZ,Belize City Municipal Airport,,
KNT,KTKX,Kennett Memorial Airport,,FAA: TKX
KIU,,Kiunga Airport,,
CJA,SPJR,Mayor General FAP Armando Revoredo Iglesias Airport,,
IJK,USII,Izhevsk Airport,,
XBE,,Bearskin Lake Airport,,TC: CNE3
TMW,YSTW,Tamworth Airport,,
MNA,WAMN,Melangguane Airport,,
PTO,SSPB,Juvenal Loureiro Cardoso Airport,,
IDK,YIDK,Indulkana Airport,,
XLB,CZWH,Lac Brochet Airport,,
ULH,OEAO,Prince Abdul Majeed bin Abdulaziz Domestic Airport,,
BVF,NFNU,Dama Airport,,
MFX,LFKX,Méribel Altiport,,
ITO,PHTO,Hilo International Airport,,
KMU,HCMK,Kismayo Airport,Kisimayu Airport,
HMJ,UKLH,Khmelnytskyi Airport,,
SNT,SKRU,Las Cruces Airport,,
HBX,VAHB,Hubli Airport,,
NNR,EICA,Connemara Airport,,
KNQ,NWWD,Koné Airport,,
MGE,KMGE,Dobbins Air Reserve Base,,
BJK,WAPK,Benjina Airport,Nangasuri Airport,
ZGL,YSGW,South Galway Airport,,
DNZ,LTAY,Denizli Çardak Airport,,
BRD,KBRD,Brainerd Lakes Regional Airport,,
TIU,NZTU,Richard Pearse Airport,,
PLX,UASS,Semey Airport,,
LMZ,,Palma Airport,,
TPI,AYTI,Tapini Airport,,
TIM,WABP,Mozes Kilangin Airport,,
BZN,KBZN,Bozeman Yellowstone International Airport,Gallatin Field,
SMF,KSMF,Sacramento International Airport,,
BWN,WBSB,Brunei International Airport,,
DAM,OSDI,Damascus International Airport,,
FYU,PFYU,Fort Yukon Airport,,
AUG,KAUG,Augusta State Airport,,
YGN,,Greenway Sound Water Aerodrome,,
YCL,CYCL,Charlo Airport,,
TUK,OPTU,Turbat International Airport,,
BJU,VNBR,Bajura Airport,,
LGT,SKGA,Las Gaviotas Airport,,
RMK,YREN,Renmark Airport,,
DSO,ZKSD,Sondok Airport,,
QLR,LPMR,Monte Real Air Base,,
BKM,WBGQ,Bakelalan Airport,,
COQ,ZMCD,Choibalsan Airport,,
KHX,,Kihihi Airstrip,,
WWI,YWWI,Woodie Woodie Airport,,
CGI,KCGI,Cape Girardeau Regional Airport,,
YDA,CYDA,Dawson City Airport,,
DUS,EDDL,Düsseldorf Airport,,
FEZ,GMFF,Fes–Saïss Airport,,
MGP,,Manga Airport,,
ZIZ,,Zamzama Airport,,
KNK,PFKK,Kokhanok Airport,,FAA: 9K2
FEA,,Fetlar Airport,,
ASM,HHAS,Asmara International Airport,,
NOI,,Novorossiysk Airport,,
DMN,KDMN,Deming Municipal Airport,,
LSU,WBGU,Long Sukang Airport,,
FWL,PAFW,Farewell Airport,,
CIN,KCIN,Arthur N. Neu Airport,,
RTG,WATG,Frans Sales Lega Airport,,
OSL,ENGM,"Oslo Airport, Gardermoen",,
DTT,,metropolitan area1,,
YCD,CYCD,Nanaimo Airport,,
PIA,KPIA,General Wayne A. Downing Peoria International Airport,,
MCT,OOMS,Muscat International Airport,,
CQM,LERL,Ciudad Real Central Airport,,
NLH,,Ninglang Luguhu Airport,,
ALO,KALO,Waterloo Regional Airport,,
MXN,LFRU,Morlaix – Ploujean Airport,,
PHY,VTPB,Phetchabun Airport,,
BTT,PABT,Bettles Airport,,
GAY,VEGY,Gaya Airport,Bodhgaya Airport,
MUD,FQMD,Mueda Airport,,
UYU,SLUY,Uyuni Airport,Joya Andina Airport,
DTU,,Wudalianchi Airport,,
EUE,,Eureka Airport,,FAA: 05U
UNT,,Unst Airport,,
MJX,KMJX,Robert J. Miller Air Park,Ocean County Airport,
KTP,MKTP,Tinson Pen Aerodrome,,
KWH,OAHN,Khwahan Airport,,
UJU,ZKUJ,Uiju Airfield,,
TMN,NGTM,Tamana Airport,,
RKE,EKRK,Roskilde Airport,,
AXS,KAXS,Altus/Quartz Mountain Regional Airport,,
OGM,,Ustupu-Ogobsucum Airport,,
JKR,VNJP,Janakpur Airport,,
TCV,MYTC,Torch Cay Airport,,
LWB,KLWB,Greenbrier Valley Airport,,
APG,KAPG,Phillips Army Airfield,,
UMC,,Umba Airport,,
MBT,RPVJ,Moises R. Espinosa Airport,Masbate Airport,
ARY,YARA,Ararat Airport,,
SJE,SKSJ,Jorge Enrique González Torres Airport,,
KCN,,Chernofski Harbor Seaplane Base,,
ANF,SCFA,Cerro Moreno International Airport,,
RAL,KRAL,Riverside Municipal Airport,,
EIB,EDGE,Eisenach-Kindel Airport,,
AKM,,Zakouma Airport,,
PVC,KPVC,Provincetown Municipal Airport,,
LNY,PHNY,Lanai Airport,,
COO,DBBB,Cadjehoun Airport,,
XUZ,ZSXZ,Xuzhou Guanyin Airport,,
BOU,LFLD,Bourges Airport,,
CRM,RPVF,Catarman National Airport,,
YLN,ZYYL,Yilan Airport,,
WUV,,Wuvulu Island Airport,,
VHN,KVHN,Culberson County Airport,,
BYD,OYBI,Al Bayda Airport,,
MKI,FEGE,M'Boki Airport,,
CKU,,Cordova Municipal Airport,,
MPB,,Miami Seaplane Base,,FAA: X44
KOY,,Olga Bay Seaplane Base,,
YBI,,Black Tickle Airport,,TC: CCE4
VNT,EVVA,Ventspils International Airport,,
MXJ,DNMN,Minna Airport,,
YPL,CYPL,Pickle Lake Airport,,
ULY,UWLW,Ulyanovsk Vostochny Airport,,
UCT,UUYH,Ukhta Airport,,
MCE,KMCE,Merced Regional Airport,MacReady Field,
BSN,FEFS,Bossangoa Airport,,
CRD,SAVC,General Enrique Mosconi International Airport,,
LWO,UKLL,Lviv Danylo Halytskyi International Airport,,
FEB,VNSR,Sanfebagar Airport,,
SIK,KSIK,Sikeston Memorial Municipal Airport,,
IRZ,SWTP,Tapuruquara Airport,,
BMZ,AYBF,Bamu Airport,,
BAN,FZVR,Basongo Airport,,
RGN,VYYY,Yangon International Airport,,
YAG,CYAG,Fort Frances Municipal Airport,,
UVO,,Uvol Airport,,
AAB,YARY,Arrabury Airport,,
WCA,SCST,Gamboa Airport,,
GUV,AYML,Mougulu Airport,,
PEC,,Pelican Seaplane Base,,
WAV,YWAV,Wave Hill Airport,,
ENI,RPEN,El Nido Airport,,
MES,WIMK,Soewondo Air Force Base,,
ELV,PAEL,Elfin Cove Seaplane Base,,
JAD,YPJT,Jandakot Airport,,
TRK,WALR,Juwata International Airport,,
EVM,KEVM,Eveleth-Virginia Municipal Airport,,
OZC,RPMO,Labo Airport,,
BGV,SSBG,Bento Gonçalves Airport,,
ITU,UHSI,Iturup Airport,,
AXL,,Alexandria Airport,,
MYW,HTMT,Mtwara Airport,,
HGU,AYMH,Mount Hagen Airport,,
AUJ,AYAT,Ambunti Airport,,
DNB,YDBR,Dunbar Airport,,
KVX,USKK,Pobedilovo Airport,,
INH,FQIN,Inhambane Airport,,
RIF,KRIF,Richfield Municipal Airport,,
PRP,LFKO,Propriano Airport,,
MHP,UMMM,Minsk-1 Airport,closed 2015,
SUB,WARR,Juanda International Airport,,
OKP,AYOJ,Oksapmin Airport,,
JBS,SSSB,São Borja Airport,,
IPL,KIPL,Imperial County Airport,Boley Field,
GAD,KGAD,Northeast Alabama Regional Airport,,
FBR,KFBR,Fort Bridger Airport,,
LDA,VEMH,Malda Airport,,
BVZ,YBYS,Beverley Springs Airport,,
SKT,OPST,Sialkot International Airport,,
ISL,LTBA,Istanbul Atatürk Airport,,
DEM,HADD,Dembidolo Airport,,
HFA,LLHA,Haifa Airport,Uri Michaeli Airport,
FRH,KFRH,French Lick Municipal Airport,,
TLN,LFTH,Toulon–Hyères Airport,Hyères Le Palyvestre Airport,
HPN,KHPN,Westchester County Airport,,
EPU,EEPU,Pärnu Airport,,
DJJ,WAJJ,Sentani Airport,,
YBS,,Opapimiskan Lake Airport,,TC: CKM8
VEX,,Tioga Municipal Airport,,FAA: D60
LEW,KLEW,Auburn/Lewiston Municipal Airport,,
LUD,FYLZ,Lüderitz Airport,,
GAG,KGAG,Gage Airport,,
CEA,KCEA,Cessna Aircraft Field,,
GOT,ESGG,Göteborg Landvetter Airport,,
GDG,UHBI,Magdagachi Airport,,
BOT,AYET,Bosset Airport,,
COU,KCOU,Columbia Regional Airport,,
NHK,KNHK,NAS Patuxent River,Trapnell Field,
FBL,KFBL,Faribault Municipal Airport,,
TNX,VDST,Steung Treng Airport,,
JGA,VAJM,Jamnagar Airport,Govardhanpur Airport,
YPQ,CYPQ,Peterborough Airport,,
CXH,CYHC,Vancouver Harbour Flight Centre,Coal Harbour Seaplane Base,
GRB,KGRB,Austin Straubel International Airport,,
BYT,EIBN,Bantry Aerodrome,,
OKC,KOKC,Will Rogers World Airport,,
GRP,SWGI,Gurupi Airport,,
TYT,SUTR,Treinta y Tres Airport,,
HES,KHRI,Hermiston Municipal Airport,,FAA: HRI
KKC,VTUK,Khon Kaen Airport,,
DAK,HEDK,Dakhla Oasis Airport,,
PVF,KPVF,Placerville Airport,,
MPF,,Mapoda Airport,,
HTV,KUTS,Huntsville Municipal Airport,Bruce Brothers Regional,
GSJ,MGSJ,San José Airport,,
HKG,VHHH,Hong Kong International Airport,Chek Lap Kok Airport,
ASY,KASY,Ashley Municipal Airport,,
TKB,,Tekadu Airport,,
PMD,KPMD,Palmdale Regional Airport,,
NKP,,Nukutepipi Airport,,
MEW,FZVM,Mweka Airport,,
YTB,,Hartley Bay Water Aerodrome,,TC: CAY4
LBG,LFPB,Paris–Le Bourget Airport,,
BLJ,DABT,Mostépha Ben Boulaid Airport,,
HRK,UKHH,Kharkiv International Airport,Osnova Airport,
LML,,Lae Airport,,
ULU,HUGU,Gulu Airport,,
THM,KTHM,Thompson Falls Airport,,
FLV,KFLV,Sherman Army Airfield,,
HMY,RKTP,Seosan Air Base,,
WAZ,YWCK,Warwick Airport,,
SVS,,Stevens Village Airport,,
LKA,WATL,Gewayantana Airport,,
FIL,KFOM,Fillmore Municipal Airport,,FAA: FOM
VLU,ULOL,Velikiye Luki Airport,,
KBL,OAKB,Kabul International Airport,,
SAU,WATS,Tardamu Airport,,
GEA,NWWM,Nouméa Magenta Airport,,
CIW,TVSC,Canouan Airport,,
RMS,ETAR,Ramstein Air Base,,
EGA,AYEN,Engati Airport,,
GMC,,Guerima Airport,,
JAP,MRCH,Chacarita Airport,,
SWH,YSWH,Swan Hill Airport,,
ZLX,HSZA,Zalingei Airport,,
SFH,MMSF,San Felipe International Airport,,
YTX,,Telegraph Creek Airport,,TC: CBM5
YCR,CYCR,Cross Lake  Airport,Charlie Sinclair Memorial,
CBT,FNCT,Catumbela Airport,,
GPN,YGPT,Garden Point Airport,,
VKG,VVRG,Rach Gia Airport,,
RDT,GOSR,Richard Toll Airport,,
BRQ,LKTB,Brno-Tuřany Airport,,
BWC,KBWC,Brawley Municipal Airport,,
HRR,,La Herrera Airport,,
BDH,OIBL,Bandar Lengeh Airport,,
OUA,DFFD,Ouagadougou Airport,,
FDR,KFDR,Frederick Regional Airport,,
CUV,SVCG,Casigua El Cubo Airport,,
TRW,NGTA,Bonriki International Airport,,
KRC,WIPH,Depati Parbo Airport,,
CJT,MMCO,Copalar Airport,,
BSI,RPLE,Balesin Airport,,
AIA,KAIA,Alliance Municipal Airport,,
WBQ,PAWB,Beaver Airport,,
EIN,EHEH,Eindhoven Airport,,
WEH,ZSWH,Weihai Dashuibo Airport,,
KTM,VNKT,Tribhuvan International Airport,,
FFU,SCFT,Futaleufú Airfield,,
GUF,KJKA,Jack Edwards Airport,,FAA: JKA
AIT,NCAI,Aitutaki Airport,,
HDS,FAHS,Air Force Base Hoedspruit,,
NTY,FAPN,Pilanesberg International Airport,,
ULV,UWLL,Ulyanovsk Baratayevka Airport,,
OUH,FAOH,Oudtshoorn Airport,,
SGF,KSGF,Springfield–Branson National Airport,,
AOI,LIPY,Ancona Falconara Airport,,
BSX,VYPN,Pathein Airport,,
DOY,ZSDY,Dongying Shengli Airport,,
KMN,FZSB,Kamina Airport,Kamina Ville Airport,
SXV,VOSM,Salem Airport,,
CMJ,RCCM,Qimei Airport,,
MUB,FBMN,Maun Airport,,
JOI,SBJV,Joinville-Lauro Carneiro de Loyola Airport,,
MDK,FZEA,Mbandaka Airport,,
MTA,NZMA,Matamata Airport,,
DIP,DFED,Diapaga Airport,,
EGP,,Maverick County Memorial International Airport,,
TDK,,Taldykorgan Airport,,
OAS,OASA,Sharana Airstrip/Forward Operating Base Sharana,,
WPA,SCAS,Cabo Juan Román Airfield,,
SWC,YSWL,Stawell Airport,,
WSX,,Westsound Seaplane Base,,FAA: WA83
EMG,FAEM,Empangeni Airport,,
ITK,,Itokama Airport,,
MVE,KMVE,Montevideo–Chippewa County Airport,,
SSS,,Siassi Airport,,
HHR,KHHR,Hawthorne Municipal Airport,Jack Northrop Field,
POP,MDPP,Gregorio Luperón International Airport,,
SQK,,Sidi Barrani Airport,,
TZO,,Tsimiroro Airport,,
SKP,LWSK,"Skopje ""Alexander the Great"" Airport",,
AAA,NTGA,Anaa Airport,,
CKX,,Chicken Airport,,
TMX,DAUT,Timimoun Airport,,
FCB,FAFB,Ficksburg Airport,,
MZZ,KMZZ,Marion Municipal Airport,,
LFO,HAKL,Kelafo Airport,,
YTY,ZSYA,Yangzhou Taizhou Airport,,
NND,,Nangade Airport,,
IAN,PAIK,Bob Baker Memorial Airport,,
SBJ,SNMX,São Mateus Airport,,
PSA,LIRP,Pisa International Airport,Galileo Galilei Airport,
UBI,,Buin Airport,,
AEU,OIBA,Abu Musa Airport,,
CNU,KCNU,Chanute Martin Johnson Airport,,
SUJ,LRSM,Satu Mare International Airport,,
WAT,EIWF,Waterford Airport,,
LKC,,Lekana Airport,,
YET,CYET,Edson Airport,,
CLX,SATC,Clorinda Airport,,
YQB,CYQB,Québec City Jean Lesage International Airport,,
HKD,RJCH,Hakodate Airport,,
YEM,CYEM,Manitowaning/Manitoulin East Municipal Airport,,
GRT,,Gujrat Airport,,
CXJ,SBCX,Caxias do Sul Airport,Hugo Cantergiani Regional Airport,
AUC,SKUC,Santiago Pérez Quiroz Airport,,
TIC,,Tinak Airport,,FAA: N18
TEO,,Terapo Airport,,
HGL,EDXH,Heligoland Airfield,,
RAO,SBRP,Leite Lopes Airport,,
RPV,,Roper Valley Airport,,
PLW,WAFF,Mutiara Airport,,
KYS,GAKY,Kayes Airport,Dag-Dag Airport,
NLS,,Nicholson Airport,,
DEL,VIDP,Indira Gandhi International Airport,,
KTK,,Kunua Airport,,
BGI,TBPB,Grantley Adams International Airport,,
GDW,KGDW,Gladwin Zettel Memorial Airport,,
AXU,HAAX,Axum Airport,,
NJF,ORNI,Al Najaf International Airport,,
NBH,YNHS,Nambucca Heads Airport,,
WRY,EGEW,Westray Airport,,
AEK,AYAX,Aseki Airport,,
RUT,KRUT,Rutland – Southern Vermont Regional Airport,,
TCW,YTOC,Tocumwal Airport,,
NVP,,Novo Aripuanã Airport,,
LLP,,Linda Downs Airport,,
LGE,,Lake Gregory Airport,,
NUM,OENN,Neom Bay Airport,,
JJN,ZSQZ,Quanzhou Jinjiang International Airport,,
AYP,SPHO,Coronel FAP Alfredo Mendívil Duarte Airport,,
UIH,VVPC,Phu Cat Airport,,
YKU,,Chisasibi Airport,,TC: CSU2
KNH,RCBS,Kinmen Airport,Shang Yi Airport,
IRA,AGGK,Kirakira Airport,Ngorangora Airstrip,
PAN,VTSK,Pattani Airport,,
DLK,YDLK,Dulkaninna Airport,,
MIH,YMIP,Mitchell Plateau Airport,,
BGM,KBGM,Greater Binghamton Airport,Edwin A. Link Field,
OTN,,Ed-Air Airport,,FAA: 2IG4
YCN,CYCN,Cochrane Aerodrome,,
EAE,NVSE,Siwo Airport,,
BQT,UMBB,Brest Airport,,
TUD,GOTT,Tambacounda Airport,,
TLZ,SWKT,Catalão Airport,,
KSW,LLKS,Kiryat Shmona Airport,,
CQT,,Caquetania Airport,,
GCC,KGCC,Gillette–Campbell County Airport,,
MFP,YMCR,Manners Creek Airport,,
HYG,PAHY,Hydaburg Seaplane Base,,
DVR,,Daly River Airport,,
KKU,,Ekuk Airport,,
MQF,USCM,Magnitogorsk International Airport,,
LXA,ZULS,Lhasa Gonggar Airport,,
KTG,WIOK,Rahadi Osman Airport,Ketapang Airport,
NJA,RJTA,Naval Air Facility Atsugi,,
ZGS,,La Romaine Airport,,TC: CTT5
PSP,KPSP,Palm Springs International Airport,,
LWH,YLAH,Lawn Hill Airport,,
MHY,,Morehead Airport,,
TED,EKTS,Thisted Airport,,
JSA,VIJR,Jaisalmer Airport,,
OKY,YBOK,Oakey Army Aviation Centre,,
PLH,EGHD,Plymouth City Airport,,
PMZ,MRPM,Palmar Sur Airport,,
AGR,VIAG,Agra Airport,,
OTJ,FYOW,Otjiwarongo Airport,,
GUI,SVGI,Güiria Airport,,
MJI,HLLM,Mitiga International Airport,,
MNR,FLMG,Mongu Airport,,
GBL,YGBI,South Goulburn Island Airport,,
PAQ,PAAQ,Palmer Municipal Airport,,
BBK,FBKE,Kasane Airport,,
AWA,HALA,Awasa Airport,,
GAN,VRMG,Gan International Airport,,
TKV,NTGO,Tatakoto Airport,,
GFD,KGFD,Pope Field,,
PZO,SVPR,Manuel Carlos Piar Guayana Airport,,
SXU,HASD,Soddu Airport,,
KNP,FNCP,Kapanda Airport,,
POX,LFPT,Pontoise – Cormeilles Aerodrome,,
AEA,NGTB,Abemama Atoll Airport,,
KAO,EFKS,Kuusamo Airport,,
NHS,,Nushki Airport,,
ORY,LFPO,Orly Airport,,
IUE,NIUE,Niue International Airport,Hanan Int'l,
ZFN,CZFN,Tulita Airport,,
JAB,YJAB,Jabiru Airport,,
GUB,MMGR,Guerrero Negro Airport,,
THR,OIII,Mehrabad International Airport,,
INN,LOWI,Innsbruck Airport,Kranebitten Airport,
VTB,UMII,Vitebsk Vostochny Airport,,
SJD,MMSD,Los Cabos International Airport,,
BGL,VNBL,Baglung Airport,,
AHC,KAHC,Amedee Army Airfield,,
RTB,MHRO,Juan Manuel Gálvez International Airport,,
SWX,FBSW,Shakawe Airport,,
NKX,KNKX,MCAS Miramar,,
SRT,HUSO,Soroti Airport,,
THW,,Trincomalee Harbour Seaplane Base,,
NAY,ZBNY,Beijing Nanyuan Airport,,
NRY,,Newry Airport,,
DTI,SNDT,Diamantina Airport,,
LUP,PHLU,Kalaupapa Airport,,
ASG,NZAS,Ashburton Aerodrome,,
SHE,ZYTX,Shenyang Taoxian International Airport,,
FOO,,Kornasoren Airport,Numfoor Airport,
RPN,LLIB,Rosh Pina Airport,,
YVM,CYVM,Qikiqtarjuaq Airport,,
CXT,YCHT,Charters Towers Airport,,
DPO,YDPO,Devonport Airport,,
DAU,AYDU,Daru Airport,,
ADE,OYAA,Aden International Airport,,
ASE,KASE,Aspen–Pitkin County Airport,Sardy Field,
GTA,AGOK,Gatokae Aerodrome,,
FOU,FOGF,Fougamou Airport,,
SCL,SCEL,Arturo Merino Benítez International Airport,,
MLR,YMCT,Millicent Airport,,
PNZ,SBPL,Senador Nilo Coelho Airport,,
BVR,GVBR,Esperadinha Airport,,
OPW,FYOP,Opuwa Airport,,
KHJ,EFKJ,Kauhajoki Airfield,,
YLK,CYLS,Lake Simcoe Regional Airport,,
EUO,,Paratebueno Airport,,
CEO,FNWK,Waco Kungo Airport,,
KGJ,FWKA,Karonga Airport,,
TWP,,Torwood Airport,,
SCG,YSPK,Spring Creek Airport,,
CKC,UKKE,Cherkasy International Airport,,
MAM,MMMA,General Servando Canales International Airport,,
TLU,SKTL,Golfo de Morrosquillo Airport,,
BGE,KBGE,Decatur County Industrial Air Park,,
AUV,AYUM,Aumo Airport,,
YMB,,Merritt Airport,,TC: CAD5
JAX,KJAX,Jacksonville International Airport,,
PUW,KPUW,Pullman–Moscow Regional Airport,,
ILD,LEDA,Lleida–Alguaire Airport,,
MZV,WBMU,Mulu Airport,,
CLN,SBCI,Carolina Airport,,
WZA,DGLW,Wa Airport,,
LTQ,LFAT,Le Touquet – Côte d'Opale Airport,,
BYK,DIBK,Bouaké Airport,,
MOW,,metropolitan area3,,
SHX,PAHX,Shageluk Airport,,
KRT,HSSK,Khartoum International Airport,,
DSE,HADC,Combolcha Airport,,
GRR,KGRR,Gerald R. Ford International Airport,,
HEZ,KHEZ,Natchez–Adams County Airport,Hardy–Anders Field,
IZT,MMIT,Ixtepec Airport,,
SCB,KSCB,Scribner State Airport,,
TOL,KTOL,Toledo Express Airport,,
KTE,WMKE,Kerteh Airport,,
DJG,DAAJ,Tiska Djanet Airport,,
VCF,,Valcheta Airport,,
RGL,SAWG,Piloto Civil Norberto Fernández International Airport,,
UUK,PAKU,Ugnu-Kuparuk Airport,,FAA: UBW
HUL,KHUL,Houlton International Airport,,
BYJ,LPBJ,Beja Airport,,
NPU,,San Pedro de Urabá Airport,,
LUK,KLUK,Cincinnati Municipal Airport,Lunken Field,
VLD,KVLD,Valdosta Regional Airport,,
ZQZ,ZBZJ,Zhangjiakou Ningyuan Airport,,
KGN,FZOK,Kasongo Lunda Airport,,
JAE,SPJE,Jaén Airport,,
NTB,ENNO,"Notodden Airport, Tuven",,
HEK,ZYHE,Heihe Airport,,
JKG,ESGJ,Jönköping Airport,,
AUL,,Aur Airport,,
MHG,EDFM,Mannheim City Airport,,
WLC,YWCH,Walcha Airport,,
OHO,UHOO,Okhotsk Airport,,
MTQ,YMIT,Mitchell Airport,,
LSP,SVJC,Josefa Camejo International Airport,,
IJX,KIJX,Jacksonville Municipal Airport,,
HRE,FVHA,Harare International Airport,,
TRX,KTRX,Trenton Municipal Airport,,
BIZ,,Bimin Airport,,
YNZ,ZSYN,Yancheng Nanyang International Airport,,
SAW,LTFJ,Sabiha Gökçen International Airport,,
OKD,RJCO,Okadama Airport,,
APU,SSAP,Apucarana Airport,,
LKP,KLKP,Lake Placid Airport,,
GNG,KGNG,Gooding Municipal Airport,,
AQB,MGQC,Quiché Airport,,
DOX,YDRA,Dongara Airport,,
OSG,,Ossima Airport,,
KBZ,NZKI,Kaikoura Aerodrome,,
WAJ,,Wawoi Falls Airport,,
WKR,MYAW,Walker's Cay Airport,,
UGT,ZMBR,Bulagtai Airport,,
DAZ,OADZ,Darwaz Airport,,
GXX,FKKJ,Yagoua Airport,,
WBM,AYWD,Wapenamanda Airport,,
EBN,,Ebadon Airstrip,,
AXX,KAXX,Angel Fire Airport,,
FOA,,Foula Airfield,,
OZH,UKDE,Zaporizhzhia International Airport,,
BEO,YLMQ,Lake Macquarie Airport,Belmont Airport,
TBI,MYCB,New Bight Airport,,
GRJ,FAGG,George Airport,,
KKX,RJKI,Kikai Airport,Kikaiga Shima Airport,
CNQ,SARC,Doctor Fernando Piragine Niveyro International Airport,,
YZY,ZLZY,Zhangye Ganzhou Airport,,
PAR,,metropolitan area1,,
YUD,CYMU,Umiujaq Airport,,
BJX,MMLO,Del Bajío International Airport,Guanajuato Int'l Airport,
NKM,RJNA,Nagoya Airfield,Komaki Airport,
SSO,SNLO,São Lourenço Airport,,
NKY,FCBY,Yokangassi Airport,,
YUE,YYND,Yuendumu Airport,,
PSE,TJPS,Mercedita Airport,,
KSJ,LGKS,Kasos Island Public Airport,,
IGA,MYIG,Inagua Airport,Matthew Town Airport,
ERD,UKDB,Berdiansk Airport,,
TKC,FKKC,Tiko Airport,,
RJA,VORY,Rajahmundry Airport,,
CKK,KCVK,Sharp County Regional Airport,,FAA: CVK
SYI,KSYI,Shelbyville Municipal Airport,Bomar Field,
AFK,,Kondavattavan Tank Seaplane Base,,
SSA,SBSV,Deputado Luís Eduardo Magalhães International Airport,,
CLV,SWKN,Caldas Novas Airport,,
YMO,CYMO,Moosonee Airport,,
OER,ESNO,Örnsköldsvik Airport,,
RWF,KRWF,Redwood Falls Municipal Airport,,
CVT,EGBE,Coventry Airport,,
EGC,LFBE,Bergerac Dordogne Périgord Airport,,
IHR,OIZI,Iranshahr Airport,,
PZK,NCPK,Pukapuka Island Airport,,
IFH,OIFE,Hesa Air Base,,
DEA,OPDG,Dera Ghazi Khan International Airport,,
URE,EEKE,Kuressaare Airport,,
SRI,WALS,Temindung Airport,,
PDO,WIPQ,Pendopo Airport,,
GAE,DTTG,Gabès – Matmata International Airport,,
MQL,YMIA,Mildura Airport,,
MPM,FQMA,Maputo International Airport,,
HEH,VYHH,Heho Airport,,
KPM,AYAQ,Kompiam Airport,,
SPG,KSPG,Albert Whitted Airport,,
GAH,YGAY,Gayndah Airport,,
HSN,ZSZS,Zhoushan Putuoshan Airport,,
YZX,CYZX,CFB Greenwood,,
YGK,CYGK,Kingston/Norman Rogers Airport,,
MOK,UNTM,Muynak Airport,,
PMI,LEPA,Palma de Mallorca Airport,,
GES,RPMR,General Santos International Airport,Tambler Airport,
NQT,EGBN,Nottingham Airport,,
MOI,NCMR,Mitiaro Airport,Nukuroa Airport,
TBO,HTTB,Tabora Airport,,
KBB,,Kirkimbie Airport,,
LPM,NVSL,Malekoula Airport,Lamap Airport,
LSX,WITL,Lhok Sukon Airport,,
GDL,MMGL,Guadalajara International Airport,Miguel Hidalgo y Costilla Int'l,
UKG,UEBT,Ust-Kuyga Airport,,
BAZ,SWBC,Barcelos Airport,,
JUI,EDWJ,Juist Airport,,
YQS,CYQS,St. Thomas Municipal Airport,,
JNB,FAOR,O. R. Tambo International Airport,,
SOO,ESNY,Söderhamn Airport,Helsinge Airport,
KTH,,Tikchik Lodge Seaplane Base,,FAA: AK56
FIG,GUFA,Fria Airport,,
RAX,AYYO,Oram Airport,,
ATD,AGAT,Uru Harbour Airport,,
YAA,,Anahim Lake Airport,,TC: CAJ4
MAI,FWMG,Mangochi Airport,,
TAH,NVVW,Whitegrass Airport,,
AIW,,Ai-Ais Airport,,
SPJ,LGSP,Sparti Airport,,
TAU,,Tauramena Airport,,
YUA,ZPYM,Yuanmou Air Base,,
KMS,DGSI,Kumasi Airport,,
AJN,FMCV,Ouani Airport,,
NDL,FEFN,N'Délé Airport,,
ISQ,KISQ,Schoolcraft County Airport,,
TJM,USTR,Roshchino International Airport,,
MII,SBML,Frank Miloye Milenkowichi–Marília State Airport,,
UPG,WAAA,Sultan Hasanuddin International Airport,,
NTX,WION,Ranai Airport,,
TSI,,Tsile Tsile Airport,,
CNT,,Charata Airport,,
RHN,FYSA,Skorpion Mine Airport,,
HSB,KHSB,Harrisburg-Raleigh Airport,,
YSC,CYSC,Sherbrooke Airport,,
KXF,NFNO,Koro Airport,,
NSN,NZNS,Nelson Airport,,
TPR,YTMP,Tom Price Airport,,
KKP,YKLB,Koolburra Airport,,
TEB,KTEB,Teterboro Airport,,
TKD,DGTK,Takoradi Airport,,
MLQ,,Malalaua Airport,,
TKR,VGSG,Thakurgaon Airport,,
YMS,SPMS,Moisés Benzaquén Rengifo Airport,,
BNO,KBNO,Burns Municipal Airport,,
IMM,KIMM,Immokalee Regional Airport,,
NDA,WAPC,Bandanaira Airport,,
CBE,KCBE,Greater Cumberland Regional Airport,,
BLN,YBLA,Benalla Airport,,
DUG,KDUG,Bisbee Douglas International Airport,,
SUZ,,Suria Airport,,
CAV,FNCZ,Cazombo Airport,,
KOQ,EDCK,Köthen Airport,,
MHX,NCMH,Manihiki Island Airport,,
CCL,YCCA,Chinchilla Airport,,
AUQ,NTMN,Atuona Airport,,
JWN,OITZ,Zanjan Airport,,
KYF,YYLR,Yeelirrie Airport,,
PQS,,Pilot Station Airport,,FAA: 0AK
GRX,LEGR,Federico García Lorca Airport,Granada Jaén Airport,
ANY,KANY,Anthony Municipal Airport,,
KKW,FZCA,Kikwit Airport,,
AIF,SNAX,Assis Airport,,former ICAO: SBAS
MFB,,Monfort Airport,,
SUQ,SESC,Sucúa Airport,,
PHS,VTPP,Phitsanulok Airport,,
BWF,EGNL,Barrow/Walney Island Airport,,
NKD,,Sinak Airport,,
EDW,KEDW,Edwards Air Force Base,,
BZL,VGBR,Barisal Airport,,
TEY,BITE,Thingeyri Airport,,
ONT,KONT,Ontario International Airport,,
SYP,MPSA,Ruben Cantu Airport,,
KPI,WBGP,Kapit Airport,,
GMU,KGMU,Greenville Downtown Airport,,
CYW,MMCY,Captain Rogelio Castillo National Airport,,
TUT,,Tauta Airport,,
ALT,,Alenquer Airport,,
BDY,,Bandon State Airport,,FAA: S05
SHY,HTSY,Shinyanga Airport,,
IGE,FOOI,Tchongorove Airport,,
WBK,,West Branch Community Airport,,FAA: Y31
YSQ,ZYSQ,Songyuan Chaganhu Airport,,
OCE,KOXB,Ocean City Municipal Airport,,
MIA,KMIA,Miami International Airport,,
OAZ,OAZI,Camp Bastion Air Base,,
CBP,LPCO,Coimbra Airport,,
PNE,KPNE,Northeast Philadelphia Airport,,
YHN,CYHN,Hornepayne Municipal Airport,,
WTT,,Wantoat Airport,,
OYK,SBOI,Oiapoque Airport,,
MJV,LELC,Murcia–San Javier Airport,,
PCM,,Playa del Carmen Airport,,
EKI,KEKM,Elkhart Municipal Airport,,FAA: EKM
DBB,HEAL,Al Alamain International Airport,,
OSA,,metropolitan area1,,
PAH,KPAH,Barkley Regional Airport,,
ABZ,EGPD,Aberdeen Airport,,
LOW,KLKU,Louisa County Airport,Freeman Field,FAA: LKU
KEU,HKKE,Keekorok Airport,,
HCN,RCKW,Hengchun Airport,,
SFS,RPLB,Subic Bay International Airport,,
ZHA,ZGZJ,Zhanjiang Wuchuan Airport,,
ZNU,,Namu Water Aerodrome,,
BTS,LZIB,M. R. Štefánik Airport,,
SBP,KSBP,San Luis Obispo County Regional Airport,McChesney Field,
BTY,KBTY,Beatty Airport,,
ARZ,FNZE,N'zeto Airport,,
LJA,FZVA,Lodja Airport,,
KZI,LGKZ,Kozani National Airport,Filippos Airport,
GCH,OIAH,Gachsaran Airport,,
KPF,AYDL,Kondubol Airport,,
BJP,SBBP,Arthur Siqueira–Bragança Paulista State Airport,,
TDD,SLTR,Teniente Jorge Henrich Arauz Airport,,
DNO,SWDN,Dianópolis Airport,,
NWH,,Parlin Field,,FAA: 2B3
WVL,KWVL,Waterville Robert LaFleur Airport,,
CII,LTBD,Aydın Airport,Çıldır Airport,
HSI,KHSI,Hastings Municipal Airport,,
SLM,LESA,Salamanca Airport,,
MOQ,FMMV,Morondava Airport,,
HQL,ZWTK,Tashkurgan Khunjerab Airport,,
HAR,KCXY,Capital City Airport,,FAA: CXY
PEU,MHPL,Puerto Lempira Airport,,
PQM,MMPQ,Palenque International Airport,,
KIZ,,Kikinonda Airport,,
INF,DATG,In Guezzam Airport,,
MGB,YMTG,Mount Gambier Airport,,
BYR,EKLS,Læsø Airport,,
ROW,KROW,Roswell International Air Center,,
LBR,SWLB,Lábrea Airport,,
WYB,,Yes Bay Lodge Seaplane Base,,FAA: 78K
PPG,NSTU,Pago Pago International Airport,,
MKG,KMKG,Muskegon County Airport,,
VRN,LIPX,Verona Villafranca Airport,,
AER,URSS,Sochi International Airport,,
YKY,CYKY,Kindersley Regional Airport,,
DSA,EGCN,Doncaster Sheffield Airport,,
NYO,ESKN,Stockholm Skavsta Airport,,
GLD,KGLD,Goodland Municipal Airport,Renner Field,
MYF,KMYF,Montgomery Field Airport,,
MOS,,Moses Point Airport,,
TJG,WAON,Warukin Airport,,
ANW,KANW,Ainsworth Regional Airport,,
APP,,Asapa Airport,,
JCR,SBEK,Jacareacanga Airport,,
MKJ,FCOM,Makoua Airport,,
PKB,KPKB,Mid-Ohio Valley Regional Airport,,
NMP,,New Moon Airport,,
PTK,KPTK,Oakland County International Airport,,
JHM,PHJH,Kapalua Airport,,
NIT,LFBN,Niort - Souché Airport,,
OKG,,Okoyo Airport,,
POJ,SNPD,Pedro Pereira dos Santos Airport,,
EIY,LLEY,Ein Yahav Airfield,,
YWM,,Williams Harbour Airport,,TC: CCA6
KZO,UAOO,Kyzylorda Airport,,
VCT,KVCT,Victoria Regional Airport,,
JSU,BGMQ,Maniitsoq Airport,,
EFK,KEFK,Newport State Airport,,
RVC,,River Cess Airport,,
JNG,ZLJN,Jining Daan Airport,,
CST,NFCS,Castaway Island Seaplane Base,,
WKJ,RJCW,Wakkanai Airport,,
LHG,YLRD,Lightning Ridge Airport,,
KDB,YKBL,Kambalda Airport,,
KPE,AYYP,Yapsiei Airport,,
MKS,HAMA,Mekane Selam Airport,,
GBU,HSKG,Khashm el Girba Airport,,
KCR,,Colorado Creek Airport,,
REB,EDAX,Rechlin–Lärz Airfield,,
USM,VTSM,Samui Airport,,
TRH,,Trona Airport,,FAA: L72
CIU,KCIU,Chippewa County International Airport,,
SPP,FNME,Menongue Airport,,
KNZ,GAKA,Kéniéba Airport,,
AVI,MUCA,Máximo Gómez Airport,,
HEE,KHEE,Thompson–Robbins Airport,,
OKT,UWUK,Oktyabrsky Airport,,
MOT,KMOT,Minot International Airport,,
QCY,EGXC,RAF Coningsby,,
FMO,EDDG,Münster Osnabrück Airport,,
GRI,KGRI,Central Nebraska Regional Airport,,
PRI,FSPP,Praslin Island Airport,,
SLN,KSLN,Salina Regional Airport,,
AGZ,FAAG,Aggeneys Airport,,
KTI,VDTI,Techo International Airport,,
CSA,,Colonsay Airport,,
FBE,SSFB,Francisco Beltrão Airport,Paulo Abdala Airport,
ZKE,CZKE,Kashechewan Airport,,
RCL,NVSR,Redcliffe Airport,,
MQJ,UEMA,Moma Airport,,
KPV,PAPE,Perryville Airport,,FAA: PEV
AYN,ZHAY,Anyang Airport,,
ISK,VAOZ,Ozar Airport,,
WSO,SMWS,Washabo Airport,,
CNI,ZYCH,Changhai Airport,,
PBI,KPBI,Palm Beach International Airport,,
OKS,KOKS,Garden County Airport,,
EHM,PAEH,Cape Newenham LRRS Airport,,
SHD,KSHD,Shenandoah Valley Regional Airport,,
YIW,ZSYW,Yiwu Airport,,
LOS,DNMM,Murtala Muhammed International Airport,,
VIN,UKWW,Havryshivka Vinnytsia International Airport,,
ESO,,Ohkay Owingeh Airport,,FAA: E14
WIK,NZKE,Waiheke Island Aerodrome,,
MBG,KMBG,Mobridge Municipal Airport,,
NAM,WAPR,Namlea Airport,,
JUT,MHJU,Juticalpa Airport,,
CAT,LPCS,Cascais Municipal Aerodrome,,
YWG,CYWG,Winnipeg James Armstrong Richardson International Airport,,
MIO,KMIO,Miami Municipal Airport,,
MML,KMML,Southwest Minnesota Regional Airport,Marshall/Ryan Field,
JMS,KJMS,Jamestown Regional Airport,,
SHU,YSMP,Smith Point Airport,,
ROL,,Roosevelt Municipal Airport,,
HRL,KHRL,Valley International Airport,,
AIL,,Ailigandí Airport,,
VDS,ENVD,Vadsø Airport,,
SKV,HESC,St. Catherine International Airport,,
UIK,UIBS,Ust-Ilimsk Airport,,
SHA,ZSSS,Shanghai Hongqiao International Airport,,
YYJ,CYYJ,Victoria International Airport,,
RAR,NCRG,Rarotonga International Airport,,
RSI,,Red Sea International Airport,,
GSE,ESGP,Göteborg City Airport,,
YEQ,,Yankisa Airport,,
HET,ZBHH,Hohhot Baita International Airport,,
BAQ,SKBQ,Ernesto Cortissoz International Airport,,
IPT,KIPT,Williamsport Regional Airport,,
RVK,ENRM,"Rørvik Airport, Ryum",,
AKF,HLKF,Kufra Airport,,
BAI,MRBA,Buenos Aires Airport,,
RMQ,RCMQ,Taichung Airport,Taichung Ching Chuan Kang Airport,
YMD,CYMD,Mould Bay Airport,,
UCC,KUCC,Yucca Airstrip,,FAA: NV11
UAH,NTMU,Ua Huka Airport,,
YGE,,Gorge Harbour Water Aerodrome,,
DWH,KDWH,David Wayne Hooks Memorial Airport,,
AZD,OIYY,Shahid Sadooghi Airport,,
GAU,VEGT,Lokpriya Gopinath Bordoloi International Airport,,
TID,DAOB,Abdelhafid Boussouf Bou Chekif Airport,,
BJZ,LEBZ,Badajoz Airport,Talavera la Real Air Base,
COG,SKCD,Mandinga Airport,,
SVG,ENZV,"Stavanger Airport, Sola",,
SXA,,Sialum Airport,,
GWT,EDXW,Sylt Airport,Westerland Airport,
AUW,KAUW,Wausau Downtown Airport,,
TTH,OOTH,RAFO Thumrait,,
ZOF,,Ocean Falls Water Aerodrome,,TC: CAH2
JDF,SBJF,Francisco Álvares de Assis Airport,,
WSD,KWSD,Condron Army Airfield,,
JIC,ZLJC,Jinchang Jinchuan Airport,,
WCR,PALR,Chandalar Lake Airport,,
BMP,YBPI,Brampton Island Airport,,
EAN,KEAN,Phifer Airfield,,
TIZ,AYTA,Tari Airport,,
JAQ,,Jacquinot Bay Airport,,
EWE,,Ewer Airport,,
LMV,,Madivaru Airport,,
ZZE,UBBZ,Zangilan International Airport,,
ROC,KROC,Greater Rochester International Airport,,
PEZ,UWPP,Penza Airport,Ternovka Airport,
KJI,ZWKN,Kanas Airport,,
TBT,SBTT,Tabatinga International Airport,,
PSR,LIBP,Abruzzo Airport,,
SYE,OYSH,Saadah Airport,,
YFG,,Fontanges Airport,,TC: CTU2
BRP,AYBR,Biaru Airport,,
PNS,KPNS,Pensacola International Airport,,
OYL,HKMY,Moyale Airport,,
PPU,VYPP,Papun Airport,,
HAJ,EDDV,Hannover Airport,,
XCR,LFOK,Châlons Vatry Airport,,
LYG,ZSLG,Lianyungang Baitabu Airport,,
WGP,WADW,Mau Hau Airport,Umbu Mehang Kunda Airport,
SQA,KIZA,Santa Ynez Airport,,FAA: IZA
SSK,,Sturt Creek Airport,,
OLA,ENOL,Ørland Airport,,
FBY,KFBY,Fairbury Municipal Airport,,
MRS,LFML,Marseille Provence Airport,,
NSL,KDVP,Slayton Municipal Airport,,FAA: DVP
RIV,KRIV,March Air Reserve Base,,
RAC,KRAC,John H. Batten Airport,,
KAJ,EFKI,Kajaani Airport,,
GAR,AYGI,Garaina Airport,,
PDV,LBPD,Plovdiv Airport,,
NTT,NFTP,Niuatoputapu Airport,,
OSU,KOSU,Ohio State University Airport,,
KAW,VYKT,Kawthaung Airport,,
LCH,KLCH,Lake Charles Regional Airport,,
YTM,CYFJ,Mont Tremblant International Airport,,
ACZ,OIZB,Zabol Airport,,
RGH,VEBG,Balurghat Airport,,
MOU,PAMO,Mountain Village Airport,,
CCH,SCCC,Chile Chico Airfield,,
TIV,LYTV,Tivat Airport,,
OIA,SDOW,Ourilândia do Norte Airport,,
HAA,ENHK,Hasvik Airport,,
DVP,YDPD,Davenport Downs Airport,,
HGA,HCMH,Hargeisa International Airport,Egal Int'l,
LAY,FALY,Ladysmith Airport,,
ANP,KANP,Lee Airport,,
AFI,SKAM,Amalfi Airport,,
VIB,,Villa Constitución Airport,,
ROS,SAAR,Rosario – Islas Malvinas International Airport,,
TRD,ENVA,"Trondheim Airport, Værnes",,
CLU,KBAK,Columbus Municipal Airport,,FAA: BAK
HCJ,ZGHC,Hechi Jinchengjiang Airport,,
CTY,KCTY,Cross City Airport,,
XKS,CYAQ,Kasabonika Airport,,
PEP,,Peppimenarti Airport,,
PLD,MRCR,Carrillo Airport,Playa Samara/Carrillo Airport,
KMO,PAMB,Manokotak Airport,,FAA: MBA
PRB,KPRB,Paso Robles Municipal Airport,,
PDF,SIAJ,Faz Taua Airport,,
TKK,PTKK,Chuuk International Airport,,
KUR,OARZ,Razer Airport,,
MIJ,MLIP,Mili Airport,,FAA: 1Q9
WHL,,Welshpool Airport,,
NFO,NFTO,Niuafo'ou Airport,,
ETE,HAMM,Genda Wuha Airport,,
AQS,,Saqani Airport,,
AAM,FAMD,Mala Mala Airport,,
LIZ,,Loring International Airport,,FAA: ME16
NLC,KNLC,NAS Lemoore,Reeves Field,
EUF,KEUF,Weedon Field,,
DHD,YDRH,Durham Downs Airport,,
GED,KGED,Delaware Coastal Airport,,
SQX,SSOE,Hélio Wasum Airport,,
FSD,KFSD,Sioux Falls Regional Airport,Joe Foss Field,
WMH,KBPK,Ozark Regional Airport,,FAA: BPK
RKU,,Kairuku Airport,,
ALZ,,Alitak Seaplane Base,,
SHI,RORS,Shimojishima Airport,,
BJV,LTFE,Milas–Bodrum Airport,,
YKF,CYKF,Region of Waterloo International Airport,,
CSK,GOGS,Cap Skirring Airport,,
ARB,KARB,Ann Arbor Municipal Airport,,
KIP,KCWC,Kickapoo Downtown Airport,,FAA: CWC
GUM,PGUM,Antonio B. Won Pat International Airport,Guam Int'l,
MYI,YMUI,Murray Island Airport,,
BEN,HLLB,Benina International Airport,,
NTR,MMAN,Del Norte International Airport,,
ORU,SLOR,Juan Mendoza Airport,,
MQY,KMQY,Smyrna Airport,,
HOE,VLHS,Ban Huoeisay Airport,,
SKN,ENSK,"Stokmarknes Airport, Skagen",,
DBR,VE89,Darbhanga Airport,,
YDO,CYDO,Dolbeau-Saint-Félicien Airport,,
WSK,ZUWS,Chongqing Wushan Airport,,
WNH,ZPWS,Wenshan Puzhehei Airport,,
DIS,FCPL,Dolisie Airport,,
VAO,AGGV,Suavanao Airport,,
MAN,EGCC,Manchester Airport,,
POT,MKKJ,Ken Jones Aerodrome,,
WAA,PAIW,Wales Airport,,
YHP,CYHP,Poplar Hill Airport,,
TTL,,Turtle Island Seaplane Base,,
JDA,KGCD,Grant County Regional Airport,Ogilvie Field,FAA: GCD
MNP,,Maron Island Airport,,
MRW,EKMB,Lolland Falster Airport,,
BLV,KBLV,MidAmerica St. Louis Airport/Scott Air Force Base,,
GPL,MRGP,Guápiles Airport,,
EUX,TNCE,F. D. Roosevelt Airport,,
BYP,YBRY,Barimunya Airport,,
TLJ,PATL,Tatalina LRRS Airport,,
MPN,EGYP,RAF Mount Pleasant,,
YNT,ZSYT,Yantai Penglai International Airport,,
ATY,KATY,Watertown Regional Airport,,
GXA,WAOM,Beringin Airport,,
HZK,BIHU,Húsavík Airport,,
KUY,,Kamusi Airport,,
ONQ,LTAS,Zonguldak Airport,,
BCX,UWUB,Beloretsk Airport,,
ABN,SMBN,Albina Airstrip,,
CJH,,Chilko Lake  Aerodrome,Tsylos Park Lodge,TC: CAG3
WPU,SCGZ,Guardiamarina Zañartu Airport,,
MCI,KMCI,Kansas City International Airport,,
OML,,Omkalai Airport,,
BXY,UAOL,Krayniy Airport,,
YNB,OEYN,Yanbu Airport,Yenbo Airport,
UGI,,San Juan  Seaplane Base,Uganik,FAA: WSJ
SKL,EGEI,Broadford Airfield,,
BHB,KBHB,Hancock County-Bar Harbor Airport,,
TYM,MYES,Staniel Cay Airport,,
IPZ,MRSI,San Isidro de El General Airport,,
PGA,KPGA,Page Municipal Airport,,
OVA,FMSL,Bekily Airport,,
CLG,,New Coalinga Municipal Airport,,FAA: C80
RFP,NTTR,Raiatea Airport,Uturoa Airport,
DUK,FADK,Dukuduku Airport,,
PUR,SLPR,Puerto Rico Airport,,
BUB,KBUB,Cram Field,,
KSA,PTSA,Kosrae International Airport,,FAA: TTK
NOV,FNHU,Albano Machado Airport,,
ZJN,CZJN,Swan River Airport,,
INJ,YINJ,Injune Airport,,
HBG,KHBG,Hattiesburg Bobby L. Chain Municipal Airport,,
TRQ,SBTK,José Galera dos Santos Airport,,
RQA,ZWRQ,Ruoqiang Loulan Airport,,
MYZ,FWMY,Monkey Bay Airport,,
BSD,ZPBS,Baoshan Yunduan Airport,,
GLG,YGLE,Glengyle Airport,,
CGF,KCGF,Cuyahoga County Airport,,
BBN,WBGZ,Bario Airport,,
TXR,,Tanbar Airport,,
VLL,LEVD,Valladolid Airport,,
AQY,,Girdwood Airport,,
TLL,EETN,Tallinn Airport,Lennart Meri Tallinn Airport,
MPL,LFMT,Montpellier–Méditerranée Airport,Fréjorgues Airport,
IRI,HTIR,Iringa Airport,Nduli Airport,
PNL,LICG,Pantelleria Airport,,
AAX,SBAX,Araxá Airport,,
GVL,KGVL,Lee Gilmer Memorial Airport,,
TOY,RJNT,Toyama Airport,,
IXM,VOMD,Madurai Airport,,
TLB,OPTA,Tarbela Dam Airport,,
TMZ,NZTH,Thames Aerodrome,,
KGA,FZUA,Kananga Airport,,
YHD,CYHD,Dryden Regional Airport,,
OBE,KOBE,Okeechobee County Airport,,
JVA,FMMK,Ankavandra Airport,,
LGL,WBGF,Long Lellang Airport,,
AID,KAID,Anderson Municipal Airport,Darlington Field,
YZW,CYZW,Teslin Airport,,
MYA,YMRY,Moruya Airport,,
NSH,OINN,Noshahr Airport,,
KLK,HKFG,Kalokol Airport,Fergusons Gulf Airport,
SNW,VYTD,Thandwe Airport,,
CTB,KCTB,Cut Bank Municipal Airport,,
SAI,VDSA,Siem Reap–Angkor International Airport,,
BUO,HCMV,Burao Airport,,
UKB,RJBE,Kobe Airport,,
HSS,VIHR,Hisar Airport,,
GMB,HAGM,Gambela Airport,,
AVL,KAVL,Asheville Regional Airport,,
GUG,AYGF,Guari Airport,,
ALB,KALB,Albany International Airport,,
BKN,UTAN,Balkanabat International Airport,,
DRN,YDBI,Dirranbandi Airport,,
TBP,SPME,Cap. FAP Pedro Canga Rodríguez Airport,,
GOL,,Gold Beach Municipal Airport,,FAA: 4S1
KLE,FKKH,Kaélé Airport,,
SYV,KSYV,Sylvester Airport,,
UZM,,Hope Bay Aerodrome,,TC: CHB3
RAH,OERF,Rafha Domestic Airport,,
TUC,SANT,Teniente General Benjamín Matienzo International Airport,,
MBJ,MKJS,Sangster International Airport,,
DZH,ZUDA,Dazhou Jinya Airport,,
SIW,WIMP,Sibisa Airport,,
HUW,SWHT,Francisco Correa da Cruz Airport,,
CKH,UESO,Chokurdakh Airport,,
IGR,SARI,Cataratas del Iguazú International Airport,,
XTA,KXTA,Homey Airport,,
BJW,WRKB,Bajawa Soa Airport,,
VIU,,Viru Harbour Airport,,
GSU,HSGF,Azaza Airport,,
NAT,SBNT,São Gonçalo do Amarante–Governador Aluízio Alves International Airport,,
VYI,UENW,Vilyuysk Airport,,
LFP,YLFD,Lakefield Airport,,
BWP,AYBI,Bewani Airport,,
DOD,HTDO,Dodoma Airport,,
KEB,,Nanwalek Airport,,
DBS,,Dubois Municipal Airport,,FAA: U41
EAM,OENG,Najran Domestic Airport,,
OUM,,Oum Hadjer Airport,,
KOH,YKLA,Koolatah Airport,,
ODC,,Oakdale Airport,,FAA: O27
CZE,SVCR,José Leonardo Chirino Airport,,
ABM,YNPE,Northern Peninsula Airport,,
SNQ,,San Quintín Military Airstrip,,
DHB,,Deer Harbor Sea Plane Base,,
JBR,KJBR,Jonesboro Municipal Airport,,
LGD,KLGD,La Grande/Union County Airport,,
RTS,YRTI,Rottnest Island Airport,,
YHA,,Port Hope Simpson Airport,,TC: CCP4
BRN,LSZB,Bern Airport,,
PYH,SVPA,Cacique Aramare Airport,,
GOC,AYGX,Gora Airport,,
WLO,YWTL,Waterloo Airport,,
INO,FZBA,Inongo Airport,,
ZYL,VGSY,Osmani International Airport,,
MMD,ROMD,Minami-Daito Airport,,
CHZ,,Chiloquin State Airport,,FAA: 2S7
MJK,YSHK,Shark Bay Airport,,
TCK,,Tinboli Airport,,
CPX,TJCP,Benjamín Rivera Noriega Airport,,
CZF,PACZ,Cape Romanzof LRRS Airport,,
PFC,KPFC,Pacific City State Airport,,
ISM,KISM,Kissimmee Gateway Airport,,
BXP,EPBP,Biała Podlaska Airport,,
YTA,CYTA,Pembroke Airport,,
GLR,KGLR,Gaylord Regional Airport,,
HCC,,Columbia County Airport,,FAA: 1B1
YTD,CZLQ,Thicket Portage Airport,,
AYU,AYAY,Aiyura Airport,,
GYS,ZUGU,Guangyuan Panlong Airport,,
MMN,,Minute Man Air Field,,FAA: 6B6
GGJ,SSGY,Guaíra Airport,,
ANC,PANC,Ted Stevens Anchorage International Airport,,
URN,OAOG,Urgun Airport,,
YFX,,St. Lewis  Airport,Fox Harbour,TC: CCK4
FFL,KFFL,Fairfield Municipal Airport,,
NNU,SNNU,Nanuque Airport,,
IOA,LGIO,Ioannina National Airport,,
OTL,GQNB,Boutilimit Airport,,
XRR,CYDM,Ross River Airport,,
JQA,BGUQ,Qaarsut Airport,Uummannaq/Qaarsut Airport,
CHJ,FVCH,Chipinge Airport,,
CUF,LIMZ,Cuneo International Airport,,
WIC,EGPC,Wick Airport,,
HOX,VYHL,Homalin Airport,,
PFJ,BIPA,Patreksfjörður Airport,,
AYW,WASA,Ayawasi Airport,,
ABE,KABE,Lehigh Valley International Airport,,
RVN,EFRO,Rovaniemi Airport,,
DCG,,Dubai Creek Seaplane Base,,
RDA,YRKD,Rockhampton Downs Airport,,
RBB,SWBR,Borba Airport,,
TNF,LFPN,Toussus-le-Noble Airport,,
TZM,,Cupul National Airport,,
MIR,DTMB,Monastir Habib Bourguiba International Airport,,
RJK,LDRI,Rijeka Airport,,
ORP,FBOR,Orapa Airport,,
NRA,YNAR,Narrandera Airport,,
YHC,,Hakai Passage Water Aerodrome,,
EOZ,SVEZ,Elorza Airport,,
LIB,,Limbunya Airport,,
YQJ,,April Point Water Aerodrome,,
JDN,KJDN,Jordan Airport,,
ZDY,OMDL,Dalma Airport,,
AZA,KIWA,Phoenix–Mesa Gateway Airport,,FAA: IWA
SPR,MZSP,John Greif II Airport,,
BHF,SKCP,Bahía Cupica Airport,,
GAW,VYGG,Gangaw Airport,,
MJM,FZWA,Mbuji Mayi Airport,,
TEZ,VETZ,Tezpur Airport,,
TGJ,NWWA,Tiga Airport,,
WGY,,Wagny Airport,,
SLQ,PASL,Sleetmute Airport,,
WED,,Wedau Airport,,
CKV,KCKV,Clarksville–Montgomery County Regional Airport,Outlaw Field,
TEA,MHTE,Tela Airport,,
KVR,,Kavalerovo Airport,,
KEP,VNNG,Nepalgunj Airport,,
IGD,LTCT,Iğdır Airport,,
EST,KEST,Estherville Municipal Airport,,
VIL,GMMH,Dakhla Airport,,
DAG,KDAG,Barstow-Daggett Airport,,
GAI,KGAI,Montgomery County Airpark,,
ADP,VCCG,Ampara Airport,,
MEG,FNMA,Malanje Airport,,
PAV,SBUF,Paulo Afonso Airport,,
KQA,PAUT,Akutan Airport,,
OMS,UNOO,Omsk Tsentralny Airport,,
GUA,MGGT,La Aurora International Airport,,
WYE,GFYE,Yengema Airport,,
CXQ,YCRK,Christmas Creek Airport,,
WDG,KWDG,Enid Woodring Regional Airport,,
TLQ,ZWTP,Turpan Jiaohe Airport,,
BSA,HCMF,Bender Qassim International Airport,,
EMO,AYEO,Emo Airport,,
LOK,HKLO,Lodwar Airport,,
UNR,ZMUH,Öndörkhaan Airport,,
MGS,NCMG,Mangaia Airport,,
TNS,,Tungsten  Airport,Cantung,TC: CBX5
ZMD,SWSN,Sena Madureira Airport,,
GUZ,SNGA,Guarapari Airport,,
LLE,FAMN,Malelane Airport,,
CXY,MYCC,Cat Cay Airport,,
TRJ,AYTT,Tarakbits Airport,,
NFL,KNFL,NAS Fallon,Van Voorhis Field,
PON,MGPP,Poptún Airport,,
MFE,KMFE,McAllen Miller International Airport,,
USJ,UAAL,Usharal Airport,,
FZL,UBBF,Fuzuli International Airport,,
WGC,VOWA,Warangal Airport,,
YLT,CYLT,Alert Airport,,
LQK,KLQK,Pickens County Airport,,
AJF,OESK,Al-Jawf Domestic Airport,,
PAX,MTPX,Port-de-Paix Airport,,
ONJ,RJSR,Odate–Noshiro Airport,,
OKB,YORC,Orchid Beach Airport,,
BKI,WBKK,Kota Kinabalu International Airport,,
CIM,SKCM,Cimitarra Airport,,
CPN,,Cape Rodney Airport,,
RDV,,Red Devil Airport,,
EKS,UHSK,Shakhtyorsk Airport,,
GDZ,URKG,Gelendzhik Airport,,
YKG,CYAS,Kangirsuk Airport,,
YYG,CYYG,Charlottetown Airport,,
BLD,,Boulder City Municipal Airport,,FAA: 61B
GUC,KGUC,Gunnison–Crested Butte Regional Airport,,
TUG,RPUT,Tuguegarao Airport,,
MDC,WAMM,Sam Ratulangi International Airport,,
GFE,,Grenfell Airport,,
HAI,KHAI,Three Rivers Municipal Airport,Dr. Haines Flying Field,
SSV,,Siasi Airport,,
CYP,RPVC,Calbayog Airport,,
URG,SBUG,Rubem Berta International Airport,,
SYA,PASY,Eareckson Air Station,,
MMA,,metropolitan area2,,
TSL,MMTN,Tamuín National Airport,,
DIN,VVDB,Dien Bien Phu Airport,,
YPW,CYPW,Powell River Airport,,
FAK,,False Island Seaplane Base,,FAA: 2Z6
UIQ,NVVQ,Quoin Hill Airfield,,
USQ,LTBO,Uşak Airport,,
PHI,SNYE,Pinheiro Airport,,
IPH,WMKI,Sultan Azlan Shah Airport,,
KRD,,Kurundi Airport,,
SBR,YSII,Saibai Island Airport,,
SLP,MMSP,Ponciano Arriaga International Airport,,
ASA,HHSB,Assab International Airport,,
AHS,MHAH,Ahuas Airport,,
ROR,PTRO,Roman Tmetuchl International Airport,,
ESP,,Stroudsburg–Pocono Airport,,FAA: N53
MIB,KMIB,Minot Air Force Base,,
FIK,YFNE,Finke Airport,,
TSB,FYTM,Tsumeb Airport,,
MOV,YMRB,Moranbah Airport,,
ION,FCOI,Impfondo Airport,,
CMW,MUCM,Ignacio Agramonte International Airport,,
OSW,UWOR,Orsk Airport,,
OMC,RPVO,Ormoc Airport,,
USO,,Usino Airport,,
MRF,KMRF,Marfa Municipal Airport,,
BYU,EDQD,Bindlacher Berg Airport,,
ZBL,,Biloela Airport,,
LOY,HKLY,Loiyangalani Airport,,
YAH,CYAH,La Grande-4 Airport,,
PCB,WIHP,Pondok Cabe Airport,,
ZUC,CZUC,Ignace Municipal Airport,,
DAD,VVDN,Da Nang International Airport,,
OME,PAOM,Nome Airport,,
JSK,OIZJ,Jask Airport,,
KRB,YKMB,Karumba Airport,,
NWT,,Nowata Airport,,
MWV,VDMK,Mondulkiri Airport,,
PUL,,Port of Poulsbo Marina Moorage Seaplane Base,,FAA: 83Q
NLT,ZWNL,Xinyuan Nalati Airport,,
DJU,BIDV,Djúpivogur Airport,,
TCH,FOOT,Tchibanga Airport,,
WFI,FMSF,Fianarantsoa Airport,,
KDV,NFKD,Vunisea Airport,,
COY,YCWY,Coolawanyah Station Airport,,
LWS,KLWS,Lewiston–Nez Perce County Airport,,
LKR,,Las Khorey Airport,,
LWE,WATW,Wonopito Airport,,
KMF,AYKD,Kamina Airport,,
EGO,UUOB,Belgorod International Airport,,
AOD,,Abou-Deïa Airport,,
CRI,MYCI,Colonel Hill Airport,Crooked Island Airport,
GVP,YGNV,Greenvale Airport,,
PSL,EGPT,Perth Airport,Scone Airport,
CBV,MGCB,Cobán Airport,,
PTB,KPTB,Dinwiddie County Airport,,
ENY,ZLYA,Yan'an Nanniwan Airport,,
KRI,AYKK,Kikori Airport,,
TRZ,VOTR,Tiruchirappalli International Airport,,
RME,KRME,Griffiss International Airport,,
MGY,KMGY,Dayton–Wright Brothers Airport,,
ISN,KISN,Sloulin Field International Airport,,
NEU,VLSN,Nathong Airport,,
RSJ,,Rosario Seaplane Base,,FAA: W49
HSP,KHSP,Ingalls Field,,
BOM,VABB,Chhatrapati Shivaji International Airport,,
SVX,USSS,Koltsovo International Airport,,
LUA,VNLK,Tenzing-Hillary Airport,,
SXM,TNCM,Princess Juliana International Airport,,
ZBR,OIZC,Konarak Airport,,
YAL,CYAL,Alert Bay Airport,,
KOZ,,Ouzinkie Airport,,FAA: 4K5
TOE,DTTZ,Tozeur–Nefta International Airport,,
AKX,UATT,Aktobe Airport,,
UGL,SCGC,Union Glacier Blue-Ice Runway,,
STZ,SWST,Santa Terezinha Airport,,
TGM,LRTM,Târgu Mureș International Airport,,
MLX,LTAT,Malatya Erhaç Airport,,
GTO,WAMG,Jalaluddin Airport,,
MGV,YMGR,Margaret River Station Airport,,
AIP,VIAX,Adampur Airport,,
SJA,SPJN,San Juan de Marcona Airport,,
YHZ,CYHZ,Halifax Stanfield International Airport,,
SQZ,EGXP,RAF Scampton,,
RFR,MRRF,Río Frío Airport,,
ZEG,,Senggo Airport,,
NRK,ESSP,Norrköping Airport,,
AMJ,SNAR,Almenara Airport,,
XBR,,Brockville Regional Tackaberry Airport,,TC: CNL3
YPR,CYPR,Prince Rupert Airport,,
WVB,FYWB,Walvis Bay Airport,,
DLY,NVVD,Dillon's Bay Airport,,
YJN,CYJN,Saint-Jean Airport,,
KDQ,AYTO,Kamberatoro Airport,,
CBZ,,Binzhou Dagao General Airport,,
WAE,OEWD,Wadi al-Dawasir Domestic Airport,,
TLE,FMST,Toliara Airport,,
KCZ,RJOK,Kōchi Ryōma Airport,,
KWN,PAQH,Quinhagak Airport,,FAA: AQH
ZTA,NTGY,Tureia Airport,,
WSP,MNWP,Waspam Airport,,
MKK,PHMK,Molokai Airport,,
ASB,UTAA,Ashgabat International Airport,,
BMT,KBMT,Beaumont Municipal Airport,,
HRM,DAFH,Hassi R'Mel Airport,Tilrempt Airport,
JAU,SPJJ,Francisco Carle Airport,,
TTX,YTST,Truscott-Mungalalu Airport,,
HOB,KHOB,Lea County Regional Airport,,
HOG,MUHG,Frank País Airport,,
BAK,,metropolitan area2,,
VHM,ESNV,Vilhelmina Airport,,
DTN,KDTN,Shreveport Downtown Airport,,
KGT,ZUKD,Kangding Airport,,
DQA,ZYDQ,Daqing Sartu Airport,,
RIY,OYRN,Riyan Airport,,
SYT,LFLN,Saint-Yan Airport,Charolais Bourgogne Sud Airport,
WHD,,Hyder Seaplane Base,,FAA: 4Z7
IAA,UOII,Igarka Airport,,
VLY,EGOV,Anglesey Airport/RAF Valley,,
CAX,EGNC,Carlisle Lake District Airport,,
NHA,VVNT,Nha Trang Air Base,,
RCA,KRCA,Ellsworth Air Force Base,,
LKN,ENLK,Leknes Airport,,
DRU,,Drummond Airport,,FAA: M26
TNA,ZSJN,Jinan Yaoqiang International Airport,,
OLO,LKOL,Olomouc Airport,Neředín Airport,
GAF,DTTF,Gafsa – Ksar International Airport,,
EPS,MDAB,Arroyo Barril Airport,,
RIL,KRIL,Garfield County Regional Airport,,
TCF,,Tocoa Airport,,
CCR,KCCR,Buchanan Field Airport,,
BWM,KBPP,Bowman Municipal Airport,,FAA: BPP
WTP,AYWT,Woitape Airport,,
TMG,WBKM,Tommanggong Airport,,
LIW,VYLK,Loikaw Airport,,
NSK,UOOO,Alykel Airport,,
FAR,KFAR,Hector International Airport,,
KBC,,Birch Creek Airport,,FAA: Z91
SAK,BIKR,Sauðárkrókur Airport,,
SWL,RPSV,San Vicente Airport,,
MHH,MYAM,Marsh Harbour Airport,,
LLJ,WIPB,Silampari Airport,,
GRD,KGRD,Greenwood County Airport,,
BHA,SESV,Los Perales Airport,,
VLS,NVSV,Valesdir Airport,,
BDX,,Broadus Airport,,
HAN,VVNB,Noi Bai International Airport,,
PIC,MBPI,Pine Cay Airport,,
MCV,YMHU,McArthur River Mine Airport,,
NDS,YSAN,Sandstone Airport,,
YOT,LLYT,Yotvata Airfield,,
RCS,EGTO,Rochester Airport,,
KXA,,Kasaan Seaplane Base,,
MXC,,Monticello Airport,,FAA: U43
TCS,KTCS,Truth or Consequences Municipal Airport,,
SBU,FASB,Springbok Airport,,
BHJ,VABJ,Bhuj Airport/Bhuj Rudra Mata Air Force Base,,
GDT,MBGT,JAGS McCartney International Airport,Grand Turk Int'l,
SYZ,OISS,Shiraz International Airport,Shahid Dastghaib Int'l,
TWC,,Tumxuk Tangwangcheng Airport,,
GIF,KGIF,Winter Haven's Gilbert Airport,,
BGQ,PAGQ,Big Lake Airport,,
LNF,,Munbil Airport,,
WVN,EDWI,JadeWeserAirport,,
YWL,CYWL,Williams Lake Airport,,
VGO,LEVX,Vigo–Peinador Airport,,
KXU,NTKT,Katiu Airport,,
NPE,NZNR,Hawke's Bay Airport,,
CTN,YCKN,Cooktown Airport,,
PGF,LFMP,Perpignan–Rivesaltes Airport,,
SFU,,Safia Airport,,
YER,CYER,Fort Severn Airport,,
VAD,KVAD,Moody Air Force Base,,
MLK,,Malta Airport,,FAA: M75
BNU,SSBL,Blumenau Airport,,
TZX,LTCG,Trabzon Airport,,
IDB,ESUE,Idre Airport,,
KTJ,,Kichwa Tembo Airport,,
YVC,CYVC,La Ronge  Airport,Barber Field,
KKN,ENKR,"Kirkenes Airport, Høybuktmoen",,
MQQ,FTTD,Moundou Airport,,
CPL,SKHA,General Navas Pardo Airport,,
GNV,KGNV,Gainesville Regional Airport,,
LSL,MRLC,Los Chiles Airport,,
OOA,KOOA,Oskaloosa Municipal Airport,,
FOD,KFOD,Fort Dodge Regional Airport,,
UOS,KUOS,Franklin County Airport,,
QBC,CYBD,Bella Coola Airport,,
MWJ,SYMR,Matthews Ridge Airport,,
ITM,RJOO,Osaka International Airport,Itami Int'l,
MAY,MYAB,Clarence A. Bain Airport,,
SNF,SVSP,Sub Teniente Nestor Arias Airport,,
CRR,SANW,Ceres Airport,,
NRB,KNRB,NS Mayport,Admiral David L. McDonald Field,
NHZ,KBXM,Brunswick Executive Airport,,
UST,KSGJ,Northeast Florida Regional Airport,,FAA: SGJ
FSK,KFSK,Fort Scott Municipal Airport,,
TNQ,,Teraina Airport,,
KDM,VRMT,Kaadedhdhoo Airport,,
SEV,,Severodonetsk Airport,,
YGB,CYGB,Texada/Gillies Bay Airport,,
DCY,ZUDC,Daocheng Yading Airport,,
DRY,YDRD,Drysdale River Airport,,
IWS,KIWS,West Houston Airport,,
KVA,LGKV,Kavala International Airport,Alexander the Great Airport,
OIT,RJFO,Oita Airport,,
KJP,ROKR,Kerama Airport,,
PLI,,Palm Island Airport,,
PGK,WIPK,Depati Amir Airport,,
SWN,OPSW,Sahiwal Airport,,
BBJ,EDRB,Bitburg Airport,former Bitburg Air Base,
PCQ,,Boun Neua Airport,,
CNE,,Fremont County Airport,,FAA: 1V6
EPR,YESP,Esperance Airport,,
GGM,HKKG,Kakamega Airport,,
TMF,VRNT,Thimarafushi Airport,,
NRT,RJAA,Narita International Airport,,
CVB,AYCB,Chungrebu Airport,,
CGV,YCAG,Caiguna Airport,,
TNV,,Tabuaeran Island Airport,,
BKJ,GUOK,Boké Baralande Airport,,
SSW,,Stuart Island Airpark,,FAA: 7WA5
LMQ,HLMB,Marsa Brega Airport,,
SXS,WBKH,Sahabat Airport,,
DDN,YDLT,Delta Downs Airport,,
CGT,,Chinguetti Airport,,
GBZ,NZGB,Great Barrier Aerodrome,,
GDI,,Gordil Airport,,
CUX,,Cuddihy Field,,FAA: 07TE
SUV,NFNA,Nausori International Airport,,
DBA,OPDB,Dalbandin Airport,,
SZF,LTFH,Samsun-Çarşamba Airport,,
LIQ,FZGA,Lisala Airport,,
NLV,UKON,Mykolaiv International Airport,,
CVC,YCEE,Cleve Airport,,
YEU,CYEU,Eureka Aerodrome,,
BXJ,UAAR,Boraldai Airport,,
FSU,KFSU,Fort Sumner Municipal Airport,,
YFA,CYFA,Fort Albany Airport,,
MDB,MZML,Melinda Airport,,
NUQ,KNUQ,Moffett Federal Airfield,,
THN,ESGT,Trollhättan–Vänersborg Airport,,
WLS,NLWW,Hihifo Airport,,
BHU,VABV,Bhavnagar Airport,,
TGT,HTTG,Tanga Airport,,
ELF,HSFS,El Fasher Airport,,
NAQ,BGQQ,Qaanaaq Airport,,
MTJ,KMTJ,Montrose Regional Airport,,
KNF,EGYM,RAF Marham,,
BUZ,OIBB,Bushehr Airport,,
STP,KSTP,St. Paul Downtown Airport,Holman Field,
EME,EDWE,Emden Airport,,
ZHP,CZHP,High Prairie Airport,,
AII,HDAS,Ali-Sabieh Airport,,
GHC,MYBG,Great Harbour Cay Airport,,
ABB,DNAS,Asaba International Airport,,
KDT,VTBK,Kamphaeng Saen Airport,,
CWB,SBCT,Afonso Pena International Airport,,
ABF,NGAB,Abaiang Atoll Airport,,
ISI,YISF,Isisford Airport,,
SVY,,Savo Airport,,
EIH,,Einasleigh Airport,,
SFM,KSFM,Sanford Seacoast Regional Airport,,
XPR,KIEN,Pine Ridge Airport,,FAA: IEN
VKS,KVKS,Vicksburg Municipal Airport,,
SPB,,Charlotte Amalie Harbor Seaplane Base,St. Thomas Seaplane Base,FAA: VI22
OXD,KOXD,Miami University Airport,,
BBB,KBBB,Benson Municipal Airport,,
SIZ,AYZN,Sissano Airport,,
LNU,WALM,Robert Atty Bessing Airport,,
VNE,LFRV,Meucon Airport,,
GNM,SNGI,Guanambi Airport,,
YMU,,Mansons Landing Water Aerodrome,,TC: CAV7
TJK,LTAW,Tokat Airport,,
FAC,NTKF,Faaite Airport,,
ORF,KORF,Norfolk International Airport,,
NAC,YNRC,Naracoorte Airport,,
HLV,,Helenvale Airport,,
OGS,KOGS,Ogdensburg International Airport,,
TOS,ENTC,"Tromsø Airport, Langnes",,
SEK,UESK,Srednekolymsk Airport,,
ETR,SERO,Santa Rosa International Airport,,
FUG,ZSFY,Fuyang Xiguan Airport,,
WIU,,Witu Airport,,
SCK,KSCK,Stockton Metropolitan Airport,,
PHW,FAPH,Hendrik Van Eck Airport,,
ONI,WABD,Moanamani Airport,,
BFR,KBFR,Virgil I. Grissom Municipal Airport,,
CIY,LICB,Comiso Airport,,
CCV,NVSF,Craig Cove Airport,,
LUB,SYLP,Lumid Pau Airport,,
RCB,FARB,Richards Bay Airport,,
RKR,KRKR,Robert S. Kerr Airport,,
RNM,OOGB,Qarn Alam Airport,,
DRV,VRMD,Dharavandhoo Airport,,
AUY,NVVA,Anatom Airport,,
BFL,KBFL,Meadows Field Airport,,
SRR,,Dunwich Airport,,
OBO,RJCB,Tokachi–Obihiro Airport,,
GND,TGPY,Maurice Bishop International Airport,,
OEL,UUOR,Oryol Yuzhny Airport,,
RIW,KRIW,Central Wyoming Regional Airport,,
TIN,DAOF,Tindouf Airport,,
PLP,MPLP,Captain Ramon Xatruch Airport,,
ACS,UNKS,Achinsk Airport,,
OSZ,EPKZ,Koszalin-Zegrze Pomorskie Airport,,
BIN,OABN,Bamyan Airport,,
UMM,PAST,Summit Airport,,
STQ,KOYM,St. Marys Municipal Airport,,FAA: OYM
BHY,ZGBH,Beihai Fucheng Airport,,
LPJ,SVAS,Armando Schwarck Airport,,
ISD,,Iscuande Airport,,
LNJ,ZPLC,Lincang Airport,,
LIG,LFBL,Limoges – Bellegarde Airport,,
PBR,MGPB,Puerto Barrios Airport,,
MSH,OOMA,Masirah Air Base,,
URU,,Uroubi Airport,,
OZZ,GMMZ,Ouarzazate Airport,,
TES,HHTS,Teseney Airport,,
BNN,ENBN,"Brønnøysund Airport, Brønnøy",,
UFA,UWUU,Ufa International Airport,,
AST,KAST,Astoria Regional Airport,,
SFL,GVSF,São Filipe Airport,,
JZH,ZUJZ,Jiuzhai Huanglong Airport,,
LIF,NWWL,Ouanaham Airport,,
MTE,SNMA,Monte Alegre Airport,,
MZN,,Minj Airport,,
DBO,YSDU,Dubbo Regional Airport,,
KIN,MKJP,Norman Manley International Airport,,
YUS,ZLYS,Yushu Batang Airport,,
LMT,KLMT,Klamath Falls Airport,,
BEQ,EGXH,RAF Honington,,
DMU,VEMR,Dimapur Airport,,
YXY,CYXY,Erik Nielsen Whitehorse International Airport,,
IXT,VEPG,Pasighat Airport,,
LBC,EDHL,Lübeck Airport,,
DFI,KDFI,Defiance Memorial Airport,,
MBS,KMBS,MBS International Airport,,
WFB,,Ketchikan Harbor Seaplane Base,,FAA: 5KE
YQC,CYHA,Quaqtaq Airport,,
WHA,ZSWA,Wuhu Xuanzhou Airport,,
ZBF,CZBF,Bathurst Airport,,
YHE,CYHE,Hope Aerodrome,,
IPU,SNIU,Ipiaú Airport,,
JAG,OPJA,PAF Base Shahbaz,,
OCH,KOCH,A.L. Mangham Jr. Regional Airport,,
MIZ,,Mainoru Airport,,
KRP,EKKA,Karup Airport,,
JDR,SNJR,Prefeito Octávio de Almeida Neves Airport,,
CLT,KCLT,Charlotte Douglas International Airport,,
UAP,NTMP,Ua Pou Airport,,
TUU,OETB,Tabuk Regional Airport,,
ATS,KATS,Artesia Municipal Airport,,
UDA,YUDA,Undara Airport,,
AKT,LCRA,RAF Akrotiri,,
FRN,PAFR,Bryant Army Airport,,
NIS,,Simberi Airport,,
LAE,AYNZ,Lae Nadzab Airport,,
LDK,ESGL,Lidköping-Hovby Airport,,
BZI,LTBF,Balıkesir Airport,Merkez Airport,
QAQ,LIAP,L'Aquila–Preturo Airport,,
YUK,UDCK,Syunik Airport,,
OTA,,Mota Airport,,
CYG,YCRG,Corryong Airport,,
TIB,SKTB,Tibú Airport,,
MQS,TVSM,Mustique Airport,,
THO,BITN,Thorshofn Airport,,
ISU,ORSU,Sulaimaniyah International Airport,,
DEI,FSSD,Denis Island Airport,,
TWF,KTWF,Magic Valley Regional Airport,Joslin Field,
AGL,AYWG,Wanigela Airport,,
LOE,VTUL,Loei Airport,,
HKS,KHKS,Hawkins Field,,
OSO,YOSB,Osborne Mine Airport,,
MHI,HDMO,Moucha Airport,,
ARU,SBAU,Araçatuba Airport,,
JKH,LGHI,Chios Island National Airport,,
CJD,,Candilejas Airport,,
FSZ,RJNS,Shizuoka Airport,Mt. Fuji Shizuoka Airport,
LER,YLST,Leinster Airport,,
IVL,EFIV,Ivalo Airport,,
HGR,KHGR,Hagerstown Regional Airport,Richard A. Henson Field,
KKK,,Kalakaket Creek Air Station,,FAA: 1KC
NVK,ENNK,"Narvik Airport, Framnes",,
ILH,ETIK,Storck Barracks,,
KGU,WBKG,Keningau Airport,,
GYU,ZLGY,Guyuan Liupanshan Airport,,
CNB,YCNM,Coonamble Airport,,
LBT,KLBT,Lumberton Municipal Airport,,
MCH,SEMH,General Manuel Serrano Airport,,
BCB,KBCB,Virginia Tech Montgomery Executive Airport,,
KVE,,Kitava Island Airport,,
YPN,CYPN,Port-Menier Airport,,
DJM,FCBD,Djambala Airport,,
MMW,,Moma Airport,,
PKA,PAPK,Napaskiak Airport,,
IKS,UEST,Tiksi Airport,,
HBH,,Entrance Island Seaplane Base,Hobart Bay,FAA: 2Z1
TLA,PATE,Teller Airport,,FAA: TER
UGB,,Ugashik Bay Airport,,
FLA,SKFL,Gustavo Artunduaga Paredes Airport,,
AOS,,Amook Bay Seaplane Base,,FAA: AK81
HOQ,EDQM,Hof–Plauen Airport,,
YML,CYML,Charlevoix Airport,,
ZIX,UEVV,Zhigansk Airport,,
ACB,KACB,Antrim County Airport,,
NQU,SKNQ,Reyes Murillo Airport,,
CPS,KCPS,St. Louis Downtown Airport,,
KGH,AYJO,Yongai Airport,,
GWV,,Glendale Fokker Field,,FAA: WV66
GRS,LIRS,Grosseto Airport,,
PAF,HUPA,Pakuba Airfield,,
YPH,CYPH,Inukjuak Airport,,
UIB,SKUI,El Caraño Airport,,
KBS,GFBO,Bo Airport,,
DIY,LTCC,Diyarbakır Airport,,
KDH,OAKN,Kandahar International Airport,,
YNN,,Yandicoogina Airport,,
SZZ,EPSC,"""Solidarity"" Szczecin–Goleniów Airport",,
PPQ,NZPP,Kapiti Coast Airport,,
CAD,KCAD,Wexford County Airport,,
GOH,BGGH,Nuuk Airport,,
KDN,FOGE,Ndendé Airport,,
SBN,KSBN,South Bend International Airport,,
FLZ,WIMS,Ferdinand Lumban Tobing Airport,,
DLB,,Dalbertis Airport,,
DNG,,Doongan Airport,,
WSN,PFWS,South Naknek Airport,,
UZC,LYUZ,Užice-Ponikve Airport,,
TBS,UGTB,Tbilisi International Airport,,
ECI,MNLP,Costa Esmeralda Airport,,
FIH,FZAA,N'djili Airport,Kinshasa Int'l Airport,
CPA,GLCP,Cape Palmas Airport,,
RAV,SKCN,Cravo Norte Airport,,
MGU,VYMN,Manaung Airport,,
UKA,HKUK,Ukunda Airport,Diani Airport,
MGX,FOGI,Moabi Airport,,
HSV,KHSV,Huntsville International Airport,Carl T. Jones Field,
LNV,AYKY,Lihir Island Airport,,
LHV,KLHV,William T. Piper Memorial Airport,,
BZV,FCBB,Maya-Maya Airport,,
DUF,,Pine Island Airport,,FAA: 7NC2
PVW,KPVW,Hale County Airport,,
GSP,KGSP,Greenville–Spartanburg International Airport,,
MET,YMOT,Moreton Airport,,
STF,YSTI,Stephens Island Airport,,
TNN,RCNN,Tainan Airport,,
TUO,NZAP,Taupō Airport,,
FUM,,Fuma Airport,,
MXV,ZMMN,Mörön Airport,,
SBK,LFRT,Saint-Brieuc – Armor Airport,,
BWL,KBKN,Blackwell–Tonkawa Municipal Airport,,FAA: BKN
CPG,,Carmen de Patagones Airport,,
RNP,,Rongelap Airport,,
ALQ,SSLT,Alegrete Airport,,
GBV,YGIB,Gibb River Airport,,
YHR,CYHR,Chevery Airport,,
PIT,KPIT,Pittsburgh International Airport,,
GJR,BIGJ,Gjögur Airport,,
MJN,FMNM,Amborovy Airport,Philibert Tsiranana Airport,
JJI,SPJI,Juanjuí Airport,,
OGD,KOGD,Ogden-Hinckley Airport,,
KLS,KKLS,Southwest Washington Regional Airport,,
LNM,,Langimar Airport,,
YBH,CYBH,Bull Harbour Waterdrome,,
SIT,PASI,Sitka Rocky Gutierrez Airport,,
HYA,KHYA,Barnstable Municipal Airport,Boardman/Polando Field,
CZX,ZSCG,Changzhou Benniu Airport,,
AAQ,URKA,Anapa Airport,,
LRL,DXNG,Niamtougou International Airport,,
YYY,CYYY,Mont-Joli Airport,,
OTM,KOTM,Ottumwa Regional Airport,,
TLI,WAMI,Sultan Bantilan Airport,Lalos Airport,
LZO,ZULZ,Luzhou Yunlong Airport,,
COT,KCOT,Cotulla–La Salle County Airport,,
END,KEND,Vance Air Force Base,,
RAN,LIDR,Ravenna Airport,,
DNA,RODN,Kadena Air Base,,
TKU,EFTU,Turku Airport,,
RRI,,Barora Airport,,
ABC,LEAB,Albacete Airport,,
IMN,AYII,Imane Airport,,
UKS,UKFB,Sevastopol International Airport,,
JYR,OIKJ,Jiroft Airport,,
ILI,PAIL,Iliamna Airport,,
WSI,YSWS,Western Sydney Airport,Nancy-Bird Walton Airport,
TTM,,Tablón de Tamará Airport,,
LEP,SNDN,Leopoldina Airport,,
IXD,VIAL,Allahabad Airport,Bamrauli Air Force Base,
ATQ,VIAR,Sri Guru Ram Dass Jee International Airport,,
URB,,Castilho Airport,Urubupunga Airport,
EOH,SKMD,Olaya Herrera Airport,,
WJU,RKNW,Wonju Airport,,
DXN,VIND,Noida International Airport,,
ALK,,Asella Airport,,
GZT,LTAJ,Gaziantep Oğuzeli International Airport,,
MYO,YMYR,Myroodah Airport,,
OYE,FOGO,Oyem Airport,,
CHY,AGGC,Choiseul Bay Airport,,
AVP,KAVP,Wilkes-Barre/Scranton International Airport,,
SZO,,Suzhou City Air Terminal of Shanghai Airport,,
FAY,KFAY,Fayetteville Regional Airport,Grannis Field,
MCP,SBMQ,Alberto Alcolumbre International Airport,,
PTS,KPTS,Atkinson Municipal Airport,,
VCS,VVCS,Con Dao Airport,Cỏ Ống Airport,
SNK,KSNK,Winston Field Airport,,
VUP,SKVP,Alfonso López Pumarejo Airport,,
KHZ,NTKA,Kauehi Aerodrome,,
TKT,VTPT,Tak Airport,,
HNL,PHNL,Honolulu International Airport,,
KMV,VYKL,Kalaymyo Airport,Kalemyo Airport,
BIQ,LFBZ,Biarritz Pays Basque Airport,,
KLD,UUEM,Migalovo Air Base,,
PUP,DFCP,Pô Airport,,
NYG,KNYG,MCAF Quantico,Turner Field,
AVO,KAVO,Avon Park Executive Airport,,
FNJ,ZKPY,Pyongyang Sunan International Airport,,
IOK,,Iokea Airport,,
YZP,CYZP,Sandspit Airport,,
MPC,WIPU,Mukomuko Airport,,
WRW,YWWG,Warrawagine Airport,,
TGA,WSAT,Tengah Air Base,,
BAV,ZBOW,Baotou Airport,,
YNS,CYHH,Nemiscau Airport,,
VUS,ULWU,Veliky Ustyug Airport,,
EOI,EGED,Eday Airport,,
PSU,WIOP,Pangsuma Airport,,
YCY,CYCY,Clyde River Airport,,
AEM,UHTG,Amgu Airport,,
PWL,WICP,Wirasaba Airport,,
DUR,FALE,King Shaka International Airport,,
PLV,UKHP,Poltava Airport,,
HEI,EDXB,Heide–Büsum Airport,,
KDS,,Kamaran Downs Airport,,
PZA,SKPZ,Paz de Ariporo Airport,,
KJT,WICA,Kertajati International Airport,,
NQA,KNQA,Millington Regional Jetport,,
WLA,YWAL,Wallal Airport,,
UGO,FNUG,Uíge Airport,,
ZZA,,Ko Mai Si Airport,,
UAB,LTAG,Incirlik Air Base,,
LCG,LECO,A Coruña Airport,,
AHZ,LFHU,Alpe d'Huez Airport,,
UUA,UWKB,Bugulma Airport,,
AVK,ZMAH,Arvaikheer Airport,,
MEE,NWWR,Maré Airport,,
AFF,KAFF,United States Air Force Academy Airfield,,
BOI,KBOI,Boise Air Terminal,Gowen Field,
MPJ,KMPJ,Petit Jean Park Airport,,
ZAM,RPMZ,Zamboanga International Airport,,
AJJ,GQNJ,Akjoujt Airport,,
LAQ,HLLQ,Al Abraq International Airport,,
KOI,EGPA,Kirkwall Airport,,
KLF,UUBC,Grabtsevo Airport,,
UTW,FAQT,Queenstown Airport,,
LTF,,Leitre Airport,,
PPF,KPPF,Tri-City Airport,,
YIO,CYIO,Pond Inlet Airport,,
VTG,VVVT,Vung Tau Airport,,
NIK,,Niokolo-Koba Airport,,
LAM,KLAM,Los Alamos County Airport,,
QSF,DAAS,Ain Arnat Airport,,
BBD,KBBD,Curtis Field,,
STE,KSTE,Stevens Point Municipal Airport,,
KBY,YKBY,Streaky Bay Airport,,
DEH,KDEH,Decorah Municipal Airport,,
CRT,KCRT,Z. M. Jack Stell Field,,
TVY,VYDW,Dawei Airport,,
MWT,YMWT,Moolawatana Airport,,
HDO,VIDX,Hindon Airport,,
DJB,WIPA,Sultan Thaha Airport,,
VAA,EFVA,Vaasa Airport,,
LFM,OISR,Lamerd Airport,,
LUM,ZPMS,Dehong Mangshi Airport,,
SMI,LGSM,"Samos International Airport""Aristarchos of Samos""",,
SFC,TFFC,Saint-François Airport,,
IXY,VAKE,Kandla Airport,Gandhidham Airport,
ZNA,,Nanaimo Harbour Water Airport,,TC: CAC8
KHG,ZWSH,Kashgar Airport,Kashi Airport,
PGH,VIPT,Pantnagar Airport,,
UKE,VEUK,Utkela Airport,,
SEP,KSEP,Stephenville Clark Regional Airport,,
CTL,YBCV,Charleville Airport,,
PYS,,Paradise Skypark,,FAA: CA92
YSP,CYSP,Marathon Aerodrome,,
IAG,KIAG,Niagara Falls International Airport,,
WBC,,Wapolu Airport,,
FAM,KFAM,Farmington Regional Airport,,
KKH,PADY,Kongiganak Airport,,FAA: DUY
XFN,ZHXF,Xiangyang Liuji Airport,,
CWJ,ZPCW,Cangyuan Washan Airport,,
PAM,KPAM,Tyndall Air Force Base,,
ZCL,MMZC,General Leobardo C. Ruiz International Airport,,
AKS,AGGA,Auki Gwaunaru'u Airport,,
CSN,KCXP,Carson Airport,,FAA: CXP
BXB,WASO,Babo Airport,,
ORH,KORH,Worcester Regional Airport,,
QUG,EGHR,Chichester/Goodwood Airport,,
RUR,NTAR,Rurutu Airport,,
HNM,PHHN,Hana Airport,,
DDM,,Dodoima Airport,,
BVM,SD6P,Belmonte Airport,,
YHS,,Sechelt Aerodrome,,TC: CAP3
EGN,HSGN,Geneina Airport,,
PRN,BKPR,Pristina International Airport Adem Jashari,,
OIR,RJEO,Okushiri Airport,,
CKD,PACJ,Crooked Creek Airport,,FAA: CJX
BQJ,,Batagay Airport,,
GUQ,SVGU,Guanare Airport,,
MUJ,HAMR,Mui Airport,,
PZU,HSPN,Port Sudan New International Airport,,
OYN,YOUY,Ouyen Airport,,
TWU,WBKW,Tawau Airport,,
HEB,VBHD,Hinthada Airport,,
IDP,KIDP,Independence Municipal Airport,,
TTR,WAWT,Pongtiku Airport,,
MNT,,Minto Al Wright Airport,,FAA: 51Z
GEC,,Geçitkale Air Base,,
RCO,LFDN,Rochefort – Saint-Agnant Airport,,
OTT,,Andre Maggi Airport,,
DIL,WPDL,Presidente Nicolau Lobato International Airport,,
PLU,SBBH,Belo Horizonte/Pampulha – Carlos Drummond de Andrade Airport,,
NTJ,,Manti-Ephraim Airport,,FAA: 41U
SOX,SKSO,Alberto Lleras Camargo Airport,,
LND,KLND,Hunt Field,,
SKO,DNSO,Sadiq Abubakar III International Airport,,
KKB,,Kitoi Bay Seaplane Base,,
MWH,KMWH,Grant County International Airport,,
RNU,WBKR,Ranau Airport,,
SCQ,LEST,Santiago de Compostela Airport,,
SML,MYLS,Stella Maris Airport,,
RWL,KRWL,Rawlins Municipal Airport,Harvey Field,
KOC,NWWK,Koumac Airport,,
GGD,YGDS,Gregory Downs Airport,,
OND,FYOA,Ondangwa Airport,,
CXN,HCMC,Candala Airport,,
KLH,VAKP,Kolhapur Airport,,
WML,FMMC,Malaimbandy Airport,,
RBI,NFFR,Rabi Airport,,
MIF,,Roy Hurd Memorial Airport,,FAA: E01
MZC,FOOM,Mitzic Airport,,
SVU,NFNS,Savusavu Airport,,
NMG,,San Miguel Airport,,
GTT,YGTN,Georgetown Airport,,
BDN,OPTH,Talhar Airport,,
LAA,KLAA,Lamar Municipal Airport,,
ICT,KICT,Wichita Dwight D. Eisenhower National Airport,,
KOE,WATT,El Tari Airport,,
UDR,VAUD,Maharana Pratap Airport,,
PMY,SAVY,El Tehuelche Airport,,
RNN,EKRN,Bornholm Airport,,
MBU,AGGI,Mbambanakira Airport,,
OYO,SAZH,Tres Arroyos Airport,,
SDV,LLSD,Sde Dov Airport,,
JDO,SBJU,Juazeiro do Norte Airport,,
MCX,URML,Uytash Airport,,
HFS,ESOH,Hagfors Airport,,
MUG,MMMG,Mulegé Airstrip,,
MDT,KMDT,Harrisburg International Airport,,
KEE,FCOK,Kelle Airport,,
HDG,ZBHD,Handan Airport,,
MSL,KMSL,Northwest Alabama Regional Airport,,
WEI,YBWP,Weipa Airport,,
ZAH,OIZH,Zahedan Airport,,
YOS,CYOS,Billy Bishop Regional Airport,,
OSR,LKMT,Leoš Janáček Airport Ostrava,,
YBA,CYBA,Banff Airport,,
XBN,,Biniguni Airport,,
BTW,WAOC,Batu Licin Airport,,
TCJ,,Torembi Airport,,
KIW,FLSO,Southdowns Airport,,
MTX,PABK,Metro Field,,FAA: MTF
BIK,WABB,Frans Kaisiepo Airport,,
CCC,MUCC,Jardines del Rey Airport,,
HLH,ZBUL,Ulanhot Airport,,
SYM,ZPSM,Pu'er Simao Airport,,
SMX,KSMX,Santa Maria Public Airport,Capt. G. Allan Hancock Field,
UIL,KUIL,Quillayute Airport,,
AGW,,Agnew Airport,,
OPL,KOPL,St. Landry Parish Airport,Ahart Field,
WTA,FMMU,Tambohorano Airport,,
USC,,Union County Airport/Troy Shelton Field,,FAA: 35A
KPC,PAPC,Port Clarence Coast Guard Station,,
WYA,YWHA,Whyalla Airport,,
YDL,CYDL,Dease Lake Airport,,
CKG,ZUCK,Chongqing Jiangbei International Airport,,
SLZ,SBSL,Marechal Cunha Machado International Airport,,
KAS,FYKB,Karasburg Airport,,
BJM,HBBA,Bujumbura International Airport,,
MVW,KBVS,Skagit Regional Airport,,FAA: BVS
BZO,LIPB,Bolzano Airport,,
IXU,VAAU,Aurangabad Airport,Chikkalthana Airport,
MFA,HTMA,Mafia Airport,,
GMM,FCOG,Gamboma Airport,,
SBF,OADS,Sardeh Band Airport,,
CNV,SNED,Canavieiras Airport,,
FOY,,Foya Airport,,
JAV,BGJN,Ilulissat Airport,,
NOT,KDVO,Marin County Airport,Gnoss Field,FAA: DVO
VAC,EDWU,Varrelbusch Airport,,
EDD,,Erldunda Airport,,
KEZ,,Kelani River-Peliyagoda Waterdrome,,
BYG,KBYG,Johnson County Airport,,
ANR,EBAW,Antwerp International Airport,,
TGI,SPGM,Tingo María Airport,,
NKO,,Ankokoambo Airport,,
HHN,EDFH,Frankfurt–Hahn Airport,,
BNC,FZNP,Beni Airport,,
MKZ,WMKM,Malacca International Airport,,
GWA,VYGW,Gwa Airport,,
YTL,CYTL,Big Trout Lake Airport,,
WPR,SCFM,Capitán Fuentes Martínez Airport,,
ABV,DNAA,Nnamdi Azikiwe International Airport,,
KDU,OPSD,Skardu Airport,,
STW,URMT,Stavropol Shpakovskoye Airport,,
KEH,,Kenmore Air Harbor,,FAA: S60
YQQ,CYQQ,CFB Comox,,
ZAR,DNZA,Zaria Airport,,
DJE,DTTJ,Djerba–Zarzis International Airport,,
YXS,CYXS,Prince George Airport,,
LBQ,FOGR,Lambaréné Airport,,
BDI,FSSB,Bird Island Airport,,
SSC,KSSC,Shaw Air Force Base,,
YLH,CYLH,Lansdowne House Airport,,
PKG,WMPA,Pangkor Airport,,
KCL,,Chignik Lagoon Airport,Chignik Flats Airport,
XKH,VLXK,Xieng Khouang Airport,,
FLM,SGFI,Filadelfia Airport,,
CBK,KCBK,Colby Municipal Airport,Shalz Field,
BOC,MPBO,"Bocas del Toro ""Isla Colón"" International Airport",,
BFO,FVCZ,Buffalo Range Airport,,
VDE,GCHI,El Hierro Airport,,
TLM,DAON,Zenata – Messali El Hadj Airport,,
ITH,KITH,Ithaca Tompkins Regional Airport,,
KCP,,Kamianets-Podilskyi Airport,,
AZP,MMJC,Jorge Jiménez Cantú National Airport,,
YKJ,CYKJ,Key Lake Airport,,
YIB,CYIB,Atikokan Municipal Airport,,
YEL,CYEL,Elliot Lake Municipal Airport,,
TTG,SAST,"Tartagal ""General Enrique Mosconi"" Airport",,
NDE,HKMA,Mandera Airport,,
IAM,DAUZ,In Amenas Airport,Zarzaitine Airport,
KLR,ESMQ,Kalmar Airport,,
BTC,VCCB,Batticaloa International Airport,,
UTB,YMTB,Muttaburra Airport,,
ELY,KELY,Ely Airport,,
BMU,WADB,Sultan Muhammad Salahudin Airport,Bima Airport,
RNE,LFLO,Roanne Renaison Airport,,
CUD,YCDR,Caloundra Airport,,
DNR,LFRD,Dinard–Pleurtuit–Saint-Malo Airport,,
LHA,EDTL,Flughafen Lahr,Lahr Airport,
DRA,KDRA,Desert Rock Airport,,
CJC,SCCF,El Loa Airport,,
ISW,KISW,South Wood County Airport,Alexander Field,
BNM,AYBD,Bodinumu Airport,,
SFZ,KSFZ,North Central State Airport,,
MXU,YMWA,Mullewa Airport,,
FFA,KFFA,First Flight Airport,,
OKU,FYMO,Mokuti Lodge Airport,,
MFZ,,Meselia Airport,,
SSE,VASL,Solapur Airport,,
HUQ,HLON,Hun Airport,,
DEZ,OSDZ,Deir ez-Zor Airport,,
IOW,KIOW,Iowa City Municipal Airport,,
LIS,LPPT,Lisbon Portela Airport,,
LOP,WADL,Lombok International Airport,,
IBO,,Ibo Island Airport,,
NYK,HKNY,Nanyuki Airport,,
LVR,SILC,Bom Futuro Municipal Airport,,
SOG,ENSG,"Sogndal Airport, Haukåsen",,
SFK,SNSW,Soure Airport,,
ROZ,LERT,US Naval Station Rota,,
LXU,FLLK,Lukulu Airport,,
CKN,KCKN,Crookston Municipal Airport,Kirkwood Field,
SNX,OIIS,Semnan Municipal Airport,,
ONY,KONY,Olney Municipal Airport,,
ARI,SCAR,Chacalluta International Airport,,
RVT,YNRV,Ravensthorpe Airport,,
HFF,KHFF,Mackall Army Airfield,,
SFA,DTTX,Sfax–Thyna International Airport,,
HOM,PAHO,Homer Airport,,
MEI,KMEI,Meridian Regional Airport,Key Field,
STV,VASU,Surat Airport,,
GIL,OPGT,Gilgit Airport,,
BPC,FKKV,Bamenda Airport,,
NTQ,RJNW,Noto Airport,,
MIW,KMIW,Marshalltown Municipal Airport,,
MBZ,SWMW,Maués Airport,,
HYV,EFHV,Hyvinkää Airfield,,
GPD,YGON,Mount Gordon Airport,,
MOM,GQNL,Letfotar Airport,,
KLZ,FAKZ,Kleinzee Airport,,
GSC,YGSC,Gascoyne Junction Airport,,
MFV,KMFV,Accomack County Airport,,
JAL,MMJA,El Lencero Airport,,
ULE,,Sule Airport,,
CXR,VVCR,Cam Ranh International Airport,,
CBF,KCBF,Council Bluffs Municipal Airport,,
CON,KCON,Concord Municipal Airport,,
KFM,,Kirby Lake Airport,,
ESE,MMES,Ensenada Airport,,
OSI,LDOS,Osijek Airport,,
MPU,,Mabua Airstrip,,
KCU,HUMI,Masindi Airport,,
YBG,CYBG,Canadian Forces Base Bagotville,,
TAI,OYTZ,Taiz International Airport,,
SXK,WAPI,Saumlaki Airport,Olilit Airport,
SJZ,LPSJ,São Jorge Airport,,
DGM,,Dandugama Seaplane Base,,
OMB,FOOH,Omboué Hospital Airport,,
BXL,,Blue Lagoon Seaplane Base,,
CYR,SUCA,Colonia Airport,Laguna de los Patos Intn'l Airport,
CSQ,KCSQ,Creston Municipal Airport,,
LOC,YLOK,Lock Airport,,
KPN,PAKI,Kipnuk Airport,,FAA: IIK
CZL,DABC,Mohamed Boudiaf International Airport,,
GRM,KCKC,Grand Marais/Cook County Airport,,FAA: CKC
MSA,CZMD,Muskrat Dam Airport,,
ERT,,Erdenet Airport,,
CZM,MMCZ,Cozumel International Airport,,
EXM,YEXM,Exmouth Airport,,
MVL,KMVL,Morrisville–Stowe State Airport,,
PGB,,Pangoa Airport,,
AHN,KAHN,Athens Ben Epps Airport,,
LPU,WRLP,Long Apung Airport,,
BTD,,Brunette Downs Airport,,
HRI,VCRI,Mattala Rajapaksa International Airport,,
SWS,EGFH,Swansea Airport,,
CRE,KCRE,Grand Strand Airport,,
XRH,YSRI,RAAF Base Richmond,,
CDO,FACD,Cradock Airport,,
SKA,KSKA,Fairchild Air Force Base,,
YPI,,Port Simpson Water Aerodrome,,TC: CAN8
KKM,VTBL,Khok Kathiam Air Force Base,,
KEN,GFKE,Kenema Airport,,
BMG,KBMG,Monroe County Airport,,
TFS,GCTS,Tenerife–South Airport,Reina Sofia Airport,
YAY,CYAY,St. Anthony Airport,,
ERF,EDDE,Erfurt–Weimar Airport,,
PLZ,FAPE,Port Elizabeth Airport,,
ZIS,HLZN,Alzintan Airport,,
CJM,VTSE,Chumphon Airport,,
SGX,HTSO,Songea Airport,,
ADK,PADK,Adak Airport,,
ALL,LIMG,Albenga Airport,,
KDO,VRMK,Kadhdhoo Airport,,
MPV,KMPV,Edward F. Knapp State Airport,,
KCM,LTCN,Kahramanmaraş Airport,,
WYN,YWYM,Wyndham Airport,,
HVS,KHVS,Hartsville Regional Airport,,
HUI,VVPB,Phu Bai International Airport,,
TIF,OETF,Ta'if Regional Airport,,
BCV,,Hector Silva Airstrip,,
BGY,LIME,Il Caravaggio International Airport,Orio al Serio Airport,
FLN,SBFL,Hercílio Luz International Airport,,
TTO,KBTN,Britton Municipal Airport,,FAA: BTN
NYI,DGSN,Sunyani Airport,,
YAO,FKKY,Yaoundé Airport,,
MGD,SLMG,Magdalena Airport,,
WVK,FMSK,Manakara Airport,,
UBU,YKAL,Kalumburu Airport,,
NTE,LFRS,Nantes Atlantique Airport,,
BNI,DNBE,Benin Airport,,
VCD,YVRD,Victoria River Downs Airport,,
XWA,KXWA,Williston Basin International Airport,,
CDI,SNKI,Cachoeiro de Itapemirim Airport,Raimundo de Andrade Airport,
GVI,AYGV,Green River Airport,,
MTP,KMTP,Montauk Airport,,
PVE,MPVR,El Porvenir Airport,,
UKK,UASK,Oskemen Airport,Ust-Kamenogorsk Airport,
OIC,KOIC,Lt. Warren Eaton Airport,,
CSF,LFPC,Creil Air Base,,
PPW,EGEP,Papa Westray Airport,,
AMD,VAAH,Sardar Vallabhbhai Patel International Airport,,
CNW,KCNW,TSTC Waco Airport,,
SKG,LGTS,"Thessaloniki Airport ""Macedonia""",,
LPT,VTCL,Lampang Airport,,
ATG,,PAF Base Minhas,,
WUS,ZSWY,Wuyishan Airport,,
SIV,KSIV,Sullivan County Airport,,
IXR,VERC,Birsa Munda Airport,,
UIR,YQDI,Quirindi Airport,,
ISA,YBMA,Mount Isa Airport,,
KDP,AYNN,Kandep Airport,,
AKA,ZLAK,Ankang Wulipu Airport,,
CPU,,Cururupu Airport,,
YHB,CYHB,Hudson Bay Airport,,
BRX,MDBH,María Montez International Airport,,
MSW,HHMS,Massawa International Airport,,
DUM,WIBD,Pinang Kampai Airport,,
PZI,ZUZH,Panzhihua Bao'anying Airport,,
UVF,TLPL,Hewanorra International Airport,,
SYU,YWBS,Warraber Island Airport,,
WTS,FMMX,Tsiroanomandidy Airport,,
PAP,MTPP,Toussaint L'Ouverture International Airport,,
YZA,CYZA,Cache Creek Airport,Ashcroft Regional Airport,
CMQ,YCMT,Clermont Airport,,
IAH,KIAH,George Bush Intercontinental Airport,,
KPB,,Point Baker Seaplane Base,,
KND,FZOA,Kindu Airport,,
SAQ,MYAN,San Andros Airport,,
BZZ,EGVN,RAF Brize Norton,,
LWN,UDSG,Shirak Airport,,
NYC,,metropolitan area2,,
PGQ,WAEM,Buli Airport,,
PQC,VVPQ,Phu Quoc International Airport,,
ACN,MMCC,Ciudad Acuña International Airport,,
XTG,YTGM,Thargomindah Airport,,
RIO,,metropolitan area2,,
DNL,KDNL,Daniel Field,,
IHN,OYQN,Qishn Airport,,
CNL,EKSN,Sindal Airport,,
CFF,FNCF,Cafunfo Airport,,
LMO,EGQS,RAF Lossiemouth,,
IIS,AYIA,Nissan Island Airport,,
RSW,KRSW,Southwest Florida International Airport,,
DTH,,Furnace Creek Airport,,FAA: L06
KWJ,RKJJ,Gwangju Airport,,
FLT,,Flat Airport,,
JRF,PHJR,Kalaeloa Airport,John Rodgers Field,
KMP,FYKT,Keetmanshoop Airport,,
FBS,,Friday Harbor Seaplane Base,,FAA: W33
AUT,WPAT,Atauro Airport,,
TDT,,Tanda Tula Airport,,
NOK,SWXV,Nova Xavantina Airport,,
CPD,YCBP,Coober Pedy Airport,,
LSO,LFOO,Les Sables-d'Olonne – Talmont Airport,,
TKJ,PFTO,Tok Junction Airport,,FAA: 6K8
AOU,VLAP,Attapeu International Airport,,
SUX,KSUX,Sioux Gateway Airport,Colonel Bud Day Field,
OTC,FTTL,Bol-Bérim Airport,,
CZN,,Chisana Airport,,
YLM,,Clinton Creek Airport,,
GUU,BIGF,Grundarfjörður Airport,,
GOV,YPGV,Gove Airport,,
KFG,YKKG,Kalkgurung Airport,,
FUJ,RJFE,Fukue Airport,Gotō-Fukue Airport,
SUU,KSUU,Travis Air Force Base,,
CJS,MMCS,Abraham González International Airport,,
BYN,ZMBH,Bayankhongor Airport,,
PCH,MHPC,Palacios Airport,,
LNP,KLNP,Lonesome Pine Airport,,
HNY,ZGHY,Hengyang Nanyue Airport,,
YCW,CYCW,Chilliwack Airport,,
FXO,FQCB,Cuamba Airport,,
KMC,OEKK,King Khaled Military City Airport,,
YTQ,CYTQ,Tasiujaq Airport,,
SAH,OYSN,Sana'a International Airport,El Rahaba Airport,
LRM,MDLR,La Romana International Airport,Casa de Campo International Airport,
MCN,KMCN,Middle Georgia Regional Airport,,
LVI,FLLI,Harry Mwanga Nkumbula International Airport,,
MUK,NCMK,Mauke Airport,,
OTG,KOTG,Worthington Municipal Airport,,
TGK,URRT,Taganrog Airport,,
PHX,KPHX,Phoenix Sky Harbor International Airport,,
OXR,KOXR,Oxnard Airport,,
ERB,YERN,Pukatja Airport,Ernabella Airport,
ARO,,Arboletes Airport,,
XTO,YTAM,Taroom Airport,,
WWD,KWWD,Cape May Airport,,
URD,EDQE,Burg Feuerstein Airport,,
HIL,HASL,Shilavo Airport,,
AMI,WADA,Selaparang Airport,closed 2011,
AEB,ZGBS,Baise Bama Airport,,
VIT,LEVT,Vitoria Airport,,
TSZ,ZMTG,Tsetserleg Airport,,
ACD,SKAD,Alcides Fernández Airport,,
ALA,UAAA,Almaty International Airport,,
ANK,LTAD,Etimesgut Air Base,,
PWO,FZQC,Pweto Airport,,
EDF,PAED,Elmendorf Air Force Base,,
LCJ,EPLL,Łódź Władysław Reymont Airport,,
DMT,SWDM,Diamantino Airport,,
AXN,KAXN,Alexandria Municipal Airport,Chandler Field,
MZB,FQMP,Mocímboa da Praia Airport,,
ROA,KROA,Roanoke–Blacksburg Regional Airport,Woodrum Field,
MHT,KMHT,Manchester–Boston Regional Airport,,
UHE,LKKU,Kunovice Airport,,
KSK,ESKK,Karlskoga Airport,,
ZEL,CBBC,Bella Bella  Airport,Campbell Island,
SJW,ZBSJ,Shijiazhuang Zhengding International Airport,,
LWI,,Lowai Airport,,
MMT,KMMT,McEntire Joint National Guard Base,,
XTR,YTAA,Tara Airport,,
PMN,,Pumani Airport,,
CDR,KCDR,Chadron Municipal Airport,,
UTD,,Nutwood Downs Airport,,
NUW,KNUW,NAS Whidbey Island,Ault Field,
PUV,NWWP,Malabou Airport,,
OFK,KOFK,Norfolk Regional Airport,Karl Stefan Memorial Field,
UIP,LFRQ,Quimper–Cornouaille Airport,Pluguffan,
WFD,EGCD,Woodford Aerodrome,,
JSI,LGSK,Skiathos Island National Airport,,
KRX,AYKR,Karkar Airport,,
GLO,EGBJ,Gloucestershire Airport,,
PHT,KPHT,Henry County Airport,,
LSH,VYLS,Lashio Airport,,
FSS,EGQK,RAF Kinloss,,
PIR,KPIR,Pierre Regional Airport,,
LUO,FNUE,Luena Airport,,
DAA,KDAA,Davison Army Airfield,,
OFJ,BIOF,Ólafsfjörður Airport,,
LMX,,Lopéz de Micay Airport,,
RFK,,Rollang Field,,FAA: 5MS1
YZG,CYZG,Salluit Airport,,
ILP,NWWE,Île des Pins Airport,,
MAJ,PKMJ,Marshall Islands International Airport,Amata Kabua Int'l,
TRG,NZTG,Tauranga Airport,,
GEB,WAMJ,Gebe Airport,,
YAJ,,Lyall Harbour Seaplane Base,,
EXT,EGTE,Exeter International Airport,,
AGP,LEMG,Málaga Airport,,
KFA,GQNF,Kiffa Airport,,
INM,YINN,Innamincka Airport,,
ORE,LFOZ,Orléans – Saint-Denis-de-l'Hôtel Airport,,
YVB,CYVB,Bonaventure Airport,,
SRW,KRUQ,Rowan County Airport,,FAA: RUQ
MFC,FXMF,Mafeteng Airport,,
CAA,MHGE,El Aguacate Airport,,
MUY,FCBM,Mouyondzi Airport,,
TSU,NGTS,Tabiteuea South Airport,,
SZI,,Zaysan Airport,,
KLU,LOWK,Klagenfurt Airport,,
MXI,RPMQ,Mati Airport,Imelda R. Marcos Airport,
BLT,YBTR,Blackwater Airport,,
SDJ,RJSS,Sendai Airport,,
MKC,KMKC,Charles B. Wheeler Downtown Airport,,
CQP,,Cape Flattery Airport,,
MAO,SBEG,Eduardo Gomes International Airport,,
GEG,KGEG,Spokane International Airport,,
SBA,KSBA,Santa Barbara Municipal Airport,,
IKA,OIIE,Tehran Imam Khomeini International Airport,,
SXO,SWFX,São Félix do Araguaia Airport,,
MMK,ULMM,Murmansk Airport,,
NHT,EGWU,RAF Northolt,,
DSX,RCLM,Dongsha Island Airport,,
GFF,YGTH,Griffith Airport,,
PPB,SBDN,Presidente Prudente Airport,,
WIO,YWCA,Wilcannia Airport,,
PYO,SEPT,Putumayo Airport,,
SOW,KSOW,Show Low Regional Airport,,
NUH,,Nunchía Airport,,
PYC,,Playón Chico Airport,,
KYX,AYYE,Yalumet Airport,,
OOM,YCOM,Cooma–Snowy Mountains Airport,,
YCQ,CYCQ,Chetwynd Airport,,
DNN,KDNN,Dalton Municipal Airport,,
LTS,KLTS,Altus Air Force Base,,
LBB,KLBB,Lubbock Preston Smith International Airport,,
VGD,ULWW,Vologda Airport,,
MAF,KMAF,Midland International Air and Space Port,,
OFF,KOFF,Offutt Air Force Base,,
BTQ,HRYI,Butare Airport,,
TAG,RPSP,Bohol–Panglao International Airport,,
MFU,FLMF,Mfuwe Airport,,
EZV,,Beryozovo Airport,,
HGH,ZSHC,Hangzhou Xiaoshan International Airport,,
MLB,KMLB,Melbourne Orlando International Airport,,
XBG,DFEB,Bogande Airport,,
UET,OPQT,Quetta International Airport,,
GSN,YMGN,Mount Gunson Airport,,
XYA,AGGY,Yandina Airport,,
MIC,KMIC,Crystal Airport,,
BJJ,KBJJ,Wayne County Airport,,
ZAO,LFCC,Cahors - Lalbenque Airport,,
MYX,,Menyamya Airport,,
MUZ,HTMU,Musoma Airport,,
ORI,KORI,Port Lions Airport,,
YFO,CYFO,Flin Flon Airport,,
SJF,,Cruz Bay Seaplane Base,,
DLS,KDLS,Columbia Gorge Regional Airport,The Dalles Municipal Airport,
BOR,VLBK,Bokeo International Airport,,
NUE,EDDN,Nuremberg Airport,,
TRM,KTRM,Jacqueline Cochran Regional Airport,,
KZS,LGKJ,Kastellorizo Island Public Airport,,
RAA,,Rakanda Airport,,
OLV,KOLV,Olive Branch Airport,,
YCG,CYCG,West Kootenay Regional Airport,Castlegar Airport,
LNC,,Lengbati Airport,,
CYM,,Chatham Seaplane Base,,
PHD,KPHD,Harry Clever Field,,
TMB,KTMB,Miami Executive Airport,,
XMY,YYMI,Yam Island Airport,,
MQZ,YMGT,Margaret River Airport,,
PDG,WIPT,Minangkabau International Airport,,
SFN,SAAV,Sauce Viejo Airport,,
KWR,,Kwai Harbour Airport,,
HDY,VTSS,Hat Yai International Airport,,
KCO,LTBQ,Cengiz Topel Naval Air Station,,
DGT,RPVD,Sibulan Airport,Dumaguete Airport,
TKX,NTKR,Takaroa Airport,,
ARP,,Aragip Airport,,
BMF,FEGM,Bakouma Airport,,
BZF,,Benton Field,,
TOX,USTO,Tobolsk Airport,,
HFN,BIHN,Hornafjörður Airport,,
GEW,AYGC,Gewoia Airport,,
ASI,FHAW,RAF Ascension Island,Wideawake Field,
TAJ,,Tadji Airport,,
MHE,KMHE,Mitchell Municipal Airport,,
KCS,YKCS,Kings Creek Station Airport,,
OHT,OPKT,PAF Base Kohat,,
NBA,,Nambaiyufa Airport,,
CHU,PACH,Chuathbaluk Airport,,FAA: 9A3
AZI,OMAD,Al Bateen Executive Airport,,
BQK,KBQK,Brunswick Golden Isles Airport,,
BEW,FQBR,Beira Airport,,
GPB,SBGU,Tancredo Thomas de Faria Airport,,
KXK,UHKK,Komsomolsk-on-Amur Airport,,
DOC,,Dornoch Airfield,,
NNG,ZGNN,Nanning Wuxu International Airport,,
WLR,,Loring Seaplane Base,,FAA: 13Z
YYU,CYYU,Kapuskasing Airport,,
PKX,ZBAD,Beijing Daxing International Airport,,
CLY,LFKC,Calvi – Sainte-Catherine Airport,,
NQN,SAZN,Presidente Perón International Airport,,
SAL,MSLP,Monseñor Óscar Arnulfo Romero International Airport,,
ULO,ZMUG,Ulaangom Airport,,
LTO,MMLT,Loreto International Airport,,
PNV,EYPP,Panevėžys Air Base,Pajuostis Airport,
FIN,AYFI,Finschhafen Airport,,
CPH,EKCH,"Copenhagen Airport, Kastrup",,
KHN,ZSCN,Nanchang Changbei International Airport,,
MDO,PAMD,Middleton Island Airport,,
BLU,KBLU,Blue Canyon–Nyack Airport,,
GGR,,Garowe International Airport,,
AKK,PAKH,Akhiok Airport,,
PPX,,Param Airport,,
AGE,EDWG,Wangerooge Airfield,,
SWM,,Suia-Missu Airport,,
RDD,KRDD,Redding Municipal Airport,,
EUQ,RPVS,Evelio Javier Airport,Antique Airport,
PBM,SMJP,Johan Adolf Pengel International Airport,,
XES,,Grand Geneva Resort Airport,,FAA: C02
YST,CYST,St. Theresa Point Airport,,
EWR,KEWR,Newark Liberty International Airport,,
SOA,,Sóc Trăng Airfield,,
MGC,KMGC,Michigan City Municipal Airport,,
NYA,USHN,Nyagan Airport,,
UMT,PAUM,Umiat Airport,,
MDP,WAKD,Mindiptana Airport,,
NAO,ZUNC,Nanchong Gaoping Airport,,
YJA,CYJA,Jasper Airport,,
ZBE,LKZA,Zábřeh Airport,,
FRC,SIMK,Franca Airport,Ten. Lund Presotto–Franca State Airport,
YTW,ZWYT,Yutian Wanfang Airport,,
CBB,SLCB,Jorge Wilstermann International Airport,,
TTS,FMNT,Tsaratanana Airport,,
LBS,NFNL,Labasa Airport,,
UAI,WPDB,Suai Airport,,
KLL,,Levelock Airport,,FAA: 9Z8
BKS,WIPL,Fatmawati Soekarno Airport,,
SDD,FNUB,Lubango Mukanka Airport,,
PTD,PAAP,Port Alexander Seaplane Base,,FAA: AHP
TPH,KTPH,Tonopah Airport,,
ORV,PFNO,Robert  Curtis Memorial Airport,Bob,FAA: D76
PRQ,SARS,Presidencia Roque Sáenz Peña Airport,,
MOE,VYMO,Momeik Airport,,
SDC,,Sand Creek Airport,,
AAU,NSAU,Asau Airport,,
OKI,RJNO,Oki Airport,,
SLH,NVSC,Vanua Lava Airport,,
DLA,FKKD,Douala International Airport,,
URJ,USHU,Uray Airport,,
BHV,OPBW,Bahawalpur Airport,,
LRV,SVRS,Los Roques Airport,,
MCG,PAMC,McGrath Airport,,
WBR,KRQB,Roben–Hood Airport,,FAA: RQB
BFA,SGBN,Bahía Negra Airport,,
PUZ,MNPC,Puerto Cabezas Airport,,
KYZ,UNKY,Kyzyl Airport,,
FEG,UTKF,Fergana International Airport,,
MBX,LJMB,Maribor Edvard Rusjan Airport,,
SLU,TLPC,George F. L. Charles Airport,,
NMC,MYEN,Norman's Cay Airport,,
FWH,KNFW,NAS Fort Worth JRB/ Carswell Field,,FAA: NFW
CDD,,Cauquira Airport,,
VPN,BIVO,Vopnafjörður Airport,,
HNC,KHSE,Billy Mitchell Airport,,FAA: HSE
DEN,KDEN,Denver International Airport,,
NRS,KNRS,NOLF Imperial Beach,Ream Field,
YKA,CYKA,Kamloops Airport,,
AFY,LTAH,Afyon Airport,,
SKC,AYSU,Suki Airport,,
TAL,PATA,Ralph M. Calhoun Memorial Airport,,
JAA,OAJL,Jalalabad Airport,,
ORC,SKOE,Orocue Airport,,
MLV,YMEU,Merluna Airport,,
WSM,,Wiseman Airport,,
AGC,KAGC,Allegheny County Airport,,
FLD,KFLD,Fond du Lac County Airport,,
THU,BGTL,Pituffik Space Base,,
KPL,,Kapal Airport,,
MVC,KMVC,Monroe County Airport,,
UTA,FVMU,Mutare Airport,,
MRB,KMRB,Eastern WV Regional Airport,Shepherd Field,
BUQ,FVBU,Joshua Mqabuko Nkomo International Airport,,
BDO,WICC,Husein Sastranegara International Airport,,
FIE,EGEF,Fair Isle Airport,,
NNA,GMMY,Kenitra Air Base,,
DLV,YDLV,Delissaville Airport,,
YQI,CYQI,Yarmouth Airport,,
NDN,,Nadunumu Airport,,
TNM,SCRM,Teniente R. Marsh Airport,,
AIZ,KAIZ,Lee C. Fine Memorial Airport,,
BKD,KBKD,Stephens County Airport,,
CCU,VECC,Netaji Subhas Chandra Bose International Airport,,
FEL,ETSF,Fürstenfeldbruck Air Base,,
JAS,KJAS,Jasper County Airport,Bell Field,
EYP,SKYP,El Alcaraván Airport,,
EIA,,Popondetta Airport,,
RBO,SLRB,Roboré Airport,,
AJY,DRZA,Mano Dayak International Airport,,
JRH,VEJT,Jorhat Airport,Rowriah Airport,
KKO,NZKO,Kaikohe Aerodrome,,
KJU,,Kamiraba Airport,,
MNW,YMDS,MacDonald Downs Airport,,
CPB,SKCA,Capurganá Airport,,
NVS,LFQG,Nevers - Fourchambault Airport,,
BAJ,,Bali Airport,,
BVP,,Bolovip Airport,,
HTA,UIAA,Chita International Airport,Kadala Airport,
FAZ,OISF,Fasa Airport,,
DIM,DIDK,Dimbokro Airport,,
SUD,KSUD,Stroud Municipal Airport,,
UZU,SATU,Curuzú Cuatiá Airport,,
SCO,UATE,Aktau Airport,,
ESS,EDLE,Essen/Mülheim Airport,,
MID,MMMD,Manuel Crescencio Rejón International Airport,,
MQX,HAMK,Alula Aba Nega Airport,,
EJN,,Ejin Banner Taolai Airport,,
PAO,KPAO,Palo Alto Airport,Santa Clara County Airport,
RBY,PARY,Ruby Airport,,
CDU,YSCN,Camden Airport,,
TJC,,Ticantiquí Airport,,
FTU,FMSD,Tôlanaro Airport,Marillac Airport,
BHT,,Brighton Downs Airport,,
HMV,ESUT,Hemavan Tärnaby Airport,,
NEL,KNEL,NAES Lakehurst,Maxfield Field,
MIE,KMIE,Delaware County Regional Airport,,
AEH,FTTC,Abéché Airport,,
VQQ,KVQQ,Cecil Airport,,
AUN,KAUN,Auburn Municipal Airport,,
SLT,KANK,Harriet Alexander Field,,FAA: ANK
RMA,YROM,Roma Airport,,
SYJ,OIKY,Sirjan Airport,,
HLM,KHLM,Park Township Airport,,
AXC,YAMC,Aramac Airport,,
CNG,LFBG,Cognac – Châteaubernard Air Base,,
LPS,,Fishermans Bay/LPS Seaplane Base,,
DNI,HSWD,Wad Medani Airport,,
HPH,VVCI,Cat Bi International Airport,,
GZI,OAGN,Ghazni Airport,,
DLL,KDLC,Dillon County Airport,,FAA: DLC
NVG,MNNG,Nueva Guinea Airport,,
GCI,EGJB,Guernsey Airport,,
OBL,EBZR,Oostmalle Airfield,,
AIE,AYAO,Aiome Airport,,
GZG,ZUGZ,Garze Gesar Airport,,
SCD,MHUL,Sulaco Airport,,
PZB,FAPM,Pietermaritzburg Airport,,
BCC,,Bear Creek 3 Airport,,FAA: Z48
PUF,LFBP,Pau Pyrénées Airport,,
BZD,YBRN,Balranald Airport,,
PJC,SGPJ,Dr. Augusto Roberto Fuster International Airport,,
LNG,,Lese Airport,,
EKX,KEKX,Elizabethtown Regional Airport,Addington Field,
OGL,SYGO,Ogle Airport,,
AOH,KAOH,Lima Allen County Airport,,
SMQ,WAOS,H. Asan Airport,,
AYC,,Ayacucho Airport,,
XCM,CYCK,Chatham-Kent Airport,,
KRG,SYKS,Karasabai Airport,,
MCZ,SBMO,Zumbi dos Palmares International Airport,,
KRU,AYEA,Kerau Airport,,
DVN,KDVN,Davenport Municipal Airport,,
OLZ,UEMO,Olyokminsk Airport,,
MUI,KMUI,Muir Army Airfield,,
FLO,KFLO,Florence Regional Airport,,
EUM,EDHN,Neumünster Airport,,
MSZ,FNMO,Moçâmedes Airport,Yuri Gagarin Airport,
MLZ,SUMO,Cerro Largo International Airport,,
ITE,SNZW,Ituberá Airport,,
GDX,UHMM,Sokol Airport,,
YZH,CYZH,Slave Lake Airport,,
YDQ,CYDQ,Dawson Creek Airport,,
OEO,KOEO,L.O. Simenstad Municipal Airport,,
NRE,WAPG,Namrole Airport,,
GSO,KGSO,Piedmont Triad International Airport,,
XMP,,Macmillan Pass Airport,,TC: CFC4
NIC,LCNC,Nicosia International Airport1,,
ALR,NZLX,Alexandra Aerodrome,,
JYV,EFJY,Jyväskylä Airport,,
OUK,,Out Skerries Airport,,
SBB,SVSB,Santa Bárbara de Barinas Airport,,
BII,,Bikini Atoll Airport,,
FEJ,SNOU,Feijó Airport,,
MHC,SCPQ,Mocopulli Airport,,
