question,answer
What is the ICAO code for Kandep Airport?,AYNN
What is the ICAO code for Guernsey Airport?,EGJB
What is the ICAO code for Lashio Airport?,VYLS
What is the ICAO code for El Palomar Airport?,SADP
What is the ICAO code for Karkar Airport?,AYKR
What is the ICAO code for Iranshahr Airport?,OIZI
What is the ICAO code for Gjögur Airport?,BIGJ
What is the ICAO code for Ouanaham Airport?,NWWL
What is the ICAO code for Tawau Airport?,WBKW
What is the ICAO code for Tatakoto Airport?,NTGO
What is the ICAO code for Araçatuba Airport?,SBAU
What is the ICAO code for Whalsay Airstrip?,EGEH
What is the ICAO code for Hanksville Airport?,KHVE
What is the ICAO code for Gode Airport?,HAGO
What is the ICAO code for Patreksfjörður Airport?,BIPA
What is the ICAO code for Soroti Airport?,HUSO
What is the ICAO code for Badajoz Airport?,LEBZ
What is the ICAO code for Radom Airport?,EPRA
What is the ICAO code for Gachsaran Airport?,OIAH
What is the ICAO code for Zenata – Messali El Hadj Airport?,DAON
What is the ICAO code for Wānaka Airport?,NZWF
What is the ICAO code for Gelendzhik Airport?,URKG
What is the ICAO code for Bhavnagar Airport?,VABV
What is the ICAO code for Beijing Nanyuan Airport?,ZBNY
What is the ICAO code for Volgodonsk Airport?,URRY
What is the ICAO code for Hancock County-Bar Harbor Airport?,KBHB
What is the ICAO code for Harare International Airport?,FVHA
What is the ICAO code for Umiujaq Airport?,CYMU
What is the ICAO code for Khartoum International Airport?,HSSK
What is the ICAO code for Brawley Municipal Airport?,KBWC
What is the ICAO code for Ficksburg Airport?,FAFB
What is the ICAO code for Poptún Airport?,MGPP
What is the ICAO code for Mougulu Airport?,AYML
What is the ICAO code for Mangaia Airport?,NCMG
What is the ICAO code for Carlisle Lake District Airport?,EGNC
What is the ICAO code for Tokachi–Obihiro Airport?,RJCB
What is the ICAO code for Ulyanovsk Baratayevka Airport?,UWLL
What is the ICAO code for Valle del Conlara Airport?,SAOS
What is the ICAO code for Beersheba Airport?,LLBS
What is the ICAO code for Divo Airport?,DIDV
What is the ICAO code for Augusto C. Sandino International Airport?,MNMG
What is the ICAO code for Nagoya Airfield?,RJNA
What is the ICAO code for Roben–Hood Airport?,KRQB
What is the ICAO code for Zhangye Ganzhou Airport?,ZLZY
What is the ICAO code for Tardamu Airport?,WATS
What is the ICAO code for Phu Cat Airport?,VVPC
What is the ICAO code for Merced Regional Airport?,KMCE
What is the ICAO code for Huangshan Tunxi International Airport?,ZSTX
What is the ICAO code for Mitchell Municipal Airport?,KMHE
What is the ICAO code for Saadah Airport?,OYSH
What is the ICAO code for Louisa County Airport?,KLKU
What is the ICAO code for Montevideo–Chippewa County Airport?,KMVE
What is the ICAO code for Beauregard Regional Airport?,KDRI
What is the ICAO code for Salamanca Airport?,LESA
What is the ICAO code for Feijó Airport?,SNOU
What is the ICAO code for Waco Kungo Airport?,FNWK
What is the ICAO code for Imperial County Airport?,KIPL
What is the ICAO code for Williamsport Regional Airport?,KIPT
What is the ICAO code for Concord Municipal Airport?,KCON
What is the ICAO code for Noto Airport?,RJNW
What is the ICAO code for Sultan Azlan Shah Airport?,WMKI
What is the ICAO code for Kamloops Airport?,CYKA
What is the ICAO code for Clark International Airport?,RPLC
What is the ICAO code for Cache Creek Airport?,CYZA
What is the ICAO code for Futaleufú Airfield?,SCFT
"What is the ICAO code for Stavanger Airport, Sola?",ENZV
What is the ICAO code for Rubem Berta International Airport?,SBUG
What is the ICAO code for Arroyo Barril Airport?,MDAB
What is the ICAO code for Bulchi Airport?,HABU
What is the ICAO code for Beaumont Municipal Airport?,KBMT
What is the ICAO code for Veliky Ustyug Airport?,ULWU
What is the ICAO code for Bradley International Airport?,KBDL
What is the ICAO code for Pasighat Airport?,VEPG
What is the ICAO code for Montpellier–Méditerranée Airport?,LFMT
What is the ICAO code for Harrisburg International Airport?,KMDT
What is the ICAO code for Kalumburu Airport?,YKAL
What is the ICAO code for Mala Mala Airport?,FAMD
What is the ICAO code for Drysdale River Airport?,YDRD
What is the ICAO code for Ein Yahav Airfield?,LLEY
What is the ICAO code for Sucúa Airport?,SESC
What is the ICAO code for Ozark Regional Airport?,KBPK
What is the ICAO code for São Lourenço Airport?,SNLO
What is the ICAO code for Mid-Ohio Valley Regional Airport?,KPKB
What is the ICAO code for M'Boki Airport?,FEGE
What is the ICAO code for Delaware County Regional Airport?,KMIE
What is the ICAO code for Coonabarabran Airport?,YCBB
What is the ICAO code for Greater Binghamton Airport?,KBGM
What is the ICAO code for Aumo Airport?,AYUM
What is the ICAO code for Altus/Quartz Mountain Regional Airport?,KAXS
What is the ICAO code for Djambala Airport?,FCBD
What is the ICAO code for Northwest Regional Airport?,CYXT
What is the ICAO code for Ashley Municipal Airport?,KASY
What is the ICAO code for Blackwater Airport?,YBTR
What is the ICAO code for Tashkurgan Khunjerab Airport?,ZWTK
What is the ICAO code for Uşak Airport?,LTBO
What is the ICAO code for Cushing Municipal Airport?,KCUH
What is the ICAO code for Mekane Selam Airport?,HAMA
What is the ICAO code for Keetmanshoop Airport?,FYKT
What is the ICAO code for Molokai Airport?,PHMK
What is the ICAO code for Dixie Airport?,YDIX
What is the ICAO code for Kalokol Airport?,HKFG
What is the ICAO code for Mocímboa da Praia Airport?,FQMP
What is the ICAO code for Coolawanyah Station Airport?,YCWY
What is the ICAO code for Trenton Municipal Airport?,KTRX
What is the ICAO code for Palacios Airport?,MHPC
What is the ICAO code for Murcia–San Javier Airport?,LELC
What is the ICAO code for Antalya Airport?,LTAI
What is the ICAO code for Cradock Airport?,FACD
What is the ICAO code for Frank País Airport?,MUHG
What is the ICAO code for Tyler Pounds Regional Airport?,KTYR
What is the ICAO code for Guyuan Liupanshan Airport?,ZLGY
What is the ICAO code for Mafia Airport?,HTMA
What is the ICAO code for Muttaburra Airport?,YMTB
What is the ICAO code for Kansas City International Airport?,KMCI
What is the ICAO code for Salem Airport?,VOSM
What is the ICAO code for Mitchell Plateau Airport?,YMIP
What is the ICAO code for Rijeka Airport?,LDRI
What is the ICAO code for Gunnison–Crested Butte Regional Airport?,KGUC
What is the ICAO code for Moreton Airport?,YMOT
What is the ICAO code for Nartron Field?,KRCT
What is the ICAO code for Maripasoula Airport?,SOOA
What is the ICAO code for Wemindji Airport?,CYNC
What is the ICAO code for Tsetserleg Airport?,ZMTG
What is the ICAO code for Karup Airport?,EKKA
What is the ICAO code for Tok Junction Airport?,PFTO
What is the ICAO code for Yancheng Nanyang International Airport?,ZSYN
What is the ICAO code for Owatonna Degner Regional Airport?,KOWA
What is the ICAO code for Ozar Airport?,VAOZ
What is the ICAO code for Toussaint L'Ouverture International Airport?,MTPP
What is the ICAO code for RAF Honington?,EGXH
What is the ICAO code for Beni Airport?,FZNP
What is the ICAO code for Dembidolo Airport?,HADD
What is the ICAO code for Saibai Island Airport?,YSII
What is the ICAO code for Altus Air Force Base?,KLTS
What is the ICAO code for Cortez Municipal Airport?,KCEZ
What is the ICAO code for Mutare Airport?,FVMU
What is the ICAO code for Taiz International Airport?,OYTZ
What is the ICAO code for Puerto Rico Airport?,SLPR
What is the ICAO code for Perryville Airport?,PAPE
What is the ICAO code for Mandinga Airport?,SKCD
What is the ICAO code for Teslin Airport?,CYZW
What is the ICAO code for CFB Comox?,CYQQ
What is the ICAO code for JAGS McCartney International Airport?,MBGT
What is the ICAO code for Nepalgunj Airport?,VNNG
What is the ICAO code for Piedmont Triad International Airport?,KGSO
What is the ICAO code for Kikai Airport?,RJKI
What is the ICAO code for Ust-Nera Airport?,UEMT
What is the ICAO code for Mongu Airport?,FLMG
What is the ICAO code for Cazombo Airport?,FNCZ
What is the ICAO code for Yiwu Airport?,ZSYW
What is the ICAO code for Pukatawagan Airport?,CZFG
What is the ICAO code for Dirranbandi Airport?,YDBI
What is the ICAO code for Nioki Airport?,FZBI
What is the ICAO code for Eveleth-Virginia Municipal Airport?,KEVM
What is the ICAO code for Tarbes–Lourdes–Pyrénées Airport?,LFBT
What is the ICAO code for Hakkari Yüksekova Airport?,LTCW
What is the ICAO code for Niagara Falls International Airport?,KIAG
What is the ICAO code for Bucholz Army Airfield?,PKWA
What is the ICAO code for Chongqing Wushan Airport?,ZUWS
What is the ICAO code for Tengah Air Base?,WSAT
What is the ICAO code for Cerro Moreno International Airport?,SCFA
What is the ICAO code for Union Glacier Blue-Ice Runway?,SCGC
What is the ICAO code for La Aurora International Airport?,MGGT
What is the ICAO code for Albert Whitted Airport?,KSPG
What is the ICAO code for Ituberá Airport?,SNZW
What is the ICAO code for George Airport?,FAGG
What is the ICAO code for Lüderitz Airport?,FYLZ
What is the ICAO code for Prince Rupert Airport?,CYPR
What is the ICAO code for Ioannina National Airport?,LGIO
What is the ICAO code for Morlaix – Ploujean Airport?,LFRU
What is the ICAO code for Tatalina LRRS Airport?,PATL
What is the ICAO code for Kapanda Airport?,FNCP
What is the ICAO code for Presidencia Roque Sáenz Peña Airport?,SARS
What is the ICAO code for Maputo International Airport?,FQMA
What is the ICAO code for Montrose Regional Airport?,KMTJ
What is the ICAO code for Steung Treng Airport?,VDST
What is the ICAO code for Fatmawati Soekarno Airport?,WIPL
What is the ICAO code for Doctor Fernando Piragine Niveyro International Airport?,SARC
What is the ICAO code for Maués Airport?,SWMW
What is the ICAO code for Thorshofn Airport?,BITN
What is the ICAO code for Gatokae Aerodrome?,AGOK
What is the ICAO code for Kuusamo Airport?,EFKS
What is the ICAO code for Kamina Airport?,AYKD
What is the ICAO code for Magdeburg–Cochstedt Airport?,EDBC
What is the ICAO code for Manihiki Island Airport?,NCMH
What is the ICAO code for Greater Portsmouth Regional Airport?,KPMH
What is the ICAO code for H. Asan Airport?,WAOS
What is the ICAO code for General Servando Canales International Airport?,MMMA
What is the ICAO code for Jinchang Jinchuan Airport?,ZLJC
What is the ICAO code for Jamestown Regional Airport?,KJMS
What is the ICAO code for David Wayne Hooks Memorial Airport?,KDWH
What is the ICAO code for Waterford Airport?,EIWF
What is the ICAO code for Manchester–Boston Regional Airport?,KMHT
What is the ICAO code for Atyrau Airport?,UATG
What is the ICAO code for Edson Airport?,CYET
What is the ICAO code for Bitburg Airport?,EDRB
What is the ICAO code for Waspam Airport?,MNWP
What is the ICAO code for Kasabonika Airport?,CYAQ
What is the ICAO code for Tommanggong Airport?,WBKM
What is the ICAO code for Millicent Airport?,YMCT
What is the ICAO code for Columbia Gorge Regional Airport?,KDLS
What is the ICAO code for Luena Airport?,FNUE
What is the ICAO code for Hwange Town Airport?,FVWT
What is the ICAO code for Maurice Bishop International Airport?,TGPY
What is the ICAO code for Dalton Municipal Airport?,KDNN
What is the ICAO code for Aitutaki Airport?,NCAI
What is the ICAO code for Quetta International Airport?,OPQT
What is the ICAO code for Billy Bishop Regional Airport?,CYOS
What is the ICAO code for Cape Girardeau Regional Airport?,KCGI
What is the ICAO code for Læsø Airport?,EKLS
What is the ICAO code for Repulse Bay Airport?,CYUT
What is the ICAO code for Qiqihar Sanjiazi Airport?,ZYQQ
What is the ICAO code for Cochrane Aerodrome?,CYCN
What is the ICAO code for Pärnu Airport?,EEPU
What is the ICAO code for Meucon Airport?,LFRV
What is the ICAO code for Grant County International Airport?,KMWH
What is the ICAO code for Hachijojima Airport?,RJTH
What is the ICAO code for John Murtha Johnstown–Cambria County Airport?,KJST
What is the ICAO code for Kabul International Airport?,OAKB
What is the ICAO code for Lone Star Executive Airport?,KCXO
What is the ICAO code for MBS International Airport?,KMBS
What is the ICAO code for Captain Rogelio Castillo National Airport?,MMCY
What is the ICAO code for Port Lions Airport?,KORI
What is the ICAO code for Atuona Airport?,NTMN
What is the ICAO code for Barcelos Airport?,SWBC
What is the ICAO code for Juvenal Loureiro Cardoso Airport?,SSPB
What is the ICAO code for Zalingei Airport?,HSZA
What is the ICAO code for Sibisa Airport?,WIMP
What is the ICAO code for Ondangwa Airport?,FYOA
What is the ICAO code for Seville Airport?,LEZL
What is the ICAO code for Namlea Airport?,WAPR
What is the ICAO code for Mossendjo Airport?,FCMM
What is the ICAO code for Chadron Municipal Airport?,KCDR
"What is the ICAO code for Rørvik Airport, Ryum?",ENRM
What is the ICAO code for Hindon Airport?,VIDX
What is the ICAO code for McEntire Joint National Guard Base?,KMMT
What is the ICAO code for Kenitra Air Base?,GMMY
What is the ICAO code for Davison Army Airfield?,KDAA
What is the ICAO code for La Florida Airport?,SCSE
What is the ICAO code for Phifer Airfield?,KEAN
What is the ICAO code for Treinta y Tres Airport?,SUTR
What is the ICAO code for Porterville Municipal Airport?,KPTV
What is the ICAO code for Long Sukang Airport?,WBGU
What is the ICAO code for Akure Airport?,DNAK
What is the ICAO code for DuPage Airport?,KDPA
What is the ICAO code for Eindhoven Airport?,EHEH
What is the ICAO code for Coimbra Airport?,LPCO
What is the ICAO code for Pittsburgh International Airport?,KPIT
What is the ICAO code for Gibb River Airport?,YGIB
What is the ICAO code for Ibaraki Airport?,RJAH
What is the ICAO code for Cap. FAP Pedro Canga Rodríguez Airport?,SPME
What is the ICAO code for Dinwiddie County Airport?,KPTB
What is the ICAO code for Fort Frances Municipal Airport?,CYAG
What is the ICAO code for Cozumel International Airport?,MMCZ
What is the ICAO code for Sde Dov Airport?,LLSD
What is the ICAO code for US Naval Station Rota?,LERT
What is the ICAO code for Bacha Khan International Airport?,OPPS
What is the ICAO code for St. Thomas Municipal Airport?,CYQS
What is the ICAO code for Capital City Airport?,KCXY
What is the ICAO code for Hewanorra International Airport?,TLPL
What is the ICAO code for Pweto Airport?,FZQC
What is the ICAO code for Palm Beach International Airport?,KPBI
What is the ICAO code for Tarbela Dam Airport?,OPTA
What is the ICAO code for Odate–Noshiro Airport?,RJSR
What is the ICAO code for Lakefield Airport?,YLFD
What is the ICAO code for Trabzon Airport?,LTCG
What is the ICAO code for Warsaw Modlin Airport?,EPMO
What is the ICAO code for Offutt Air Force Base?,KOFF
What is the ICAO code for Yeelirrie Airport?,YYLR
What is the ICAO code for Pembroke Airport?,CYTA
What is the ICAO code for Mukomuko Airport?,WIPU
What is the ICAO code for Ernesto Cortissoz International Airport?,SKBQ
What is the ICAO code for Wichita Dwight D. Eisenhower National Airport?,KICT
What is the ICAO code for Nha Trang Air Base?,VVNT
What is the ICAO code for Antrim County Airport?,KACB
What is the ICAO code for Dongsha Island Airport?,RCLM
What is the ICAO code for Slave Lake Airport?,CYZH
What is the ICAO code for Neumünster Airport?,EDHN
What is the ICAO code for Leknes Airport?,ENLK
What is the ICAO code for Kos Island International Airport?,LGKO
What is the ICAO code for Stephens County Airport?,KBKD
What is the ICAO code for Riyan Airport?,OYRN
What is the ICAO code for Rickenbacker International Airport?,KLCK
What is the ICAO code for Bozoum Airport?,FEGZ
What is the ICAO code for Deir ez-Zor Airport?,OSDZ
What is the ICAO code for Ithaca Tompkins Regional Airport?,KITH
What is the ICAO code for Yandina Airport?,AGGY
What is the ICAO code for La Romana International Airport?,MDLR
What is the ICAO code for Westfield-Barnes Regional Airport?,KBAF
What is the ICAO code for Port Macquarie Airport?,YPMQ
What is the ICAO code for Santa Rosa International Airport?,SERO
What is the ICAO code for Jacksonville Municipal Airport?,KIJX
What is the ICAO code for O. R. Tambo International Airport?,FAOR
What is the ICAO code for Burns Municipal Airport?,KBNO
What is the ICAO code for Dong Hoi Airport?,VVDH
What is the ICAO code for Aiome Airport?,AYAO
What is the ICAO code for Decorah Municipal Airport?,KDEH
What is the ICAO code for Pond Inlet Airport?,CYIO
What is the ICAO code for Máximo Gómez Airport?,MUCA
What is the ICAO code for Edward River Airport?,YPMP
What is the ICAO code for Brno-Tuřany Airport?,LKTB
What is the ICAO code for Jacksonville International Airport?,KJAX
What is the ICAO code for Desert Rock Airport?,KDRA
What is the ICAO code for Captain Ramon Xatruch Airport?,MPLP
What is the ICAO code for Rebun Airport?,RJCR
What is the ICAO code for Rechlin–Lärz Airfield?,EDAX
What is the ICAO code for Lhok Sukon Airport?,WITL
What is the ICAO code for Satu Mare International Airport?,LRSM
What is the ICAO code for Jacareacanga Airport?,SBEK
What is the ICAO code for Mocopulli Airport?,SCPQ
What is the ICAO code for Chiayi Airport?,RCKU
What is the ICAO code for King Shaka International Airport?,FALE
What is the ICAO code for Chetwynd Airport?,CYCQ
What is the ICAO code for Benin Airport?,DNBE
What is the ICAO code for Gascoyne Junction Airport?,YGSC
What is the ICAO code for Komsomolsk-on-Amur Airport?,UHKK
What is the ICAO code for Guardiamarina Zañartu Airport?,SCGZ
What is the ICAO code for Francisco Carle Airport?,SPJJ
What is the ICAO code for Fes–Saïss Airport?,GMFF
What is the ICAO code for Kunovice Airport?,LKKU
What is the ICAO code for Cincinnati Municipal Airport?,KLUK
What is the ICAO code for Labasa Airport?,NFNL
What is the ICAO code for Charlo Airport?,CYCL
What is the ICAO code for Thargomindah Airport?,YTGM
What is the ICAO code for Thakurgaon Airport?,VGSG
What is the ICAO code for Gangaw Airport?,VYGG
What is the ICAO code for Oyem Airport?,FOGO
What is the ICAO code for Zabol Airport?,OIZB
What is the ICAO code for Stroud Municipal Airport?,KSUD
What is the ICAO code for Mbandaka Airport?,FZEA
What is the ICAO code for Jonesboro Municipal Airport?,KJBR
What is the ICAO code for El Caraño Airport?,SKUI
What is the ICAO code for Nnamdi Azikiwe International Airport?,DNAA
What is the ICAO code for Gordon Municipal Airport?,KGRN
What is the ICAO code for Palmar Sur Airport?,MRPM
What is the ICAO code for Lemnos International Airport?,LGLM
What is the ICAO code for Oxnard Airport?,KOXR
What is the ICAO code for Phitsanulok Airport?,VTPP
What is the ICAO code for Esperadinha Airport?,GVBR
What is the ICAO code for Dala Airport?,ESSD
What is the ICAO code for Djúpivogur Airport?,BIDV
"What is the ICAO code for Brønnøysund Airport, Brønnøy?",ENBN
What is the ICAO code for Örnsköldsvik Airport?,ESNO
What is the ICAO code for Nottingham Airport?,EGBN
What is the ICAO code for Magic Valley Regional Airport?,KTWF
What is the ICAO code for Kongiganak Airport?,PADY
What is the ICAO code for Washabo Airport?,SMWS
What is the ICAO code for Sherman Army Airfield?,KFLV
What is the ICAO code for Tivat Airport?,LYTV
What is the ICAO code for Quzhou Airport?,ZSJU
What is the ICAO code for Nova Xavantina Airport?,SWXV
What is the ICAO code for Daocheng Yading Airport?,ZUDC
What is the ICAO code for Coober Pedy Airport?,YCBP
What is the ICAO code for Chipinge Airport?,FVCH
What is the ICAO code for Kailashahar Airport?,VEKR
What is the ICAO code for Les Sables-d'Olonne – Talmont Airport?,LFOO
What is the ICAO code for Osijek Airport?,LDOS
What is the ICAO code for Timimoun Airport?,DAUT
What is the ICAO code for Buchanan Field Airport?,KCCR
What is the ICAO code for Lleida–Alguaire Airport?,LEDA
What is the ICAO code for Camp Bastion Air Base?,OAZI
What is the ICAO code for North Central State Airport?,KSFZ
What is the ICAO code for Mitiga International Airport?,HLLM
What is the ICAO code for Pau Pyrénées Airport?,LFBP
What is the ICAO code for Adampur Airport?,VIAX
What is the ICAO code for Zhigansk Airport?,UEVV
What is the ICAO code for Gaylord Regional Airport?,KGLR
What is the ICAO code for Tuzla International Airport?,LQTZ
What is the ICAO code for Johan Adolf Pengel International Airport?,SMJP
What is the ICAO code for Nantes Atlantique Airport?,LFRS
What is the ICAO code for Sainte Marie Airport?,FMMS
What is the ICAO code for Ellsworth Air Force Base?,KRCA
What is the ICAO code for Mitzic Airport?,FOOM
What is the ICAO code for Beloretsk Airport?,UWUB
What is the ICAO code for Frederick Regional Airport?,KFDR
What is the ICAO code for Bantry Aerodrome?,EIBN
What is the ICAO code for Omsk Tsentralny Airport?,UNOO
What is the ICAO code for Antsalova Airport?,FMMG
What is the ICAO code for Narita International Airport?,RJAA
What is the ICAO code for Gurupi Airport?,SWGI
What is the ICAO code for Shakawe Airport?,FBSW
What is the ICAO code for Yagoua Airport?,FKKJ
What is the ICAO code for Vadsø Airport?,ENVD
What is the ICAO code for Oscoda–Wurtsmith Airport?,KOSC
What is the ICAO code for Lyndhurst Airport?,YLHS
What is the ICAO code for Moanamani Airport?,WABD
What is the ICAO code for Beatty Airport?,KBTY
What is the ICAO code for Urgench International Airport?,UTNU
What is the ICAO code for Yichang Sanxia Airport?,ZHYC
What is the ICAO code for Musoma Airport?,HTMU
What is the ICAO code for Jorge Enrique González Torres Airport?,SKSJ
What is the ICAO code for Madrid–Torrejón Airport?,LETO
What is the ICAO code for Madurai Airport?,VOMD
What is the ICAO code for Ahuas Airport?,MHAH
What is the ICAO code for Amgu Airport?,UHTG
What is the ICAO code for Malekoula Airport?,NVSL
What is the ICAO code for Puerto Barrios Airport?,MGPB
What is the ICAO code for Port St. Johns Airport?,FAPJ
What is the ICAO code for Joinville-Lauro Carneiro de Loyola Airport?,SBJV
What is the ICAO code for Key Lake Airport?,CYKJ
What is the ICAO code for United States Air Force Academy Airfield?,KAFF
What is the ICAO code for Málaga Airport?,LEMG
What is the ICAO code for Dobo Airport?,WAPD
What is the ICAO code for Shakhtyorsk Airport?,UHSK
What is the ICAO code for Afyon Airport?,LTAH
What is the ICAO code for José Galera dos Santos Airport?,SBTK
What is the ICAO code for Phetchabun Airport?,VTPB
What is the ICAO code for N'zeto Airport?,FNZE
What is the ICAO code for Nissan Island Airport?,AYIA
What is the ICAO code for Sikeston Memorial Municipal Airport?,KSIK
What is the ICAO code for Raivavae Airport?,NTAV
What is the ICAO code for Serafin Enoss Bertaso Airport?,SBCH
What is the ICAO code for Evelio Javier Airport?,RPVS
What is the ICAO code for Sahiwal Airport?,OPSW
What is the ICAO code for Paris–Le Bourget Airport?,LFPB
What is the ICAO code for Suki Airport?,AYSU
What is the ICAO code for Maya-Maya Airport?,FCBB
What is the ICAO code for Wallal Airport?,YWAL
What is the ICAO code for Jorhat Airport?,VEJT
What is the ICAO code for Turpan Jiaohe Airport?,ZWTP
What is the ICAO code for San Juan de Marcona Airport?,SPJN
What is the ICAO code for Albano Machado Airport?,FNHU
What is the ICAO code for Grantley Adams International Airport?,TBPB
What is the ICAO code for Samsun-Çarşamba Airport?,LTFH
What is the ICAO code for Techo International Airport?,VDTI
What is the ICAO code for Montgomery County Airpark?,KGAI
What is the ICAO code for Qaarsut Airport?,BGUQ
What is the ICAO code for Mount Isa Airport?,YBMA
What is the ICAO code for Niue International Airport?,NIUE
What is the ICAO code for Umiat Airport?,PAUM
What is the ICAO code for Mui Airport?,HAMR
What is the ICAO code for Subic Bay International Airport?,RPLB
What is the ICAO code for Pakuba Airfield?,HUPA
What is the ICAO code for Margaret River Airport?,YMGT
What is the ICAO code for Garden Point Airport?,YGPT
What is the ICAO code for Sibulan Airport?,RPVD
What is the ICAO code for El Loa Airport?,SCCF
What is the ICAO code for Fianarantsoa Airport?,FMSF
What is the ICAO code for Pensacola International Airport?,KPNS
What is the ICAO code for Assis Airport?,SNAX
What is the ICAO code for Winter Haven's Gilbert Airport?,KGIF
What is the ICAO code for Frankfurt Airport?,EDDF
What is the ICAO code for Brainerd Lakes Regional Airport?,KBRD
What is the ICAO code for San Luis Obispo County Regional Airport?,KSBP
What is the ICAO code for Baytown Airport?,KHPY
What is the ICAO code for Broadford Airfield?,EGEI
What is the ICAO code for Malden Regional Airport?,KMAW
What is the ICAO code for Bakel Airport?,GOTB
What is the ICAO code for Cuyahoga County Airport?,KCGF
What is the ICAO code for Whitegrass Airport?,NVVW
What is the ICAO code for Hope Aerodrome?,CYHE
What is the ICAO code for Kilkenny Airport?,EIKK
What is the ICAO code for Chichester/Goodwood Airport?,EGHR
What is the ICAO code for Kastellorizo Island Public Airport?,LGKJ
What is the ICAO code for Hunt Field?,KLND
What is the ICAO code for First Flight Airport?,KFFA
What is the ICAO code for Delissaville Airport?,YDLV
What is the ICAO code for Ainsworth Regional Airport?,KANW
What is the ICAO code for Robert  Curtis Memorial Airport?,PFNO
What is the ICAO code for Makemo Airport?,NTGM
What is the ICAO code for Waiheke Island Aerodrome?,NZKE
What is the ICAO code for Yarmouth Airport?,CYQI
What is the ICAO code for Poplar Hill Airport?,CYHP
What is the ICAO code for Kyzyl Airport?,UNKY
What is the ICAO code for Guadalajara International Airport?,MMGL
What is the ICAO code for Otjiwarongo Airport?,FYOW
What is the ICAO code for Mont-Joli Airport?,CYYY
What is the ICAO code for Nemiscau Airport?,CYHH
What is the ICAO code for Tabora Airport?,HTTB
What is the ICAO code for El Porvenir Airport?,MPVR
What is the ICAO code for Luzhou Yunlong Airport?,ZULZ
What is the ICAO code for Klamath Falls Airport?,KLMT
What is the ICAO code for Jask Airport?,OIZJ
What is the ICAO code for Agra Airport?,VIAG
What is the ICAO code for Wanigela Airport?,AYWG
What is the ICAO code for Vung Tau Airport?,VVVT
What is the ICAO code for Napa County Airport?,KAPC
What is the ICAO code for Pu'er Simao Airport?,ZPSM
What is the ICAO code for Gambela Airport?,HAGM
What is the ICAO code for Jalalabad Airport?,OAJL
What is the ICAO code for Sanfebagar Airport?,VNSR
"What is the ICAO code for Tromsø Airport, Langnes?",ENTC
What is the ICAO code for San Isidro de El General Airport?,MRSI
What is the ICAO code for Athens Ben Epps Airport?,KAHN
What is the ICAO code for Wheeler Army Airfield?,PHHI
What is the ICAO code for Göteborg Landvetter Airport?,ESGG
What is the ICAO code for Tibú Airport?,SKTB
What is the ICAO code for Baoshan Yunduan Airport?,ZPBS
What is the ICAO code for Ashgabat International Airport?,UTAA
What is the ICAO code for Fayzabad Airport?,OAFZ
What is the ICAO code for Bol-Bérim Airport?,FTTL
What is the ICAO code for Kalaeloa Airport?,PHJR
What is the ICAO code for Yokangassi Airport?,FCBY
What is the ICAO code for Resolute Bay Airport?,CYRB
What is the ICAO code for Greater Rochester International Airport?,KROC
What is the ICAO code for Salluit Airport?,CYZG
What is the ICAO code for Eugene Airport?,KEUG
What is the ICAO code for Palmer Municipal Airport?,PAAQ
What is the ICAO code for Pendopo Airport?,WIPQ
What is the ICAO code for Con Dao Airport?,VVCS
What is the ICAO code for Trollhättan–Vänersborg Airport?,ESGT
What is the ICAO code for Oiapoque Airport?,SBOI
What is the ICAO code for Albany International Airport?,KALB
What is the ICAO code for Jasper County Airport?,KJAS
What is the ICAO code for Trivandrum International Airport?,VOTV
What is the ICAO code for Toamasina Airport?,FMMT
What is the ICAO code for Hudson Bay Airport?,CYHB
What is the ICAO code for Eareckson Air Station?,PASY
What is the ICAO code for Garaina Airport?,AYGI
What is the ICAO code for Shively Field?,KSAA
What is the ICAO code for South Naknek Airport?,PFWS
What is the ICAO code for Manuel Crescencio Rejón International Airport?,MMMD
What is the ICAO code for Dama Airport?,NFNU
What is the ICAO code for Alliance Municipal Airport?,KAIA
What is the ICAO code for Nueva Guinea Airport?,MNNG
What is the ICAO code for Karara Airport?,YKAR
What is the ICAO code for Edwards Air Force Base?,KEDW
What is the ICAO code for Kuching International Airport?,WBGG
What is the ICAO code for Pituffik Space Base?,BGTL
What is the ICAO code for Abu Simbel Airport?,HEBL
What is the ICAO code for Pangkor Airport?,WMPA
What is the ICAO code for Tebelian Airport?,WIOS
What is the ICAO code for Exmouth Airport?,YEXM
What is the ICAO code for Cadjehoun Airport?,DBBB
What is the ICAO code for Yilan Airport?,ZYYL
What is the ICAO code for Wad Medani Airport?,HSWD
What is the ICAO code for NAS Patuxent River?,KNHK
What is the ICAO code for Kasane Airport?,FBKE
What is the ICAO code for Ayers Rock Airport?,YAYE
What is the ICAO code for Bamu Airport?,AYBF
What is the ICAO code for Warracknabeal Airport?,YWKB
What is the ICAO code for Manuel Carlos Piar Guayana Airport?,SVPR
What is the ICAO code for Hector International Airport?,KFAR
What is the ICAO code for Northern Peninsula Airport?,YNPE
What is the ICAO code for Gregorio Luperón International Airport?,MDPP
What is the ICAO code for Oudomsay Airport?,VLOS
What is the ICAO code for Yotvata Airfield?,LLYT
What is the ICAO code for Worcester Regional Airport?,KORH
What is the ICAO code for Kauhava Airfield?,EFKA
What is the ICAO code for Urgun Airport?,OAOG
What is the ICAO code for Cerro Largo International Airport?,SUMO
What is the ICAO code for Sanga-Sanga Airport?,RPMN
What is the ICAO code for Mount Hagen Airport?,AYMH
What is the ICAO code for Havryshivka Vinnytsia International Airport?,UKWW
What is the ICAO code for Toussus-le-Noble Airport?,LFPN
"What is the ICAO code for Sogndal Airport, Haukåsen?",ENSG
What is the ICAO code for Sam Mbakwe Airport?,DNIM
What is the ICAO code for Tancredo Neves International Airport?,SBCF
What is the ICAO code for Durham Downs Airport?,YDRH
What is the ICAO code for Sfax–Thyna International Airport?,DTTX
What is the ICAO code for RAF Marham?,EGYM
What is the ICAO code for Pimenta Bueno Airport?,SWPM
What is the ICAO code for María Montez International Airport?,MDBH
What is the ICAO code for Miami Executive Airport?,KTMB
What is the ICAO code for Rurutu Airport?,NTAR
What is the ICAO code for Gregory Downs Airport?,YGDS
What is the ICAO code for Melbourne Orlando International Airport?,KMLB
What is the ICAO code for Tehran Imam Khomeini International Airport?,OIIE
What is the ICAO code for Valesdir Airport?,NVSV
What is the ICAO code for Metro Field?,PABK
What is the ICAO code for Ampara Airport?,VCCG
What is the ICAO code for Wuhu Xuanzhou Airport?,ZSWA
What is the ICAO code for Qikiqtarjuaq Airport?,CYVM
What is the ICAO code for Río Amazonas Airport?,SEPA
What is the ICAO code for Nashville International Airport?,KBNA
What is the ICAO code for Quaqtaq Airport?,CYHA
What is the ICAO code for Pine Ridge Airport?,KIEN
What is the ICAO code for Aggeneys Airport?,FAAG
What is the ICAO code for A.L. Mangham Jr. Regional Airport?,KOCH
What is the ICAO code for Pacific City State Airport?,KPFC
What is the ICAO code for Greenwood County Airport?,KGRD
What is the ICAO code for Niort - Souché Airport?,LFBN
What is the ICAO code for Catarman National Airport?,RPVF
What is the ICAO code for Shelbyville Municipal Airport?,KSYI
What is the ICAO code for Songyuan Chaganhu Airport?,ZYSQ
What is the ICAO code for Mauke Airport?,NCMK
What is the ICAO code for Tsiroanomandidy Airport?,FMMX
What is the ICAO code for Ghriss Airport?,DAOV
What is the ICAO code for Changzhou Benniu Airport?,ZSCG
What is the ICAO code for Fletcher Field?,KCKM
What is the ICAO code for Princess Juliana International Airport?,TNCM
What is the ICAO code for Sangster International Airport?,MKJS
What is the ICAO code for Okadama Airport?,RJCO
What is the ICAO code for Alert Airport?,CYLT
What is the ICAO code for Verona Villafranca Airport?,LIPX
What is the ICAO code for South Bend International Airport?,KSBN
What is the ICAO code for Iğdır Airport?,LTCT
What is the ICAO code for Air Force Base Hoedspruit?,FAHS
What is the ICAO code for Donetsk International Airport?,UKCC
What is the ICAO code for Hola Airport?,HKHO
What is the ICAO code for Lumberton Municipal Airport?,KLBT
What is the ICAO code for Balurghat Airport?,VEBG
What is the ICAO code for Kadena Air Base?,RODN
What is the ICAO code for Soure Airport?,SNSW
What is the ICAO code for Ngloram Airport?,WARC
What is the ICAO code for Łódź Władysław Reymont Airport?,EPLL
What is the ICAO code for Pantnagar Airport?,VIPT
What is the ICAO code for Al Najaf International Airport?,ORNI
What is the ICAO code for Shizuoka Airport?,RJNS
What is the ICAO code for Lombok International Airport?,WADL
What is the ICAO code for Gamboma Airport?,FCOG
What is the ICAO code for Olney Municipal Airport?,KONY
What is the ICAO code for Finke Airport?,YFNE
What is the ICAO code for Propriano Airport?,LFKO
What is the ICAO code for Mbambanakira Airport?,AGGI
What is the ICAO code for Middleton Island Airport?,PAMD
What is the ICAO code for Coonamble Airport?,YCNM
What is the ICAO code for Tortolì Airport?,LIET
What is the ICAO code for Jorge Jiménez Cantú National Airport?,MMJC
What is the ICAO code for Halifax Stanfield International Airport?,CYHZ
What is the ICAO code for Crystal Airport?,KMIC
What is the ICAO code for Corpus Christi International Airport?,KCRP
What is the ICAO code for Hemavan Tärnaby Airport?,ESUT
What is the ICAO code for Kompiam Airport?,AYAQ
What is the ICAO code for Pingtung South Airport?,RCDC
What is the ICAO code for Prince George Airport?,CYXS
What is the ICAO code for Undara Airport?,YUDA
What is the ICAO code for Sacramento International Airport?,KSMF
What is the ICAO code for Lisbon Portela Airport?,LPPT
What is the ICAO code for Ángel Albino Corzo International Airport?,MMTG
What is the ICAO code for Constanza Airport?,MDCZ
What is the ICAO code for Abaiang Atoll Airport?,NGAB
What is the ICAO code for Chios Island National Airport?,LGHI
What is the ICAO code for Marcala Airport?,MHMA
What is the ICAO code for Benina International Airport?,HLLB
What is the ICAO code for Chu Lai International Airport?,VVCA
What is the ICAO code for Kajaani Airport?,EFKI
What is the ICAO code for Zhangjiakou Ningyuan Airport?,ZBZJ
What is the ICAO code for Dien Bien Phu Airport?,VVDB
What is the ICAO code for Dakhla Airport?,GMMH
What is the ICAO code for Olive Branch Airport?,KOLV
What is the ICAO code for Dubbo Regional Airport?,YSDU
What is the ICAO code for Calbayog Airport?,RPVC
What is the ICAO code for Belo Horizonte/Pampulha – Carlos Drummond de Andrade Airport?,SBBH
What is the ICAO code for Choiseul Bay Airport?,AGGC
What is the ICAO code for Paulo Afonso Airport?,SBUF
What is the ICAO code for Fayetteville Regional Airport?,KFAY
What is the ICAO code for Boise Air Terminal?,KBOI
What is the ICAO code for Cafunfo Airport?,FNCF
What is the ICAO code for Yangambi Airport?,FZIR
What is the ICAO code for Al-Jawf Domestic Airport?,OESK
What is the ICAO code for Janakpur Airport?,VNJP
What is the ICAO code for Souanké Airport?,FCOS
What is the ICAO code for Benjamín Rivera Noriega Airport?,TJCP
What is the ICAO code for Dr. Antonio Nicolás Briceño Airport?,SVVL
What is the ICAO code for Gustavo Artunduaga Paredes Airport?,SKFL
What is the ICAO code for NOLF Barin?,KNBJ
What is the ICAO code for NAS Lemoore?,KNLC
What is the ICAO code for El Fasher Airport?,HSFS
What is the ICAO code for Wollogorang Airport?,YWOR
What is the ICAO code for Cascais Municipal Aerodrome?,LPCS
What is the ICAO code for Southwest Minnesota Regional Airport?,KMML
What is the ICAO code for Tanga Airport?,HTTG
What is the ICAO code for Kickapoo Downtown Airport?,KCWC
What is the ICAO code for Cengiz Topel Naval Air Station?,LTBQ
What is the ICAO code for Monastir Habib Bourguiba International Airport?,DTMB
What is the ICAO code for Al Wajh Domestic Airport?,OEWJ
What is the ICAO code for Île des Pins Airport?,NWWE
What is the ICAO code for Charles B. Wheeler Downtown Airport?,KMKC
What is the ICAO code for Dodoma Airport?,HTDO
What is the ICAO code for Tapini Airport?,AYTI
What is the ICAO code for Mildura Airport?,YMIA
What is the ICAO code for Vance Air Force Base?,KEND
What is the ICAO code for Spring Creek Airport?,YSPK
What is the ICAO code for Calvi – Sainte-Catherine Airport?,LFKC
What is the ICAO code for Pantelleria Airport?,LICG
What is the ICAO code for Ladysmith Airport?,FALY
What is the ICAO code for Virgil I. Grissom Municipal Airport?,KBFR
What is the ICAO code for Combolcha Airport?,HADC
What is the ICAO code for Shenyang Taoxian International Airport?,ZYTX
What is the ICAO code for Gloucestershire Airport?,EGBJ
What is the ICAO code for Puerto Lempira Airport?,MHPL
What is the ICAO code for Mondulkiri Airport?,VDMK
What is the ICAO code for Baldwin County Airport?,KMLJ
What is the ICAO code for Araxá Airport?,SBAX
What is the ICAO code for Qishn Airport?,OYQN
What is the ICAO code for Nanyuki Airport?,HKNY
What is the ICAO code for Tapuruquara Airport?,SWTP
What is the ICAO code for Vopnafjörður Airport?,BIVO
What is the ICAO code for McGrath Airport?,PAMC
What is the ICAO code for Incirlik Air Base?,LTAG
What is the ICAO code for Kumasi Airport?,DGSI
What is the ICAO code for Teniente Julio Gallardo Airport?,SCNT
What is the ICAO code for Gaziantep Oğuzeli International Airport?,LTAJ
What is the ICAO code for Queenstown Airport?,FAQT
What is the ICAO code for General Manuel Serrano Airport?,SEMH
What is the ICAO code for Ulyanovsk Vostochny Airport?,UWLW
What is the ICAO code for Akureyri Airport?,BIAR
What is the ICAO code for Sharp County Regional Airport?,KCVK
What is the ICAO code for Malanje Airport?,FNMA
What is the ICAO code for Johnson County Airport?,KBYG
What is the ICAO code for Usharal Airport?,UAAL
What is the ICAO code for Stephens Island Airport?,YSTI
What is the ICAO code for Toulon–Hyères Airport?,LFTH
What is the ICAO code for Târgu Mureș International Airport?,LRTM
What is the ICAO code for Ancona Falconara Airport?,LIPY
What is the ICAO code for Valdosta Regional Airport?,KVLD
What is the ICAO code for Kennett Memorial Airport?,KTKX
What is the ICAO code for Tarakbits Airport?,AYTT
What is the ICAO code for Zanjan Airport?,OITZ
What is the ICAO code for Dinard–Pleurtuit–Saint-Malo Airport?,LFRD
What is the ICAO code for Skardu Airport?,OPSD
What is the ICAO code for Asaba International Airport?,DNAS
What is the ICAO code for Grand Marais/Cook County Airport?,KCKC
What is the ICAO code for Stephenville Clark Regional Airport?,KSEP
What is the ICAO code for Blumenau Airport?,SSBL
What is the ICAO code for Ulaangom Airport?,ZMUG
What is the ICAO code for Bremerhaven Airport?,EDWB
What is the ICAO code for Lee Gilmer Memorial Airport?,KGVL
What is the ICAO code for Juan Mendoza Airport?,SLOR
What is the ICAO code for Semera Airport?,HASM
What is the ICAO code for Palm Springs International Airport?,KPSP
What is the ICAO code for Davenport Downs Airport?,YDPD
What is the ICAO code for Akutan Airport?,PAUT
What is the ICAO code for Mercedita Airport?,TJPS
What is the ICAO code for Great Harbour Cay Airport?,MYBG
What is the ICAO code for St Mary's Airport?,EGHE
What is the ICAO code for Olaya Herrera Airport?,SKMD
What is the ICAO code for Malacca International Airport?,WMKM
What is the ICAO code for Savannakhet Airport?,VLSK
What is the ICAO code for Engati Airport?,AYEN
What is the ICAO code for Gooding Municipal Airport?,KGNG
What is the ICAO code for Roskilde Airport?,EKRK
What is the ICAO code for Tinker Air Force Base?,KTIK
What is the ICAO code for Mueda Airport?,FQMD
What is the ICAO code for Bonaventure Airport?,CYVB
What is the ICAO code for Tobolsk Airport?,USTO
What is the ICAO code for Grundarfjörður Airport?,BIGF
What is the ICAO code for Tom Price Airport?,YTMP
What is the ICAO code for Buffalo Range Airport?,FVCZ
What is the ICAO code for Chhatrapati Shivaji International Airport?,VABB
What is the ICAO code for RAF Northolt?,EGWU
What is the ICAO code for Paso Robles Municipal Airport?,KPRB
What is the ICAO code for MidAmerica St. Louis Airport/Scott Air Force Base?,KBLV
What is the ICAO code for Rockhampton Downs Airport?,YRKD
What is the ICAO code for Creston Municipal Airport?,KCSQ
What is the ICAO code for Yogyakarta International Airport?,WAHI
What is the ICAO code for Eday Airport?,EGED
What is the ICAO code for RAF Lossiemouth?,EGQS
What is the ICAO code for Kauhajoki Airfield?,EFKJ
What is the ICAO code for Quepos La Managua Airport?,MRQP
What is the ICAO code for Teniente R. Marsh Airport?,SCRM
What is the ICAO code for Los Perales Airport?,SESV
What is the ICAO code for Québec City Jean Lesage International Airport?,CYQB
What is the ICAO code for Benalla Airport?,YBLA
What is the ICAO code for Nelson Airport?,NZNS
What is the ICAO code for Palo Alto Airport?,KPAO
What is the ICAO code for Swan River Airport?,CZJN
What is the ICAO code for Dschang Airport?,FKKS
What is the ICAO code for Xinyuan Nalati Airport?,ZWNL
What is the ICAO code for Bodinumu Airport?,AYBD
What is the ICAO code for Robert S. Kerr Airport?,KRKR
What is the ICAO code for Stinson Municipal Airport?,KSSF
What is the ICAO code for Cap Skirring Airport?,GOGS
What is the ICAO code for Pondok Cabe Airport?,WIHP
What is the ICAO code for Jardines del Rey Airport?,MUCC
What is the ICAO code for Great Barrier Aerodrome?,NZGB
What is the ICAO code for Noshahr Airport?,OINN
What is the ICAO code for Kalaupapa Airport?,PHLU
What is the ICAO code for Mayaguana Airport?,MYMM
What is the ICAO code for Matak Airport?,WIOM
What is the ICAO code for Sherbrooke Airport?,CYSC
What is the ICAO code for Cooktown Airport?,YCKN
What is the ICAO code for Pilot Point Airport?,PAPN
What is the ICAO code for Joensuu Airport?,EFJO
What is the ICAO code for Zahedan Airport?,OIZH
What is the ICAO code for Sirjan Airport?,OIKY
What is the ICAO code for Nouméa Magenta Airport?,NWWM
What is the ICAO code for King Khaled Military City Airport?,OEKK
What is the ICAO code for Dhaalu Airport?,VRMU
What is the ICAO code for Lonesome Pine Airport?,KLNP
What is the ICAO code for Gamboa Airport?,SCST
What is the ICAO code for Siem Reap–Angkor International Airport?,VDSA
What is the ICAO code for Capitán FAP Renán Elías Olivera Airport?,SPSO
What is the ICAO code for Sylt Airport?,EDXW
What is the ICAO code for Immokalee Regional Airport?,KIMM
What is the ICAO code for Sauðárkrókur Airport?,BIKR
What is the ICAO code for Belize City Municipal Airport?,MZBZ
What is the ICAO code for Staniel Cay Airport?,MYES
What is the ICAO code for Makoua Airport?,FCOM
What is the ICAO code for La Grande/Union County Airport?,KLGD
What is the ICAO code for Papun Airport?,VYPP
What is the ICAO code for Teseney Airport?,HHTS
What is the ICAO code for Karonga Airport?,FWKA
What is the ICAO code for Matamata Airport?,NZMA
What is the ICAO code for Pristina International Airport Adem Jashari?,BKPR
What is the ICAO code for Hartford–Brainard Airport?,KHFD
What is the ICAO code for Ilulissat Airport?,BGJN
What is the ICAO code for Bella Coola Airport?,CYBD
What is the ICAO code for Lee C. Fine Memorial Airport?,KAIZ
What is the ICAO code for Imane Airport?,AYII
What is the ICAO code for Asosa Airport?,HASO
What is the ICAO code for Kashechewan Airport?,CZKE
What is the ICAO code for Rahadi Osman Airport?,WIOK
What is the ICAO code for Ourilândia do Norte Airport?,SDOW
What is the ICAO code for Cootamundra Airport?,YCTM
What is the ICAO code for Ipiaú Airport?,SNIU
What is the ICAO code for Oksapmin Airport?,AYOJ
What is the ICAO code for Mehrabad International Airport?,OIII
What is the ICAO code for Ankavandra Airport?,FMMK
What is the ICAO code for Inongo Airport?,FZBA
What is the ICAO code for Marin County Airport?,KDVO
What is the ICAO code for Schefferville Airport?,CYKL
What is the ICAO code for Los Alamos County Airport?,KLAM
What is the ICAO code for Webequie Airport?,CYWP
What is the ICAO code for Castaway Island Seaplane Base?,NFCS
What is the ICAO code for Igarka Airport?,UOII
What is the ICAO code for Lukulu Airport?,FLLK
What is the ICAO code for Pune Airport?,VAPO
What is the ICAO code for Ruben Cantu Airport?,MPSA
What is the ICAO code for Abruzzo Airport?,LIBP
What is the ICAO code for Stella Maris Airport?,MYLS
What is the ICAO code for Corumbá International Airport?,SBCR
What is the ICAO code for Cooma–Snowy Mountains Airport?,YCOM
What is the ICAO code for Ponciano Arriaga International Airport?,MMSP
What is the ICAO code for Huntsville Municipal Airport?,KUTS
What is the ICAO code for Mfuwe Airport?,FLMF
What is the ICAO code for Talladega Municipal Airport?,KASN
What is the ICAO code for Jamnagar Airport?,VAJM
What is the ICAO code for Heho Airport?,VYHH
What is the ICAO code for Beringin Airport?,WAOM
What is the ICAO code for Ørland Airport?,ENOL
What is the ICAO code for Kahramanmaraş Airport?,LTCN
What is the ICAO code for Bario Airport?,WBGZ
What is the ICAO code for Auki Gwaunaru'u Airport?,AGGA
What is the ICAO code for Guapi Airport?,SKGP
What is the ICAO code for Davenport Municipal Airport?,KDVN
What is the ICAO code for Cachoeiro de Itapemirim Airport?,SNKI
What is the ICAO code for China Bay Airport?,VCCT
What is the ICAO code for Allegheny County Airport?,KAGC
What is the ICAO code for El Tehuelche Airport?,SAVY
What is the ICAO code for Quimper–Cornouaille Airport?,LFRQ
What is the ICAO code for Mont Tremblant International Airport?,CYFJ
What is the ICAO code for Opuwa Airport?,FYOP
What is the ICAO code for Pirapora Airport?,SNPX
What is the ICAO code for Asau Airport?,NSAU
What is the ICAO code for Tingo María Airport?,SPGM
What is the ICAO code for Biała Podlaska Airport?,EPBP
What is the ICAO code for Kolhapur Airport?,VAKP
What is the ICAO code for Rottnest Island Airport?,YRTI
What is the ICAO code for Eisenach-Kindel Airport?,EDGE
What is the ICAO code for Yengema Airport?,GFYE
What is the ICAO code for Kasongo Lunda Airport?,FZOK
What is the ICAO code for Oudtshoorn Airport?,FAOH
What is the ICAO code for Elorza Airport?,SVEZ
What is the ICAO code for Yamaguchi Ube Airport?,RJDC
What is the ICAO code for Attapeu International Airport?,VLAP
What is the ICAO code for Quanzhou Jinjiang International Airport?,ZSQZ
What is the ICAO code for Santa Bárbara de Barinas Airport?,SVSB
What is the ICAO code for Abemama Atoll Airport?,NGTB
What is the ICAO code for Alfonso López Pumarejo Airport?,SKVP
What is the ICAO code for Quinhagak Airport?,PAQH
What is the ICAO code for Smyrna Airport?,KMQY
What is the ICAO code for Moises R. Espinosa Airport?,RPVJ
What is the ICAO code for Greenvale Airport?,YGNV
What is the ICAO code for Saül Airport?,SOOS
What is the ICAO code for Kobe Airport?,RJBE
What is the ICAO code for Moyobamba Airport?,SPBB
What is the ICAO code for Bayankhongor Airport?,ZMBH
What is the ICAO code for Glengyle Airport?,YGLE
What is the ICAO code for Batumi International Airport?,UGSB
What is the ICAO code for Jinan Yaoqiang International Airport?,ZSJN
What is the ICAO code for Tabatinga International Airport?,SBTT
What is the ICAO code for Yuanmou Air Base?,ZPYM
What is the ICAO code for Bella Bella  Airport?,CBBC
What is the ICAO code for Jaén Airport?,SPJE
What is the ICAO code for Sylvester Airport?,KSYV
What is the ICAO code for Tureia Airport?,NTGY
"What is the ICAO code for Samos International Airport""Aristarchos of Samos""?",LGSM
What is the ICAO code for Laughlin Air Force Base?,KDLF
What is the ICAO code for Iconi Airport?,FMCN
What is the ICAO code for Kindu Airport?,FZOA
What is the ICAO code for Francisco Correa da Cruz Airport?,SWHT
What is the ICAO code for Mzuzu Airport?,FWUU
What is the ICAO code for Hagfors Airport?,ESOH
What is the ICAO code for Bialla Airport?,AYBL
What is the ICAO code for Pierre Regional Airport?,KPIR
What is the ICAO code for Quirindi Airport?,YQDI
What is the ICAO code for Frans Sales Lega Airport?,WATG
What is the ICAO code for Tonopah Airport?,KTPH
What is the ICAO code for Arvaikheer Airport?,ZMAH
What is the ICAO code for Georgetown Airport?,YGTN
What is the ICAO code for Albenga Airport?,LIMG
What is the ICAO code for March Air Reserve Base?,KRIV
What is the ICAO code for Sanana Airport?,WAPN
What is the ICAO code for Oktyabrsky Airport?,UWUK
What is the ICAO code for Iași International Airport?,LRIA
What is the ICAO code for Anyang Airport?,ZHAY
What is the ICAO code for Soddu Airport?,HASD
What is the ICAO code for Geneina Airport?,HSGN
What is the ICAO code for Temindung Airport?,WALS
What is the ICAO code for Defiance Memorial Airport?,KDFI
What is the ICAO code for Santiago de Compostela Airport?,LEST
What is the ICAO code for Jabiru Airport?,YJAB
What is the ICAO code for Lappeenranta Airport?,EFLP
What is the ICAO code for Frank Miloye Milenkowichi–Marília State Airport?,SBML
What is the ICAO code for Maun Airport?,FBMN
What is the ICAO code for Bandanaira Airport?,WAPC
What is the ICAO code for Charlotte Douglas International Airport?,KCLT
What is the ICAO code for RAF Mount Pleasant?,EGYP
What is the ICAO code for Gove Airport?,YPGV
What is the ICAO code for Guaíra Airport?,SSGY
What is the ICAO code for Varrelbusch Airport?,EDWU
What is the ICAO code for Velikiye Luki Airport?,ULOL
What is the ICAO code for Wales Airport?,PAIW
What is the ICAO code for Ogden-Hinckley Airport?,KOGD
What is the ICAO code for Osmani International Airport?,VGSY
What is the ICAO code for Ouyen Airport?,YOUY
What is the ICAO code for Nambucca Heads Airport?,YNHS
What is the ICAO code for Accomack County Airport?,KMFV
What is the ICAO code for Matsu Nangan Airport?,RCFG
What is the ICAO code for Beverley Springs Airport?,YBYS
What is the ICAO code for Qarn Alam Airport?,OOGB
What is the ICAO code for Indulkana Airport?,YIDK
What is the ICAO code for Alcides Fernández Airport?,SKAD
What is the ICAO code for Faaite Airport?,NTKF
What is the ICAO code for Uiju Airfield?,ZKUJ
What is the ICAO code for L'Aquila–Preturo Airport?,LIAP
What is the ICAO code for Fuyang Xiguan Airport?,ZSFY
What is the ICAO code for Koyukuk Airport?,PFKU
What is the ICAO code for Tchibanga Airport?,FOOT
What is the ICAO code for Wick Airport?,EGPC
What is the ICAO code for Esperance Airport?,YESP
What is the ICAO code for Powell River Airport?,CYPW
What is the ICAO code for Alexandria Municipal Airport?,KAXN
What is the ICAO code for Kostanay Airport?,UAUU
What is the ICAO code for Cross Lake  Airport?,CYCR
What is the ICAO code for Sindhri Airport?,OPMP
What is the ICAO code for Auburn/Lewiston Municipal Airport?,KLEW
What is the ICAO code for Kwethluk Airport?,PFKW
What is the ICAO code for Cangyuan Washan Airport?,ZPCW
"What is the ICAO code for Oslo Airport, Gardermoen?",ENGM
What is the ICAO code for Kawthaung Airport?,VYKT
What is the ICAO code for Sochi International Airport?,URSS
What is the ICAO code for Chacarita Airport?,MRCH
What is the ICAO code for Alert Bay Airport?,CYAL
What is the ICAO code for Vicksburg Municipal Airport?,KVKS
What is the ICAO code for Presidente Nicolau Lobato International Airport?,WPDL
What is the ICAO code for Shreveport Regional Airport?,KSHV
What is the ICAO code for Sultan Bantilan Airport?,WAMI
What is the ICAO code for Tribhuvan International Airport?,VNKT
What is the ICAO code for São Filipe Airport?,GVSF
What is the ICAO code for Artesia Municipal Airport?,KATS
What is the ICAO code for Kissimmee Gateway Airport?,KISM
What is the ICAO code for Bujumbura International Airport?,HBBA
What is the ICAO code for Moabi Airport?,FOGI
What is the ICAO code for San Vicente Airport?,RPSV
What is the ICAO code for Caiguna Airport?,YCAG
What is the ICAO code for Moisés Benzaquén Rengifo Airport?,SPMS
What is the ICAO code for Karasburg Airport?,FYKB
What is the ICAO code for Burley Municipal Airport?,KBYI
What is the ICAO code for Tazadit Airport?,GQPZ
What is the ICAO code for Inhambane Airport?,FQIN
What is the ICAO code for Akhiok Airport?,PAKH
What is the ICAO code for Ayawasi Airport?,WASA
What is the ICAO code for Yucca Airstrip?,KUCC
What is the ICAO code for Long Apung Airport?,WRLP
What is the ICAO code for JadeWeserAirport?,EDWI
What is the ICAO code for Slayton Municipal Airport?,KDVP
What is the ICAO code for Denis Island Airport?,FSSD
What is the ICAO code for Stockton Metropolitan Airport?,KSCK
What is the ICAO code for Mitiaro Airport?,NCMR
What is the ICAO code for Robert J. Miller Air Park?,KMJX
What is the ICAO code for Le Touquet – Côte d'Opale Airport?,LFAT
What is the ICAO code for Tunta Airport?,FZWT
What is the ICAO code for Hill City Municipal Airport?,KHLC
What is the ICAO code for Nausori International Airport?,NFNA
What is the ICAO code for Auburn Municipal Airport?,KAUN
What is the ICAO code for Itumbiara Airport?,SBIT
What is the ICAO code for Dalma Airport?,OMDL
What is the ICAO code for Izhevsk Airport?,USII
What is the ICAO code for Surat Airport?,VASU
What is the ICAO code for Mafeteng Airport?,FXMF
What is the ICAO code for Kenora Airport?,CYQK
What is the ICAO code for Göteborg City Airport?,ESGP
What is the ICAO code for Tallinn Airport?,EETN
What is the ICAO code for Port Meadville Airport?,KGKJ
What is the ICAO code for Marshalltown Municipal Airport?,KMIW
What is the ICAO code for Beira Airport?,FQBR
What is the ICAO code for Springfield–Branson National Airport?,KSGF
What is the ICAO code for Benbecula Airport?,EGPL
What is the ICAO code for Las Cruces Airport?,SKRU
What is the ICAO code for Grand Strand Airport?,KCRE
What is the ICAO code for Kufra Airport?,HLKF
What is the ICAO code for Razer Airport?,OARZ
What is the ICAO code for Prefeito Octávio de Almeida Neves Airport?,SNJR
What is the ICAO code for Richards Bay Airport?,FARB
What is the ICAO code for Poplar River Airport?,CZNG
What is the ICAO code for Diyarbakır Airport?,LTCC
What is the ICAO code for Myroodah Airport?,YMYR
What is the ICAO code for Vancouver Harbour Flight Centre?,CYHC
What is the ICAO code for Coventry Airport?,EGBE
What is the ICAO code for Helmuth Baungartem Airport?,SSLN
What is the ICAO code for Ross River Airport?,CYDM
What is the ICAO code for Juan Gualberto Gómez Airport?,MUVR
What is the ICAO code for Redcliffe Airport?,NVSR
What is the ICAO code for Orocue Airport?,SKOE
What is the ICAO code for Dawson City Airport?,CYDA
What is the ICAO code for Biarritz Pays Basque Airport?,LFBZ
What is the ICAO code for Hornepayne Municipal Airport?,CYHN
What is the ICAO code for Hydaburg Seaplane Base?,PAHY
What is the ICAO code for South Goulburn Island Airport?,YGBI
What is the ICAO code for Kertajati International Airport?,WICA
What is the ICAO code for Franklin County Airport?,KUOS
What is the ICAO code for Tamana Airport?,NGTM
What is the ICAO code for Batticaloa International Airport?,VCCB
What is the ICAO code for Le Puy – Loudes Airport?,LFHP
What is the ICAO code for Bahía Negra Airport?,SGBN
What is the ICAO code for Pedro Pereira dos Santos Airport?,SNPD
What is the ICAO code for Dulkaninna Airport?,YDLK
What is the ICAO code for Ndjolé Ville Airport?,FOGJ
What is the ICAO code for Catalão Airport?,SWKT
What is the ICAO code for Inagua Airport?,MYIG
What is the ICAO code for Moçâmedes Airport?,FNMO
What is the ICAO code for Grodno Airport?,UMMG
What is the ICAO code for Ürümqi Diwopu International Airport?,ZWWW
What is the ICAO code for Boké Baralande Airport?,GUOK
What is the ICAO code for Miami University Airport?,KOXD
What is the ICAO code for Camfield Airport?,YCFD
What is the ICAO code for Kikori Airport?,AYKK
What is the ICAO code for Francisco Beltrão Airport?,SSFB
What is the ICAO code for El Aguacate Airport?,MHGE
What is the ICAO code for Lviv Danylo Halytskyi International Airport?,UKLL
What is the ICAO code for Pongtiku Airport?,WAWT
What is the ICAO code for Sauce Viejo Airport?,SAAV
What is the ICAO code for Tehachapi Municipal Airport?,KTSP
What is the ICAO code for Lima Allen County Airport?,KAOH
What is the ICAO code for Achinsk Airport?,UNKS
What is the ICAO code for Del Bajío International Airport?,MMLO
What is the ICAO code for Daqing Sartu Airport?,ZYDQ
What is the ICAO code for Frutillar Airport?,SCFI
What is the ICAO code for Fort Scott Municipal Airport?,KFSK
What is the ICAO code for Vidalia Regional Airport?,KVDI
What is the ICAO code for Devi Ahilyabai Holkar International Airport?,VAID
What is the ICAO code for Pickle Lake Airport?,CYPL
What is the ICAO code for Presidente Perón International Airport?,SAZN
What is the ICAO code for Francisco Álvares de Assis Airport?,SBJF
What is the ICAO code for Sri Guru Ram Dass Jee International Airport?,VIAR
What is the ICAO code for Bindlacher Berg Airport?,EDQD
What is the ICAO code for Omboué Hospital Airport?,FOOH
What is the ICAO code for Russian Mission Airport?,PARS
What is the ICAO code for Williston Basin International Airport?,KXWA
What is the ICAO code for Pô Airport?,DFCP
What is the ICAO code for Mohamed Boudiaf International Airport?,DABC
What is the ICAO code for Bathurst Airport?,CZBF
What is the ICAO code for Innsbruck Airport?,LOWI
What is the ICAO code for Moody Air Force Base?,KVAD
What is the ICAO code for Rabi Airport?,NFFR
What is the ICAO code for Elliot Lake Municipal Airport?,CYEL
What is the ICAO code for Alykel Airport?,UOOO
What is the ICAO code for Kamberatoro Airport?,AYTO
What is the ICAO code for Ufa International Airport?,UWUU
What is the ICAO code for Jalaluddin Airport?,WAMG
What is the ICAO code for Al Abraq International Airport?,HLLQ
What is the ICAO code for Herat International Airport?,OAHR
What is the ICAO code for Fairfield Municipal Airport?,KFFL
What is the ICAO code for Ust-Kuyga Airport?,UEBT
What is the ICAO code for Ogdensburg International Airport?,KOGS
What is the ICAO code for Matari Airport?,FZJH
What is the ICAO code for Dawson Creek Airport?,CYDQ
What is the ICAO code for Daniel Field?,KDNL
What is the ICAO code for Sultan Babullah Airport?,WAEE
What is the ICAO code for Harrisburg-Raleigh Airport?,KHSB
What is the ICAO code for Depati Amir Airport?,WIPK
What is the ICAO code for Dubrovnik Airport?,LDDU
What is the ICAO code for Tambacounda Airport?,GOTT
What is the ICAO code for Jijel Ferhat Abbas Airport?,DAAV
What is the ICAO code for Fergana International Airport?,UTKF
What is the ICAO code for Lea County Regional Airport?,KHOB
What is the ICAO code for South Wood County Airport?,KISW
What is the ICAO code for La Esperanza Airport?,MHLE
What is the ICAO code for Miami Municipal Airport?,KMIO
What is the ICAO code for Saint-Jean Airport?,CYJN
What is the ICAO code for Hargeisa International Airport?,HCMH
What is the ICAO code for Beihai Fucheng Airport?,ZGBH
What is the ICAO code for Teruel Airport?,LETL
What is the ICAO code for Mulu Airport?,WBMU
What is the ICAO code for Kédougou Airport?,GOTK
What is the ICAO code for Port-de-Paix Airport?,MTPX
What is the ICAO code for Petit Jean Park Airport?,KMPJ
What is the ICAO code for Millington Regional Jetport?,KNQA
What is the ICAO code for Alberto Alcolumbre International Airport?,SBMQ
What is the ICAO code for Mwadui Airport?,HTMD
What is the ICAO code for Vologda Airport?,ULWW
What is the ICAO code for Mtwara Airport?,HTMT
What is the ICAO code for Jorge Newbery Airpark?,SABE
What is the ICAO code for Mandera Airport?,HKMA
What is the ICAO code for Gage Airport?,KGAG
What is the ICAO code for Manakara Airport?,FMSK
What is the ICAO code for Tehuacán Airport?,MMHC
What is the ICAO code for Wapenamanda Airport?,AYWD
What is the ICAO code for Northeast Philadelphia Airport?,KPNE
What is the ICAO code for Roanoke–Blacksburg Regional Airport?,KROA
What is the ICAO code for Lee Airport?,KANP
What is the ICAO code for Culberson County Airport?,KVHN
What is the ICAO code for Antwerp International Airport?,EBAW
What is the ICAO code for Sardar Vallabhbhai Patel International Airport?,VAAH
What is the ICAO code for Gulu Airport?,HUGU
What is the ICAO code for Toliara Airport?,FMST
What is the ICAO code for Masindi Airport?,HUMI
What is the ICAO code for Aransas County Airport?,KRKP
What is the ICAO code for Mizan Teferi Airport?,HAMT
What is the ICAO code for Fangatau Airport?,NTGB
What is the ICAO code for Yuendumu Airport?,YYND
What is the ICAO code for Guaratinguetá Airport?,SBGW
What is the ICAO code for Guanare Airport?,SVGU
What is the ICAO code for Z. M. Jack Stell Field?,KCRT
What is the ICAO code for Gewoia Airport?,AYGC
What is the ICAO code for Enid Woodring Regional Airport?,KWDG
What is the ICAO code for Fort Bridger Airport?,KFBR
What is the ICAO code for Mora–Siljan Airport?,ESKM
What is the ICAO code for Prince Abdul Majeed bin Abdulaziz Domestic Airport?,OEAO
What is the ICAO code for Monseñor Óscar Arnulfo Romero International Airport?,MSLP
What is the ICAO code for Gilgit Airport?,OPGT
What is the ICAO code for Lubbock Preston Smith International Airport?,KLBB
What is the ICAO code for Ixtepec Airport?,MMIT
What is the ICAO code for Caldas Novas Airport?,SWKN
What is the ICAO code for Lankaran International Airport?,UBBL
What is the ICAO code for St. Catharines/Niagara District Airport?,CYSN
What is the ICAO code for Supadio Airport?,WIOO
What is the ICAO code for Hong Kong International Airport?,VHHH
What is the ICAO code for Cuamba Airport?,FQCB
What is the ICAO code for Kalmar Airport?,ESMQ
What is the ICAO code for Dazhou Jinya Airport?,ZUDA
What is the ICAO code for Mattala Rajapaksa International Airport?,VCRI
What is the ICAO code for Menongue Airport?,FNME
What is the ICAO code for Miramichi Airport?,CYCH
What is the ICAO code for Minami-Daito Airport?,ROMD
What is the ICAO code for Gaggal Airport?,VIGG
What is the ICAO code for Zaporizhzhia International Airport?,UKDE
What is the ICAO code for Victoria International Airport?,CYYJ
What is the ICAO code for Dera Ghazi Khan International Airport?,OPDG
What is the ICAO code for Henry E. Rohlsen Airport?,TISX
What is the ICAO code for Piloto Civil Norberto Fernández International Airport?,SAWG
What is the ICAO code for Victoria Regional Airport?,KVCT
What is the ICAO code for Sohar Airport?,OOSH
What is the ICAO code for Soalala Airport?,FMNO
What is the ICAO code for Almenara Airport?,SNAR
What is the ICAO code for Tindouf Airport?,DAOF
What is the ICAO code for Weerawila Airport?,VCCW
What is the ICAO code for Kayes Airport?,GAKY
What is the ICAO code for Hornafjörður Airport?,BIHN
What is the ICAO code for Nanchang Changbei International Airport?,ZSCN
What is the ICAO code for Albina Airstrip?,SMBN
What is the ICAO code for Afonso Pena International Airport?,SBCT
What is the ICAO code for Golfito Airport?,MRGF
What is the ICAO code for Pukapuka Island Airport?,NCPK
What is the ICAO code for Osborne Mine Airport?,YOSB
What is the ICAO code for Mangole Airport?,WAPE
What is the ICAO code for Takoradi Airport?,DGTK
What is the ICAO code for Río Frío Airport?,MRRF
What is the ICAO code for Wonju Airport?,RKNW
What is the ICAO code for Placerville Airport?,KPVF
What is the ICAO code for Ouagadougou Airport?,DFFD
What is the ICAO code for Malelane Airport?,FAMN
What is the ICAO code for Ust-Ilimsk Airport?,UIBS
What is the ICAO code for Baglung Airport?,VNBL
What is the ICAO code for Hermiston Municipal Airport?,KHRI
What is the ICAO code for South Galway Airport?,YSGW
What is the ICAO code for Astoria Regional Airport?,KAST
What is the ICAO code for Los Cabos International Airport?,MMSD
What is the ICAO code for Candala Airport?,HCMC
What is the ICAO code for RAF Akrotiri?,LCRA
What is the ICAO code for Curuzú Cuatiá Airport?,SATU
What is the ICAO code for Cascade Locks State Airport?,KCZK
What is the ICAO code for Conakry International Airport?,GUCY
What is the ICAO code for Cape May Airport?,KWWD
What is the ICAO code for Streaky Bay Airport?,YKBY
What is the ICAO code for Houma–Terrebonne Airport?,KHUM
What is the ICAO code for Pukarua Airport?,NTGQ
What is the ICAO code for Bergerac Dordogne Périgord Airport?,LFBE
What is the ICAO code for Kasos Island Public Airport?,LGKS
What is the ICAO code for Bosset Airport?,AYET
What is the ICAO code for Kirakira Airport?,AGGK
What is the ICAO code for Richard Toll Airport?,GOSR
What is the ICAO code for Wa Airport?,DGLW
What is the ICAO code for Vigo–Peinador Airport?,LEVX
What is the ICAO code for Fukue Airport?,RJFE
What is the ICAO code for Ruby Airport?,PARY
What is the ICAO code for Bornholm Airport?,EKRN
What is the ICAO code for Benson Municipal Airport?,KBBB
What is the ICAO code for Yantai Penglai International Airport?,ZSYT
What is the ICAO code for Birsa Munda Airport?,VERC
What is the ICAO code for Abéché Airport?,FTTC
What is the ICAO code for Lismore Airport?,YLIS
What is the ICAO code for Vilyuysk Airport?,UENW
What is the ICAO code for Kaduna Airport?,DNKA
What is the ICAO code for Ken Jones Aerodrome?,MKKJ
What is the ICAO code for Summit Airport?,PAST
What is the ICAO code for Brampton Island Airport?,YBPI
What is the ICAO code for Adak Airport?,PADK
What is the ICAO code for Güiria Airport?,SVGI
What is the ICAO code for Garfield County Regional Airport?,KRIL
What is the ICAO code for Elizabethtown Regional Airport?,KEKX
What is the ICAO code for Kerteh Airport?,WMKE
What is the ICAO code for Kozani National Airport?,LGKZ
What is the ICAO code for Dharavandhoo Airport?,VRMD
What is the ICAO code for Carrillo Airport?,MRCR
What is the ICAO code for Kamphaeng Saen Airport?,VTBK
What is the ICAO code for Shenandoah Valley Regional Airport?,KSHD
What is the ICAO code for Ranai Airport?,WION
What is the ICAO code for Dillon County Airport?,KDLC
What is the ICAO code for Bokeo International Airport?,VLBK
What is the ICAO code for Raduzhny Airport?,USNR
What is the ICAO code for Presidente Prudente Airport?,SBDN
What is the ICAO code for Juist Airport?,EDWJ
What is the ICAO code for Yanji Chaoyangchuan Airport?,ZYYJ
What is the ICAO code for Montgomery Field Airport?,KMYF
What is the ICAO code for La Ronge  Airport?,CYVC
What is the ICAO code for Turku Airport?,EFTU
What is the ICAO code for Show Low Regional Airport?,KSOW
What is the ICAO code for Kapalua Airport?,PHJH
What is the ICAO code for Capitán Fuentes Martínez Airport?,SCFM
What is the ICAO code for Depati Parbo Airport?,WIPH
What is the ICAO code for Kagoshima Airport?,RJFK
What is the ICAO code for Lampang Airport?,VTCL
What is the ICAO code for William T. Piper Memorial Airport?,KLHV
What is the ICAO code for Flin Flon Airport?,CYFO
What is the ICAO code for Stevens Point Municipal Airport?,KSTE
What is the ICAO code for Billy Mitchell Airport?,KHSE
What is the ICAO code for Chungrebu Airport?,AYCB
What is the ICAO code for Mokuti Lodge Airport?,FYMO
What is the ICAO code for Leoš Janáček Airport Ostrava?,LKMT
What is the ICAO code for Bonriki International Airport?,NGTA
What is the ICAO code for Middlemount Airport?,YMMU
What is the ICAO code for Crooked Creek Airport?,PACJ
What is the ICAO code for Narrandera Airport?,YNAR
What is the ICAO code for San Rafael Airport?,SVTC
What is the ICAO code for Moruya Airport?,YMRY
What is the ICAO code for Brookings Regional Airport?,KBKX
What is the ICAO code for Eduardo Gomes International Airport?,SBEG
What is the ICAO code for Papa Westray Airport?,EGEP
What is the ICAO code for Bahawalpur Airport?,OPBW
What is the ICAO code for Delta Downs Airport?,YDLT
What is the ICAO code for Banning Municipal Airport?,KBNG
What is the ICAO code for Pattani Airport?,VTSK
What is the ICAO code for Oki Airport?,RJNO
What is the ICAO code for Angel Fire Airport?,KAXX
What is the ICAO code for Masirah Air Base?,OOMA
What is the ICAO code for Region of Waterloo International Airport?,CYKF
What is the ICAO code for Okhotsk Airport?,UHOO
What is the ICAO code for Siirt Airport?,LTCL
What is the ICAO code for Foshan Shadi Airport?,ZGFS
What is the ICAO code for Lanai Airport?,PHNY
What is the ICAO code for Mullewa Airport?,YMWA
What is the ICAO code for Denver International Airport?,KDEN
What is the ICAO code for Yam Island Airport?,YYMI
What is the ICAO code for Limoges – Bellegarde Airport?,LFBL
What is the ICAO code for Norman's Cay Airport?,MYEN
What is the ICAO code for Atarot Airport?,OJJR
What is the ICAO code for Killeen Regional Airport/Robert Gray Army Airfield?,KGRK
What is the ICAO code for Egilsstaðir Airport?,BIEG
What is the ICAO code for Fort Simpson Airport?,CYFS
What is the ICAO code for Avon Park Executive Airport?,KAVO
What is the ICAO code for Los Chiles Airport?,MRLC
What is the ICAO code for Lake Simcoe Regional Airport?,CYLS
What is the ICAO code for Scottsdale Airport?,KSDL
What is the ICAO code for Roma Airport?,YROM
What is the ICAO code for Nathong Airport?,VLSN
What is the ICAO code for Estherville Municipal Airport?,KEST
What is the ICAO code for Copalar Airport?,MMCO
What is the ICAO code for Hale County Airport?,KPVW
What is the ICAO code for Talhar Airport?,OPTH
What is the ICAO code for Sullivan County Airport?,KSIV
What is the ICAO code for Niquelândia Airport?,SWNQ
What is the ICAO code for Butare Airport?,HRYI
What is the ICAO code for Inishmaan Aerodrome?,EIMN
What is the ICAO code for Natchez–Adams County Airport?,KHEZ
What is the ICAO code for Khanty-Mansiysk Airport?,USHH
What is the ICAO code for El Tari Airport?,WATT
What is the ICAO code for Nuremberg Airport?,EDDN
What is the ICAO code for George F. L. Charles Airport?,TLPC
What is the ICAO code for Necochea Airport?,SAZO
What is the ICAO code for Arthur Siqueira–Bragança Paulista State Airport?,SBBP
What is the ICAO code for Niuatoputapu Airport?,NFTP
What is the ICAO code for Zvartnots International Airport?,UDYZ
What is the ICAO code for Essen/Mülheim Airport?,EDLE
What is the ICAO code for Fairchild Air Force Base?,KSKA
What is the ICAO code for Shahid Sadooghi Airport?,OIYY
What is the ICAO code for Olyokminsk Airport?,UEMO
What is the ICAO code for Palenque International Airport?,MMPQ
What is the ICAO code for Pilanesberg International Airport?,FAPN
What is the ICAO code for Newport State Airport?,KEFK
What is the ICAO code for Évreux-Fauville Air Base?,LFOE
What is the ICAO code for Katiu Airport?,NTKT
What is the ICAO code for Joshua Mqabuko Nkomo International Airport?,FVBU
What is the ICAO code for Kerau Airport?,AYEA
What is the ICAO code for Battle Mountain Airport?,KBAM
What is the ICAO code for Hubli Airport?,VAHB
What is the ICAO code for Bryant Army Airport?,PAFR
What is the ICAO code for Dease Lake Airport?,CYDL
What is the ICAO code for Lt. Warren Eaton Airport?,KOIC
What is the ICAO code for Wyndham Airport?,YWYM
What is the ICAO code for Yapsiei Airport?,AYYP
What is the ICAO code for Pangsuma Airport?,WIOP
What is the ICAO code for Henry County Airport?,KPHT
What is the ICAO code for Bouaké Airport?,DIBK
What is the ICAO code for Swami Vivekananda Airport?,VARP
What is the ICAO code for Obbia Airport?,HCMO
What is the ICAO code for Dryden Regional Airport?,CYHD
What is the ICAO code for Long Lellang Airport?,WBGF
What is the ICAO code for Walcha Airport?,YWCH
What is the ICAO code for Colonia Airport?,SUCA
What is the ICAO code for Oostmalle Airfield?,EBZR
What is the ICAO code for Iowa City Municipal Airport?,KIOW
What is the ICAO code for Muscat International Airport?,OOMS
What is the ICAO code for Cravo Norte Airport?,SKCN
What is the ICAO code for Norfolk Regional Airport?,KOFK
What is the ICAO code for Hartsville Regional Airport?,KHVS
What is the ICAO code for Buli Airport?,WAEM
What is the ICAO code for Sultan Hasanuddin International Airport?,WAAA
What is the ICAO code for Yaoundé Airport?,FKKY
What is the ICAO code for Darwaz Airport?,OADZ
What is the ICAO code for Perpignan–Rivesaltes Airport?,LFMP
What is the ICAO code for Axum Airport?,HAAX
What is the ICAO code for Lubango Mukanka Airport?,FNUB
What is the ICAO code for Bull Harbour Waterdrome?,CYBH
What is the ICAO code for Christmas Creek Airport?,YCRK
What is the ICAO code for Wexford County Airport?,KCAD
What is the ICAO code for Vitebsk Vostochny Airport?,UMII
What is the ICAO code for Dukuduku Airport?,FADK
What is the ICAO code for Chuuk International Airport?,PTKK
What is the ICAO code for Injune Airport?,YINJ
What is the ICAO code for Oskaloosa Municipal Airport?,KOOA
What is the ICAO code for Fürstenfeldbruck Air Base?,ETSF
What is the ICAO code for Tamuín National Airport?,MMTN
What is the ICAO code for Independence Municipal Airport?,KIDP
What is the ICAO code for Williams Lake Airport?,CYWL
What is the ICAO code for Marseille Provence Airport?,LFML
What is the ICAO code for Swan Hill Airport?,YSWH
What is the ICAO code for Koolburra Airport?,YKLB
What is the ICAO code for Long Island MacArthur Airport?,KISP
What is the ICAO code for Al Bateen Executive Airport?,OMAD
What is the ICAO code for Bern Airport?,LSZB
What is the ICAO code for Shanghai Hongqiao International Airport?,ZSSS
What is the ICAO code for Moranbah Airport?,YMRB
What is the ICAO code for Ambunti Airport?,AYAT
What is the ICAO code for Mulegé Airstrip?,MMMG
What is the ICAO code for Abu Musa Airport?,OIBA
What is the ICAO code for RAF Scampton?,EGXP
What is the ICAO code for Santa Barbara Municipal Airport?,KSBA
What is the ICAO code for Cape Palmas Airport?,GLCP
What is the ICAO code for Concord Regional Airport?,KJQF
What is the ICAO code for Mutiara Airport?,WAFF
What is the ICAO code for Navoiy International Airport?,UTSA
What is the ICAO code for Florence Regional Airport?,KFLO
What is the ICAO code for Las Gaviotas Airport?,SKGA
What is the ICAO code for Brownsville/South Padre Island International Airport?,KBRO
What is the ICAO code for Maharana Pratap Airport?,VAUD
What is the ICAO code for CFB Greenwood?,CYZX
What is the ICAO code for Cimitarra Airport?,SKCM
What is the ICAO code for Bento Gonçalves Airport?,SSBG
What is the ICAO code for Eureka Aerodrome?,CYEU
What is the ICAO code for Juwata International Airport?,WALR
What is the ICAO code for Moyale Airport?,HKMY
What is the ICAO code for Khorramabad Airport?,OICK
What is the ICAO code for São Mateus Airport?,SNMX
What is the ICAO code for Saint-Brieuc – Armor Airport?,LFRT
What is the ICAO code for Albacete Airport?,LEAB
What is the ICAO code for Parker County Airport?,KWEA
What is the ICAO code for Nanaimo Airport?,CYCD
What is the ICAO code for Dobbins Air Reserve Base?,KMGE
What is the ICAO code for Khashm el Girba Airport?,HSKG
What is the ICAO code for Brunswick Executive Airport?,KBXM
What is the ICAO code for Bossangoa Airport?,FEFS
What is the ICAO code for Spencer Municipal Airport?,KSPW
What is the ICAO code for Taupō Airport?,NZAP
What is the ICAO code for Balesin Airport?,RPLE
"What is the ICAO code for ""Solidarity"" Szczecin–Goleniów Airport?",EPSC
What is the ICAO code for Khwahan Airport?,OAHN
What is the ICAO code for Lae Nadzab Airport?,AYNZ
What is the ICAO code for Kismayo Airport?,HCMK
What is the ICAO code for Hasvik Airport?,ENHK
What is the ICAO code for Hat Yai International Airport?,VTSS
What is the ICAO code for NAES Lakehurst?,KNEL
What is the ICAO code for Azaza Airport?,HSGF
What is the ICAO code for Armando Schwarck Airport?,SVAS
What is the ICAO code for Barnaul Airport?,UNBB
What is the ICAO code for Ramstein Air Base?,ETAR
What is the ICAO code for Guerrero Negro Airport?,MMGR
What is the ICAO code for Balranald Airport?,YBRN
What is the ICAO code for Elmendorf Air Force Base?,PAED
What is the ICAO code for Koro Airport?,NFNO
What is the ICAO code for Loreto International Airport?,MMLT
What is the ICAO code for Chokurdakh Airport?,UESO
What is the ICAO code for General Santos International Airport?,RPMR
What is the ICAO code for Okeechobee County Airport?,KOBE
What is the ICAO code for Argyle International Airport?,TVSA
What is the ICAO code for Barrow/Walney Island Airport?,EGNL
What is the ICAO code for Kadhdhoo Airport?,VRMK
What is the ICAO code for Hun Airport?,HLON
What is the ICAO code for Rutland – Southern Vermont Regional Airport?,KRUT
What is the ICAO code for Karumba Airport?,YKMB
What is the ICAO code for Noi Bai International Airport?,VVNB
What is the ICAO code for Grand Central Airport?,FAGC
What is the ICAO code for Phu Bai International Airport?,VVPB
What is the ICAO code for Labo Airport?,RPMO
What is the ICAO code for Kaadedhdhoo Airport?,VRMT
What is the ICAO code for Matthews Ridge Airport?,SYMR
What is the ICAO code for Kortrijk–Wevelgem International Airport?,EBKT
What is the ICAO code for John Greif II Airport?,MZSP
What is the ICAO code for Morondava Airport?,FMMV
What is the ICAO code for Worthington Municipal Airport?,KOTG
What is the ICAO code for Tauranga Airport?,NZTG
What is the ICAO code for Chinchilla Airport?,YCCA
What is the ICAO code for Will Rogers World Airport?,KOKC
What is the ICAO code for Barimunya Airport?,YBRY
What is the ICAO code for Santa Maria Public Airport?,KSMX
What is the ICAO code for Tuticorin Airport?,VOTK
What is the ICAO code for Koltsovo International Airport?,USSS
What is the ICAO code for Norman Manley International Airport?,MKJP
What is the ICAO code for Mindiptana Airport?,WAKD
What is the ICAO code for Netaji Subhas Chandra Bose International Airport?,VECC
What is the ICAO code for Useless Loop Airport?,YUSL
What is the ICAO code for Jack Edwards Airport?,KJKA
What is the ICAO code for San Andros Airport?,MYAN
What is the ICAO code for Marakei Airport?,NGMK
What is the ICAO code for Boolgeeda Airport?,YBGD
What is the ICAO code for Moundou Airport?,FTTD
What is the ICAO code for Southdowns Airport?,FLSO
What is the ICAO code for Baruun-Urt Airport?,ZMBU
What is the ICAO code for Carlos Concha Torres International Airport?,SETN
What is the ICAO code for Denizli Çardak Airport?,LTAY
What is the ICAO code for Marudi Airport?,WBGM
What is the ICAO code for Victoria River Downs Airport?,YVRD
What is the ICAO code for Enniskillen/St Angelo Airport?,EGAB
What is the ICAO code for Teniente General Benjamín Matienzo International Airport?,SANT
What is the ICAO code for Paz de Ariporo Airport?,SKPZ
What is the ICAO code for Sadiq Abubakar III International Airport?,DNSO
What is the ICAO code for Sandstone Airport?,YSAN
What is the ICAO code for Djerba–Zarzis International Airport?,DTTJ
What is the ICAO code for Leinster Airport?,YLST
What is the ICAO code for Rochefort – Saint-Agnant Airport?,LFDN
What is the ICAO code for Brest Airport?,UMBB
What is the ICAO code for Dimbokro Airport?,DIDK
What is the ICAO code for Oshakati Airport?,FYOS
What is the ICAO code for Daru Airport?,AYDU
What is the ICAO code for Tiga Airport?,NWWA
What is the ICAO code for A.P. Hill Army Airfield?,KAPH
What is the ICAO code for A Coruña Airport?,LECO
What is the ICAO code for Michigan City Municipal Airport?,KMGC
What is the ICAO code for Lamar Municipal Airport?,KLAA
What is the ICAO code for Loiyangalani Airport?,HKLY
What is the ICAO code for Devonport Airport?,YDPO
What is the ICAO code for Lianyungang Baitabu Airport?,ZSLG
What is the ICAO code for Kambalda Airport?,YKBL
What is the ICAO code for Cotulla–La Salle County Airport?,KCOT
What is the ICAO code for Tippi Airport?,HATP
What is the ICAO code for Peterborough Airport?,CYPQ
What is the ICAO code for Doncaster Sheffield Airport?,EGCN
What is the ICAO code for Lambaréné Airport?,FOGR
What is the ICAO code for Benjina Airport?,WAPK
What is the ICAO code for Bensbach Airport?,AYBH
What is the ICAO code for Jorge Wilstermann International Airport?,SLCB
What is the ICAO code for Baotou Airport?,ZBOW
What is the ICAO code for Hendrik Van Eck Airport?,FAPH
What is the ICAO code for Port Sudan New International Airport?,HSPN
What is the ICAO code for Faribault Municipal Airport?,KFBL
What is the ICAO code for Khok Kathiam Air Force Base?,VTBL
What is the ICAO code for Enfidha-Hammamet International Airport?,DTNH
What is the ICAO code for Bologna Guglielmo Marconi Airport?,LIPE
What is the ICAO code for NAS Fallon?,KNFL
What is the ICAO code for Bird Island Airport?,FSSB
What is the ICAO code for PAF Base Shahbaz?,OPJA
What is the ICAO code for Zamboanga International Airport?,RPMZ
"What is the ICAO code for Trondheim Airport, Værnes?",ENVA
What is the ICAO code for Winnipeg James Armstrong Richardson International Airport?,CYWG
"What is the ICAO code for Copenhagen Airport, Kastrup?",EKCH
What is the ICAO code for Shirak Airport?,UDSG
What is the ICAO code for Tiko Airport?,FKKC
What is the ICAO code for Southwest Florida International Airport?,KRSW
What is the ICAO code for North Bay/Jack Garland Airport?,CYYB
What is the ICAO code for RAF Kinloss?,EGQK
What is the ICAO code for Big Lake Airport?,PAGQ
What is the ICAO code for Stavropol Shpakovskoye Airport?,URMT
What is the ICAO code for Kitale Airport?,HKKT
What is the ICAO code for Vaasa Airport?,EFVA
What is the ICAO code for Hesa Air Base?,OIFE
What is the ICAO code for Del Norte International Airport?,MMAN
What is the ICAO code for Uyuni Airport?,SLUY
What is the ICAO code for Noida International Airport?,VIND
What is the ICAO code for Skagit Regional Airport?,KBVS
What is the ICAO code for Augusta State Airport?,KAUG
What is the ICAO code for Ravenna Airport?,LIDR
What is the ICAO code for Savuti Airport?,FBSV
What is the ICAO code for Söderhamn Airport?,ESNY
What is the ICAO code for Aden International Airport?,OYAA
What is the ICAO code for Marsh Harbour Airport?,MYAM
What is the ICAO code for Warwick Airport?,YWCK
What is the ICAO code for Taichung Airport?,RCMQ
What is the ICAO code for Alegrete Airport?,SSLT
What is the ICAO code for Hannover Airport?,EDDV
What is the ICAO code for Whyalla Airport?,YWHA
What is the ICAO code for Ban Huoeisay Airport?,VLHS
What is the ICAO code for King Khalid International Airport?,OERK
What is the ICAO code for NS Mayport?,KNRB
What is the ICAO code for Springbok Airport?,FASB
What is the ICAO code for Pittsfield Municipal Airport?,KPSF
What is the ICAO code for Anatom Airport?,NVVA
What is the ICAO code for Putumayo Airport?,SEPT
What is the ICAO code for Isisford Airport?,YISF
What is the ICAO code for Zhoushan Putuoshan Airport?,ZSZS
What is the ICAO code for Gebe Airport?,WAMJ
What is the ICAO code for Barstow-Daggett Airport?,KDAG
What is the ICAO code for Deputado Luís Eduardo Magalhães International Airport?,SBSV
What is the ICAO code for Öndörkhaan Airport?,ZMUH
What is the ICAO code for Cuneo International Airport?,LIMZ
What is the ICAO code for Rawlins Municipal Airport?,KRWL
What is the ICAO code for Jomsom Airport?,VNJS
What is the ICAO code for Central Nebraska Regional Airport?,KGRI
What is the ICAO code for Clermont Airport?,YCMT
What is the ICAO code for Bohol–Panglao International Airport?,RPSP
What is the ICAO code for Shark Bay Airport?,YSHK
What is the ICAO code for Chaves Airport?,LPCH
What is the ICAO code for Rosh Pina Airport?,LLIB
What is the ICAO code for Boraldai Airport?,UAAR
What is the ICAO code for Koné Airport?,NWWD
What is the ICAO code for São Gonçalo do Amarante–Governador Aluízio Alves International Airport?,SBNT
What is the ICAO code for Pickens County Airport?,KLQK
What is the ICAO code for Park Township Airport?,KHLM
What is the ICAO code for Tancredo Thomas de Faria Airport?,SBGU
What is the ICAO code for Olomouc Airport?,LKOL
What is the ICAO code for Sioux Gateway Airport?,KSUX
What is the ICAO code for Kapit Airport?,WBGP
What is the ICAO code for Charlottetown Airport?,CYYG
What is the ICAO code for Bamyan Airport?,OABN
What is the ICAO code for Oakland County International Airport?,KPTK
What is the ICAO code for Corryong Airport?,YCRG
What is the ICAO code for Gaua Airport?,NVSQ
What is the ICAO code for Moffett Federal Airfield?,KNUQ
What is the ICAO code for Taganrog Airport?,URRT
What is the ICAO code for TSTC Waco Airport?,KCNW
What is the ICAO code for Takhli Royal Thai Air Force Base?,VTPI
What is the ICAO code for Merluna Airport?,YMEU
What is the ICAO code for Lodja Airport?,FZVA
"What is the ICAO code for Tartagal ""General Enrique Mosconi"" Airport?",SAST
What is the ICAO code for Kondubol Airport?,AYDL
What is the ICAO code for Ohio State University Airport?,KOSU
What is the ICAO code for Juancho E. Yrausquin Airport?,TNCS
What is the ICAO code for Heide–Büsum Airport?,EDXB
What is the ICAO code for Golfo de Morrosquillo Airport?,SKTL
What is the ICAO code for Jacarepaguá Airport?,SBJR
What is the ICAO code for Chongqing Jiangbei International Airport?,ZUCK
What is the ICAO code for Mobridge Municipal Airport?,KMBG
What is the ICAO code for Murray Island Airport?,YMUI
What is the ICAO code for Wirasaba Airport?,WICP
What is the ICAO code for Plymouth City Airport?,EGHD
What is the ICAO code for Truth or Consequences Municipal Airport?,KTCS
What is the ICAO code for El Alcaraván Airport?,SKYP
What is the ICAO code for Tocumwal Airport?,YTOC
"What is the ICAO code for Thessaloniki Airport ""Macedonia""?",LGTS
What is the ICAO code for Wakkanai Airport?,RJCW
What is the ICAO code for Emo Airport?,AYEO
What is the ICAO code for McNary Field?,KSLE
What is the ICAO code for Kanab Municipal Airport?,KKNB
What is the ICAO code for Shreveport Downtown Airport?,KDTN
What is the ICAO code for Tbilisi International Airport?,UGTB
What is the ICAO code for Pine Cay Airport?,MBPI
What is the ICAO code for Brunei International Airport?,WBSB
What is the ICAO code for Mostépha Ben Boulaid Airport?,DABT
What is the ICAO code for Pago Pago International Airport?,NSTU
What is the ICAO code for Mungeranie Airport?,YMUG
What is the ICAO code for Pukatja Airport?,YERN
What is the ICAO code for Saumlaki Airport?,WAPI
What is the ICAO code for Antonio B. Won Pat International Airport?,PGUM
What is the ICAO code for Eastern WV Regional Airport?,KMRB
What is the ICAO code for Bozeman Yellowstone International Airport?,KBZN
What is the ICAO code for Alzintan Airport?,HLZN
What is the ICAO code for Narsarsuaq Airport?,BGBW
What is the ICAO code for Handan Airport?,ZBHD
What is the ICAO code for Sambava Airport?,FMNS
What is the ICAO code for Hinthada Airport?,VBHD
What is the ICAO code for Empangeni Airport?,FAEM
What is the ICAO code for Rajahmundry Airport?,VORY
What is the ICAO code for Idre Airport?,ESUE
What is the ICAO code for Oakey Army Aviation Centre?,YBOK
What is the ICAO code for Lábrea Airport?,SWLB
What is the ICAO code for Hattiesburg Bobby L. Chain Municipal Airport?,KHBG
What is the ICAO code for Bushehr Airport?,OIBB
What is the ICAO code for Cox Field?,KPRX
What is the ICAO code for Guangyuan Panlong Airport?,ZUGU
What is the ICAO code for Shimojishima Airport?,RORS
What is the ICAO code for Raiatea Airport?,NTTR
What is the ICAO code for Toyama Airport?,RJNT
What is the ICAO code for Valley International Airport?,KHRL
What is the ICAO code for Kiffa Airport?,GQNF
What is the ICAO code for Kosrae International Airport?,PTSA
What is the ICAO code for Sahabat Airport?,WBKH
What is the ICAO code for Ta'if Regional Airport?,OETF
What is the ICAO code for Santa Terezinha Airport?,SWST
What is the ICAO code for Gaya Airport?,VEGY
What is the ICAO code for Exeter International Airport?,EGTE
What is the ICAO code for Kangding Airport?,ZUKD
What is the ICAO code for Maré Airport?,NWWR
What is the ICAO code for Suai Airport?,WPDB
What is the ICAO code for Pyongyang Sunan International Airport?,ZKPY
What is the ICAO code for Minot Air Force Base?,KMIB
What is the ICAO code for Guari Airport?,AYGF
What is the ICAO code for Ranau Airport?,WBKR
What is the ICAO code for Mati Airport?,RPMQ
What is the ICAO code for Emden Airport?,EDWE
What is the ICAO code for Sleetmute Airport?,PASL
What is the ICAO code for Zapala Airport?,SAHZ
What is the ICAO code for Sokol Airport?,UHMM
What is the ICAO code for RAF Brize Norton?,EGVN
What is the ICAO code for Oita Airport?,RJFO
What is the ICAO code for Ingalls Field?,KHSP
What is the ICAO code for Agaun Airport?,AYAG
What is the ICAO code for NAS Whidbey Island?,KNUW
What is the ICAO code for Utkela Airport?,VEUK
What is the ICAO code for Diapaga Airport?,DFED
What is the ICAO code for McComb–Pike County Airport?,KMCB
What is the ICAO code for Cataratas del Iguazú International Airport?,SARI
What is the ICAO code for Namrole Airport?,WAPG
What is the ICAO code for Rosario – Islas Malvinas International Airport?,SAAR
What is the ICAO code for Fort Dodge Regional Airport?,KFOD
What is the ICAO code for Beja Airport?,LPBJ
What is the ICAO code for Woitape Airport?,AYWT
What is the ICAO code for Užice-Ponikve Airport?,LYUZ
What is the ICAO code for Cabo Juan Román Airfield?,SCAS
What is the ICAO code for Edward F. Knapp State Airport?,KMPV
What is the ICAO code for Quillayute Airport?,KUIL
What is the ICAO code for Abraham González International Airport?,MMCS
What is the ICAO code for Soewondo Air Force Base?,WIMK
What is the ICAO code for Sardeh Band Airport?,OADS
What is the ICAO code for Yan'an Nanniwan Airport?,ZLYA
What is the ICAO code for Guanambi Airport?,SNGI
What is the ICAO code for Malabou Airport?,NWWP
What is the ICAO code for Minsk-1 Airport?,UMMM
What is the ICAO code for Phu Quoc International Airport?,VVPQ
What is the ICAO code for Angoon Seaplane Base?,PAGN
What is the ICAO code for Jordan Airport?,KJDN
What is the ICAO code for Filadelfia Airport?,SGFI
What is the ICAO code for Murmansk Airport?,ULMM
What is the ICAO code for Mackall Army Airfield?,KHFF
What is the ICAO code for Pontoise – Cormeilles Aerodrome?,LFPT
What is the ICAO code for Heihe Airport?,ZYHE
What is the ICAO code for Port-Gentil International Airport?,FOOG
What is the ICAO code for Changhai Airport?,ZYCH
What is the ICAO code for Berdiansk Airport?,UKDB
What is the ICAO code for Columbia Regional Airport?,KCOU
What is the ICAO code for Ua Huka Airport?,NTMU
What is the ICAO code for French Lick Municipal Airport?,KFRH
What is the ICAO code for Dolisie Airport?,FCPL
What is the ICAO code for Costa Esmeralda Airport?,MNLP
What is the ICAO code for Guajará-Mirim Airport?,SBGM
What is the ICAO code for Wilcannia Airport?,YWCA
What is the ICAO code for Malda Airport?,VEMH
What is the ICAO code for Fort Severn Airport?,CYER
What is the ICAO code for Koumac Airport?,NWWK
What is the ICAO code for Lihir Island Airport?,AYKY
What is the ICAO code for Manaung Airport?,VYMN
What is the ICAO code for Hilo International Airport?,PHTO
What is the ICAO code for Ukhta Airport?,UUYH
What is the ICAO code for Tozeur–Nefta International Airport?,DTTZ
What is the ICAO code for Gillette–Campbell County Airport?,KGCC
What is the ICAO code for Crookston Municipal Airport?,KCKN
What is the ICAO code for Burg Feuerstein Airport?,EDQE
What is the ICAO code for Juazeiro do Norte Airport?,SBJU
What is the ICAO code for Beaver Airport?,PAWB
What is the ICAO code for Massawa International Airport?,HHMS
What is the ICAO code for Monkey Bay Airport?,FWMY
What is the ICAO code for Bisbee Douglas International Airport?,KDUG
What is the ICAO code for Ouarzazate Airport?,GMMZ
What is the ICAO code for Mabuiag Island Airport?,YMAA
What is the ICAO code for Big Trout Lake Airport?,CYTL
What is the ICAO code for Mitchell Airport?,YMIT
What is the ICAO code for Colby Municipal Airport?,KCBK
What is the ICAO code for Sena Madureira Airport?,SWSN
What is the ICAO code for Illorsuit Heliport?,BGLL
What is the ICAO code for Ormoc Airport?,RPVO
What is the ICAO code for Guanghan Airport?,ZUGH
What is the ICAO code for Debepare Airport?,AYDB
What is the ICAO code for Yanbu Airport?,OEYN
What is the ICAO code for Barnstable Municipal Airport?,KHYA
What is the ICAO code for Kirundo Airport?,HBBO
What is the ICAO code for Buenos Aires Airport?,MRBA
What is the ICAO code for Carcassonne Airport?,LFMK
What is the ICAO code for Lolland Falster Airport?,EKMB
What is the ICAO code for Asheville Regional Airport?,KAVL
What is the ICAO code for Keesler Air Force Base?,KBIX
What is the ICAO code for Baise Bama Airport?,ZGBS
What is the ICAO code for Loei Airport?,VTUL
What is the ICAO code for Bhuj Airport/Bhuj Rudra Mata Air Force Base?,VABJ
What is the ICAO code for Bulagtai Airport?,ZMBR
What is the ICAO code for Sept-Îles Airport?,CYZV
What is the ICAO code for Iowa Falls Municipal Airport?,KIFA
What is the ICAO code for Kingaroy Airport?,YKRY
What is the ICAO code for General Enrique Mosconi International Airport?,SAVC
What is the ICAO code for Sialkot International Airport?,OPST
What is the ICAO code for Yellowknife Airport?,CYZF
What is the ICAO code for Silampari Airport?,WIPB
What is the ICAO code for Lumid Pau Airport?,SYLP
What is the ICAO code for Lidköping-Hovby Airport?,ESGL
What is the ICAO code for San José Airport?,MGSJ
What is the ICAO code for Bakouma Airport?,FEGM
What is the ICAO code for Guápiles Airport?,MRGP
What is the ICAO code for Zaria Airport?,DNZA
What is the ICAO code for Picton Aerodrome?,NZOK
What is the ICAO code for Bender Qassim International Airport?,HCMF
What is the ICAO code for Morrisville–Stowe State Airport?,KMVL
What is the ICAO code for Tyndall Air Force Base?,KPAM
What is the ICAO code for Sloulin Field International Airport?,KISN
What is the ICAO code for Atkinson Municipal Airport?,KPTS
What is the ICAO code for Federico García Lorca Airport?,LEGR
What is the ICAO code for Tiska Djanet Airport?,DAAJ
What is the ICAO code for Kéniéba Airport?,GAKA
What is the ICAO code for Port-Menier Airport?,CYPN
What is the ICAO code for Casigua El Cubo Airport?,SVCG
What is the ICAO code for Bourges Airport?,LFLD
What is the ICAO code for L'Espérance Airport?,TFFG
What is the ICAO code for Zonguldak Airport?,LTAS
What is the ICAO code for Xieng Khouang Airport?,VLXK
What is the ICAO code for Juanda International Airport?,WARR
What is the ICAO code for Panzhihua Bao'anying Airport?,ZUZH
What is the ICAO code for Fort Albany Airport?,CYFA
What is the ICAO code for N'Délé Airport?,FEFN
What is the ICAO code for Marfa Municipal Airport?,KMRF
What is the ICAO code for Sondok Airport?,ZKSD
What is the ICAO code for Condron Army Airfield?,KWSD
What is the ICAO code for Canadian Forces Base Bagotville?,CYBG
What is the ICAO code for Nadym Airport?,USMM
What is the ICAO code for Harriet Alexander Field?,KANK
What is the ICAO code for Capurganá Airport?,SKCA
What is the ICAO code for Panjang Island Airport?,WIIG
What is the ICAO code for Boutilimit Airport?,GQNB
What is the ICAO code for Ely Airport?,KELY
What is the ICAO code for Lübeck Airport?,EDHL
What is the ICAO code for Malaimbandy Airport?,FMMC
What is the ICAO code for José Leonardo Chirino Airport?,SVCR
What is the ICAO code for MCAS Miramar?,KNKX
What is the ICAO code for Mannheim City Airport?,EDFM
What is the ICAO code for Egegik Airport?,PAII
What is the ICAO code for Griffiss International Airport?,KRME
What is the ICAO code for Banff Airport?,CYBA
What is the ICAO code for Waterloo Regional Airport?,KALO
What is the ICAO code for Lincang Airport?,ZPLC
What is the ICAO code for Pullman–Moscow Regional Airport?,KPUW
What is the ICAO code for Sana'a International Airport?,OYSN
What is the ICAO code for Thompson–Robbins Airport?,KHEE
What is the ICAO code for Saint-Yan Airport?,LFLN
What is the ICAO code for Piarco International Airport?,TTPP
What is the ICAO code for Fria Airport?,GUFA
What is the ICAO code for Travis Air Force Base?,KSUU
What is the ICAO code for João Batista Bos Filho Airport?,SSIJ
What is the ICAO code for Stawell Airport?,YSWL
What is the ICAO code for Kingston/Norman Rogers Airport?,CYGK
What is the ICAO code for Reyes Murillo Airport?,SKNQ
What is the ICAO code for Sarasota–Bradenton International Airport?,KSRQ
What is the ICAO code for Migalovo Air Base?,UUEM
What is the ICAO code for Roshchino International Airport?,USTR
What is the ICAO code for Ventspils International Airport?,EVVA
What is the ICAO code for Clarksville–Montgomery County Regional Airport?,KCKV
What is the ICAO code for Westray Airport?,EGEW
What is the ICAO code for Tasiujaq Airport?,CYTQ
What is the ICAO code for Hélio Wasum Airport?,SSOE
What is the ICAO code for Huntsville International Airport?,KHSV
What is the ICAO code for Allama Iqbal International Airport?,OPLA
What is the ICAO code for Middle Georgia Regional Airport?,KMCN
What is the ICAO code for Mörön Airport?,ZMMN
What is the ICAO code for Dawei Airport?,VYDW
What is the ICAO code for Mozes Kilangin Airport?,WABP
What is the ICAO code for Kanpur Airport?,VIKA
What is the ICAO code for Jacqueline Cochran Regional Airport?,KTRM
What is the ICAO code for St. Paul Downtown Airport?,KSTP
What is the ICAO code for Libreville International Airport?,FOOL
"What is the ICAO code for Vardø Airport, Svartnes?",ENSS
What is the ICAO code for Fond du Lac County Airport?,KFLD
What is the ICAO code for Pisa International Airport?,LIRP
What is the ICAO code for Teniente Jorge Henrich Arauz Airport?,SLTR
What is the ICAO code for Xuzhou Guanyin Airport?,ZSXZ
What is the ICAO code for Belmonte Airport?,SD6P
What is the ICAO code for Kings Creek Station Airport?,YKCS
What is the ICAO code for Franca Airport?,SIMK
What is the ICAO code for Taroom Airport?,YTAM
What is the ICAO code for Biaru Airport?,AYBR
What is the ICAO code for Santa Ynez Airport?,KIZA
What is the ICAO code for Ugnu-Kuparuk Airport?,PAKU
What is the ICAO code for Rodríguez Ballón International Airport?,SPQU
What is the ICAO code for St. Marys Municipal Airport?,KOYM
What is the ICAO code for Fougamou Airport?,FOGF
What is the ICAO code for Roswell International Air Center?,KROW
What is the ICAO code for Lisala Airport?,FZGA
What is the ICAO code for Charters Towers Airport?,YCHT
What is the ICAO code for Savusavu Airport?,NFNS
What is the ICAO code for NOLF Imperial Beach?,KNRS
What is the ICAO code for Marathon Aerodrome?,CYSP
What is the ICAO code for Niuafo'ou Airport?,NFTO
What is the ICAO code for Council Bluffs Municipal Airport?,KCBF
What is the ICAO code for Iringa Airport?,HTIR
What is the ICAO code for Sulaco Airport?,MHUL
What is the ICAO code for Tolmachevo Airport?,UNNT
What is the ICAO code for Uíge Airport?,FNUG
What is the ICAO code for Tôlanaro Airport?,FMSD
What is the ICAO code for Blackall Airport?,YBCK
What is the ICAO code for Hampton Municipal Airport?,KHPT
What is the ICAO code for Okushiri Airport?,RJEO
What is the ICAO code for Faz Taua Airport?,SIAJ
What is the ICAO code for L.O. Simenstad Municipal Airport?,KOEO
What is the ICAO code for Abdelhafid Boussouf Bou Chekif Airport?,DAOB
What is the ICAO code for São Borja Airport?,SSSB
What is the ICAO code for Khmelnytskyi Airport?,UKLH
What is the ICAO code for Fillmore Municipal Airport?,KFOM
What is the ICAO code for Burao Airport?,HCMV
What is the ICAO code for Napaskiak Airport?,PAPK
What is the ICAO code for Marion Municipal Airport?,KMZZ
What is the ICAO code for Cape Newenham LRRS Airport?,PAEH
What is the ICAO code for Hastings Municipal Airport?,KHSI
What is the ICAO code for General Navas Pardo Airport?,SKHA
What is the ICAO code for Rivne International Airport?,UKLR
What is the ICAO code for Ottumwa Regional Airport?,KOTM
What is the ICAO code for Mbuji Mayi Airport?,FZWA
What is the ICAO code for Baton Rouge Metropolitan Airport?,KBTR
What is the ICAO code for Tulita Airport?,CZFN
What is the ICAO code for Chos Malal Airport?,SAHC
What is the ICAO code for RAF Coningsby?,EGXC
What is the ICAO code for Kandrian Airport?,AYKC
What is the ICAO code for Ouani Airport?,FMCV
What is the ICAO code for Fredericton International Airport?,CYFC
What is the ICAO code for Weedon Field?,KEUF
What is the ICAO code for Shijiazhuang Zhengding International Airport?,ZBSJ
What is the ICAO code for Hsinchu Air Base?,RCPO
What is the ICAO code for Ceres Airport?,SANW
What is the ICAO code for Il Caravaggio International Airport?,LIME
What is the ICAO code for Hisar Airport?,VIHR
What is the ICAO code for Hengyang Nanyue Airport?,ZGHY
What is the ICAO code for Cognac – Châteaubernard Air Base?,LFBG
What is the ICAO code for Chumphon Airport?,VTSE
What is the ICAO code for Shilavo Airport?,HASL
What is the ICAO code for Corn Island Airport?,MNCI
What is the ICAO code for Punta Colorada Airstrip?,MMPL
What is the ICAO code for Girona–Costa Brava Airport?,LEGE
What is the ICAO code for General Leobardo C. Ruiz International Airport?,MMZC
What is the ICAO code for Nizhnevartovsk Airport?,USNN
What is the ICAO code for Mili Airport?,MLIP
What is the ICAO code for Kanas Airport?,ZWKN
What is the ICAO code for Josefa Camejo International Airport?,SVJC
What is the ICAO code for Beni Mellal Airport?,GMMD
What is the ICAO code for Kakamega Airport?,HKKG
What is the ICAO code for Weihai Dashuibo Airport?,ZSWH
What is the ICAO code for Beijing Daxing International Airport?,ZBAD
What is the ICAO code for Fort Yukon Airport?,PFYU
What is the ICAO code for Finschhafen Airport?,AYFI
What is the ICAO code for Ua Pou Airport?,NTMP
What is the ICAO code for Najran Domestic Airport?,OENG
What is the ICAO code for Kota Kinabalu International Airport?,WBKK
What is the ICAO code for Ghazni Airport?,OAGN
What is the ICAO code for Sevastopol International Airport?,UKFB
What is the ICAO code for Tara Airport?,YTAA
What is the ICAO code for Kokhanok Airport?,PFKK
What is the ICAO code for Orchid Beach Airport?,YORC
What is the ICAO code for Darbhanga Airport?,VE89
What is the ICAO code for Juan H. White Airport?,SKCU
What is the ICAO code for Yangzhou Taizhou Airport?,ZSYA
What is the ICAO code for Zábřeh Airport?,LKZA
What is the ICAO code for Aberdeen Airport?,EGPD
What is the ICAO code for Gwa Airport?,VYGW
What is the ICAO code for Oskemen Airport?,UASK
What is the ICAO code for Anthony Municipal Airport?,KANY
What is the ICAO code for Bogande Airport?,DFEB
What is the ICAO code for Kiryat Shmona Airport?,LLKS
What is the ICAO code for Songea Airport?,HTSO
What is the ICAO code for Gwangju Airport?,RKJJ
What is the ICAO code for Apucarana Airport?,SSAP
What is the ICAO code for NAS Fort Worth JRB/ Carswell Field?,KNFW
What is the ICAO code for Ankang Wulipu Airport?,ZLAK
What is the ICAO code for Ellington Field?,KEFD
What is the ICAO code for Gayndah Airport?,YGAY
"What is the ICAO code for Notodden Airport, Tuven?",ENNO
What is the ICAO code for George Bush Intercontinental Airport?,KIAH
What is the ICAO code for Ted Stevens Anchorage International Airport?,PANC
What is the ICAO code for Garden County Airport?,KOKS
What is the ICAO code for Vágar Airport?,EKVG
What is the ICAO code for Davis–Monthan Air Force Base?,KDMA
What is the ICAO code for Merrill Field?,PAMR
What is the ICAO code for Western Sydney Airport?,YSWS
What is the ICAO code for Renmark Airport?,YREN
What is the ICAO code for Sunyani Airport?,DGSN
What is the ICAO code for Iloilo International Airport?,RPVI
What is the ICAO code for Assab International Airport?,HHSB
What is the ICAO code for RAAF Base Richmond?,YSRI
What is the ICAO code for Boundji Airport?,FCOB
What is the ICAO code for Spartanburg Downtown Memorial Airport?,KSPA
"What is the ICAO code for Molde Airport, Årø?",ENML
What is the ICAO code for Mount Magnet Airport?,YMOG
What is the ICAO code for Kinmen Airport?,RCBS
What is the ICAO code for Juanjuí Airport?,SPJI
What is the ICAO code for Kashgar Airport?,ZWSH
What is the ICAO code for Thisted Airport?,EKTS
What is the ICAO code for Strezhevoy Airport?,UNSS
What is the ICAO code for Chuathbaluk Airport?,PACH
What is the ICAO code for Colonel Hill Airport?,MYCI
What is the ICAO code for Düsseldorf Airport?,EDDL
What is the ICAO code for Shageluk Airport?,PAHX
What is the ICAO code for Bunyu Airport?,WALV
What is the ICAO code for Northwest Alabama Regional Airport?,KMSL
What is the ICAO code for Muir Army Airfield?,KMUI
What is the ICAO code for Dillon's Bay Airport?,NVVD
What is the ICAO code for Tchongorove Airport?,FOOI
What is the ICAO code for Magnitogorsk International Airport?,USCM
What is the ICAO code for St. Catherine International Airport?,HESC
What is the ICAO code for Dongying Shengli Airport?,ZSDY
What is the ICAO code for Tri-City Airport?,KPPF
What is the ICAO code for Suavanao Airport?,AGGV
What is the ICAO code for Jacmel Airport?,MTJA
What is the ICAO code for Mykolaiv International Airport?,UKON
What is the ICAO code for Keningau Airport?,WBKG
What is the ICAO code for Klagenfurt Airport?,LOWK
What is the ICAO code for Damascus International Airport?,OSDI
What is the ICAO code for Tenerife–South Airport?,GCTS
What is the ICAO code for McAllen Miller International Airport?,KMFE
What is the ICAO code for General Wayne A. Downing Peoria International Airport?,KPIA
What is the ICAO code for Xiangyang Liuji Airport?,ZHXF
What is the ICAO code for Toledo Express Airport?,KTOL
What is the ICAO code for Sindal Airport?,EKSN
What is the ICAO code for Köthen Airport?,EDCK
What is the ICAO code for Richfield Municipal Airport?,KRIF
What is the ICAO code for Douala International Airport?,FKKD
What is the ICAO code for Storck Barracks?,ETIK
What is the ICAO code for Marechal Cunha Machado International Airport?,SBSL
What is the ICAO code for Wenshan Puzhehei Airport?,ZPWS
What is the ICAO code for Barcelona–El Prat Airport?,LEBL
What is the ICAO code for Balıkesir Airport?,LTBF
What is the ICAO code for Palmdale Regional Airport?,KPMD
What is the ICAO code for Poltava Airport?,UKHP
What is the ICAO code for Cleve Airport?,YCEE
What is the ICAO code for Ontario International Airport?,KONT
What is the ICAO code for Panevėžys Air Base?,EYPP
What is the ICAO code for Cleveland Burke Lakefront Airport?,KBKL
"What is the ICAO code for Bocas del Toro ""Isla Colón"" International Airport?",MPBO
What is the ICAO code for M. R. Štefánik Airport?,LZIB
What is the ICAO code for Guiyang Longdongbao International Airport?,ZUGY
What is the ICAO code for Port Clarence Coast Guard Station?,PAPC
What is the ICAO code for West Kootenay Regional Airport?,CYCG
What is the ICAO code for Leite Lopes Airport?,SBRP
What is the ICAO code for El Hierro Airport?,GCHI
What is the ICAO code for Bandar Lengeh Airport?,OIBL
What is the ICAO code for Camden Airport?,YSCN
What is the ICAO code for Baghdad International Airport?,ORBI
What is the ICAO code for Guarapari Airport?,SNGA
What is the ICAO code for Alexandra Aerodrome?,NZLX
What is the ICAO code for Yangon International Airport?,VYYY
What is the ICAO code for Muskrat Dam Airport?,CZMD
What is the ICAO code for Asmara International Airport?,HHAS
What is the ICAO code for Fort Sumner Municipal Airport?,KFSU
What is the ICAO code for Fritzlar Air Base?,ETHF
What is the ICAO code for Wangerooge Airfield?,EDWG
What is the ICAO code for Chacalluta International Airport?,SCAR
What is the ICAO code for Orly Airport?,LFPO
What is the ICAO code for Chita International Airport?,UIAA
What is the ICAO code for Jiroft Airport?,OIKJ
What is the ICAO code for Kapiti Coast Airport?,NZPP
What is the ICAO code for Bowman Municipal Airport?,KBPP
What is the ICAO code for Khasab Airport?,OOKB
What is the ICAO code for Newark Liberty International Airport?,KEWR
What is the ICAO code for Vunisea Airport?,NFKD
What is the ICAO code for Yalumet Airport?,AYYE
What is the ICAO code for Sabiha Gökçen International Airport?,LTFJ
What is the ICAO code for Caloundra Airport?,YCDR
What is the ICAO code for Clorinda Airport?,SATC
What is the ICAO code for Monteagudo Airport?,SLAG
What is the ICAO code for Bezmer Air Base?,LBIA
What is the ICAO code for Anapa Airport?,URKA
What is the ICAO code for Al Bayda Airport?,OYBI
What is the ICAO code for Phoenix–Mesa Gateway Airport?,KIWA
What is the ICAO code for Naval Air Facility Atsugi?,RJTA
What is the ICAO code for Hihifo Airport?,NLWW
What is the ICAO code for Sitia Public Airport?,LGST
What is the ICAO code for Kaohsiung International Airport?,RCKH
What is the ICAO code for Monte Alegre Airport?,SNMA
What is the ICAO code for Heligoland Airfield?,EDXH
What is the ICAO code for Ndendé Airport?,FOGE
What is the ICAO code for Wayne County Airport?,KBJJ
What is the ICAO code for Tela Airport?,MHTE
What is the ICAO code for Astor Piazzolla International Airport?,SAZM
What is the ICAO code for Lhasa Gonggar Airport?,ZULS
What is the ICAO code for Lock Airport?,YLOK
What is the ICAO code for Flughafen Lahr?,EDTL
What is the ICAO code for Jajao Airport?,AGJO
What is the ICAO code for Milas–Bodrum Airport?,LTFE
What is the ICAO code for Ignacio Agramonte International Airport?,MUCM
What is the ICAO code for Garze Gesar Airport?,ZUGZ
What is the ICAO code for Lakeba Airport?,NFNK
What is the ICAO code for Harry Clever Field?,KPHD
What is the ICAO code for Nuuk Airport?,BGGH
What is the ICAO code for Westchester County Airport?,KHPN
What is the ICAO code for Catumbela Airport?,FNCT
What is the ICAO code for Rowan County Airport?,KRUQ
What is the ICAO code for Bettles Airport?,PABT
What is the ICAO code for Ogle Airport?,SYGO
What is the ICAO code for MacDonald Downs Airport?,YMDS
What is the ICAO code for Semey Airport?,UASS
What is the ICAO code for Vilhelmina Airport?,ESNV
What is the ICAO code for Sioux Falls Regional Airport?,KFSD
What is the ICAO code for Gerald R. Ford International Airport?,KGRR
What is the ICAO code for Aydın Airport?,LTBD
What is the ICAO code for Fair Isle Airport?,EGEF
What is the ICAO code for Münster Osnabrück Airport?,EDDG
What is the ICAO code for Jasper Airport?,CYJA
What is the ICAO code for La Grande-4 Airport?,CYAH
