question,answers,type
What is the baby of a/an Lemur called?,infant,Young
What do you call a/an Penguin’s young?,chick; nestling,Young
What do you call a/an Dolphin’s young?,calf,Young
What is the female Wildebeest called?,cow,Female
How is a group of Gorilla referred to?,band troop; group whoop,Collective noun
What is a group of Hawk called?,aerie; boil; cast; cauldron; flight; flock; kettle; leash; staff,Collective noun
How is a group of Herring referred to?,army; glean; shoal,Collective noun
How is a female Badger referred to?,sow,Female
What is the baby of a/an Kingbird called?,chick,Young
How is a female Hedgehog referred to?,sow,Female
What is the baby of a/an Toucan called?,chick,Young
What do you call a/an Pheasant’s young?,chick,Young
What do you call a/an Bobcat’s young?,bobkitten,Young
What is the young one of a/an Toucan called?,chick,Young
What do you call a female Leopard?,leopardess,Female
What is the female Elk/wapiti called?,cow,Female
How is a group of Flamingo referred to?,flamboyance; stand,Collective noun
What name is given to the offspring of a/an Hamster?,pup,Young
What name is given to a group of Cat?,clowder; cluster; clutter; glaring; kindle; litter; pillow; pounce; nuisance,Collective noun
What do you call a group of Gerbil?,horde,Collective noun
How is a group of Toad referred to?,knot,Collective noun
How is a group of Beetle referred to?,swarm,Collective noun
What is the female Peafowl called?,peahen,Female
What is the baby of a/an Frog called?,froglet; polliwog; tadpole,Young
What do you call a group of Starling?,chattering; murmuration,Collective noun
How is a group of Grouse referred to?,covey; pack,Collective noun
What do you call a group of Wombat?,wisdom,Collective noun
What name is given to a group of Deer?,bunch; herd; mob; rangale,Collective noun
What do you call a group of Goldfinch?,charm,Collective noun
What do you call a group of Partridge?,covey; roost,Collective noun
What name is given to a group of Albatross?,flock; gam; rookery,Collective noun
What is a group of Giraffe called?,corps; herd; tower,Collective noun
What do you call a/an Thrush’s young?,chick,Young
What do you call a female Human?,lady; woman,Female
What is the female Gerbil called?,doe,Female
What do you call a group of Snake?,ball; nest; slither,Collective noun
What name is given to a group of Goshawk?,flight,Collective noun
How is a group of Bear referred to?,sleuth; sloth,Collective noun
How is a group of Mouse referred to?,colony; nest,Collective noun
What name is given to a female Weasel?,bitch; doe; jill,Female
What is the young one of a/an Cheetah called?,cub; kitten,Young
How is a female Salmon referred to?,hen; jen,Female
What is a group of Butterfly called?,flight; flutter; kaleidoscope; rabble; swarm,Collective noun
What name is given to a group of Gerbil?,horde,Collective noun
What is the female Elephant called?,cow,Female
What is the baby of a/an Eagle called?,eaglet; fledgling,Young
What is the young one of a/an Echidna called?,puggle,Young
What name is given to a group of Alligator?,congregation,Collective noun
What do you call a group of Chicken?,brood; clutch; flock; peep,Collective noun
What name is given to the offspring of a/an Llama?,cria,Young
What name is given to a group of Pheasant?,bouquet; flock; nest; nide; nye,Collective noun
What is a group of Frog called?,army,Collective noun
What name is given to a group of Cardinal?,college; conclave; deeck; radiance; Vatican,Collective noun
What is the young one of a/an Gnat called?,larva,Young
How is a group of Cheetah referred to?,coalition,Collective noun
What is the female Dove called?,hen,Female
What name is given to a group of Goldfinch?,charm,Collective noun
What name is given to a group of Goat?,herd; flock; tribe; trip; trippe,Collective noun
What is the female Salmon called?,hen; jen,Female
What do you call a group of Llama?,flock; herd,Collective noun
What do you call a/an Meerkat’s young?,meerkitten,Young
What do you call a group of Butterfly?,flight; flutter; kaleidoscope; rabble; swarm,Collective noun
How is a group of Chinchilla referred to?,colony,Collective noun
How is a group of Chough referred to?,chattering; clattering,Collective noun
What is the baby of a/an Viper called?,hatchling,Young
What do you call a group of Cardinal?,college; conclave; deeck; radiance; Vatican,Collective noun
What name is given to a female Pig?,gilt; sow,Female
What is the young one of a/an Gecko called?,hatchling,Young
What is the young one of a/an Jay called?,chick,Young
What is the baby of a/an Duck called?,duckling,Young
What do you call a group of Peccary?,squadron,Collective noun
What name is given to the offspring of a/an Wasp?,larva,Young
What do you call a group of Chinchilla?,colony,Collective noun
What do you call a group of Hedgehog?,array,Collective noun
What name is given to the offspring of a/an Viper?,hatchling,Young
What is the baby of a/an Gnat called?,larva,Young
What do you call a/an Emu’s young?,chick; hatchling,Young
What do you call a/an Dunlin’s young?,chick,Young
What is a group of Llama called?,flock; herd,Collective noun
How is a group of Starling referred to?,chattering; murmuration,Collective noun
What is the female Narwhal called?,cow,Female
What do you call a/an Cockroach’s young?,nymph,Young
How is a female Goat referred to?,doe; doeling; nanny,Female
What name is given to a group of Frog?,army,Collective noun
What name is given to the offspring of a/an Mouse?,pup,Young
What is the baby of a/an Cod called?,codling,Young
How is a group of Lobster referred to?,risk,Collective noun
How is a female Dog referred to?,bitch,Female
What is the young one of a/an Shark called?,cub; pup,Young
What is the female Gecko called?,dam,Female
What do you call a group of Kinkajou?,convergence; troop,Collective noun
How is a group of Cardinal referred to?,college; conclave; deeck; radiance; Vatican,Collective noun
How is a group of Platypus referred to?,paddle,Collective noun
What is the baby of a/an Crab called?,zoea,Young
What do you call a/an Cheetah’s young?,cub; kitten,Young
How is a group of Human referred to?,band; clan; crowd; family; group; horde; tribe,Collective noun
What do you call a/an Jay’s young?,chick,Young
How is a female Lark referred to?,hen,Female
What is the young one of a/an Tiger called?,cub; whelp,Young
What is a group of Spoonbill called?,bowl,Collective noun
What is a group of Oyster called?,bed,Collective noun
What is the young one of a/an Pig called?,farrow; piglet; shoat/shote,Young
What do you call a group of Bear?,sleuth; sloth,Collective noun
What is a group of Crow called?,murder,Collective noun
What name is given to a group of Cockroach?,intrusion,Collective noun
How is a female Whale referred to?,cow,Female
What do you call a group of Gnat?,cloud; horde; rabble; swarm,Collective noun
What is the female Crab called?,hen; jenny,Female
What is a group of Toad called?,knot,Collective noun
What name is given to the offspring of a/an Seal?,pup,Young
What is the young one of a/an Llama called?,cria,Young
What do you call a/an Wolf’s young?,cub; pup; puppy; whelp,Young
What do you call a/an Heron’s young?,chick,Young
What do you call a group of Badger?,cete; colony,Collective noun
What is the baby of a/an Bobcat called?,bobkitten,Young
How is a female Rhinoceros referred to?,cow,Female
What is the baby of a/an Newt called?,eft,Young
What name is given to a female Alligator?,cow,Female
What do you call a/an Oyster’s young?,spat,Young
What name is given to a female Bee?,queen; worker,Female
What name is given to a group of Starling?,chattering; murmuration,Collective noun
What is the baby of a/an Hyena called?,cub,Young
What is a group of Pug called?,grumble,Collective noun
What is the young one of a/an Moose called?,calf,Young
What is the young one of a/an Mouse called?,pup,Young
What do you call a female Turkey?,hen,Female
What is the young one of a/an Panther called?,cub,Young
What name is given to a female Hawk?,hen,Female
What is the baby of a/an Ferret called?,kit,Young
What name is given to a group of Mosquito?,cloud; scourge; swarm,Collective noun
What is the female Deer called?,doe; hind; cow,Female
How is a group of Narwhal referred to?,pod; herd; school; gam; grind,Collective noun
How is a female Giant; panda referred to?,sow,Female
What is the young one of a/an Oyster called?,spat,Young
What do you call a female Pig?,gilt; sow,Female
What is the female Chinchilla called?,sow; velvet,Female
What name is given to a female Hedgehog?,sow,Female
What is the young one of a/an Falcon called?,eyass/eyas,Young
What is the baby of a/an Nightingale called?,chick,Young
What name is given to the offspring of a/an Elk/wapiti?,calf,Young
What is a group of Seal called?,herd; pod; rookery,Collective noun
What name is given to a group of Owl?,parliament,Collective noun
How is a female Pug referred to?,bitch,Female
What name is given to a group of Quail?,bevy,Collective noun
What is a group of Boar/wild; pig called?,herd; singular; sounder,Collective noun
What do you call a/an Armadillo’s young?,baby; pup,Young
How is a female Gnu referred to?,cow,Female
What name is given to the offspring of a/an Chough?,chick,Young
What is the baby of a/an Mosquito called?,nymph; tumbler; wriggler,Young
What name is given to a female Turkey?,hen,Female
What do you call a group of Beetle?,swarm,Collective noun
What do you call a female Antelope?,doe,Female
What name is given to the offspring of a/an Squid?,paralarva,Young
What is the young one of a/an Viper called?,hatchling,Young
What do you call a/an Pig’s young?,farrow; piglet; shoat/shote,Young
How is a female Hornet referred to?,queen,Female
What is a group of Polar; bear called?,aurora; celebration; pack,Collective noun
What is the baby of a/an Horse called?,colt; filly; foal; weanling; yearling,Young
What do you call a/an Kinkajou’s young?,kit; pup,Young
How is a female Lyrebird referred to?,hen,Female
What do you call a female Guinea; fowl?,hen,Female
What is the young one of a/an Salmon called?,parr,Young
What is the young one of a/an Heron called?,chick,Young
What is the young one of a/an Stingray called?,pup,Young
What is the young one of a/an Giraffe called?,calf,Young
How is a female Panther referred to?,pantheress,Female
What do you call a/an Lemur’s young?,infant,Young
What do you call a group of Cobra?,quiver,Collective noun
What is a group of Bat called?,camp; cloud; colony; flock,Collective noun
What is the young one of a/an Finch called?,chick,Young
What do you call a/an Narwhal’s young?,calf,Young
What do you call a female Lobster?,hen,Female
What name is given to a female Salmon?,hen; jen,Female
What is the young one of a/an Crane called?,chick; colt,Young
What is the baby of a/an Giant; panda called?,cub,Young
What is the baby of a/an Wombat called?,joey,Young
What do you call a group of Cormorant?,flight; gulp,Collective noun
What name is given to the offspring of a/an Wallaby?,joey,Young
What do you call a group of Termite?,colony; nest; swarm,Collective noun
What do you call a/an Termite’s young?,larva,Young
How is a group of Ferret referred to?,business; busyness,Collective noun
What do you call a group of Octopus?,shoal,Collective noun
What do you call a group of Fly?,business; cloud; swarm,Collective noun
What do you call a/an Kingbird’s young?,chick,Young
What is a group of Cobra called?,quiver,Collective noun
What do you call a group of Platypus?,paddle,Collective noun
What is the young one of a/an Dog called?,pup; puppy; whelp,Young
What is a group of Chinchilla called?,colony,Collective noun
What is the baby of a/an Jaguar called?,cub,Young
What is the baby of a/an Finch called?,chick,Young
What do you call a group of Dogfish?,troop,Collective noun
What name is given to a female Wildebeest?,cow,Female
What is the baby of a/an Wolf called?,cub; pup; puppy; whelp,Young
What is the baby of a/an Echidna called?,puggle,Young
What is a group of Rook called?,building; parliament,Collective noun
What do you call a female Panther?,pantheress,Female
What is a group of Wombat called?,wisdom,Collective noun
What name is given to a group of Snail?,escargatoire; rout; walk,Collective noun
What is a group of Gerbil called?,horde,Collective noun
What do you call a/an Seal’s young?,pup,Young
What is the baby of a/an Moth called?,caterpillar; chrysalis; larva; pupa,Young
What do you call a group of Fox?,leash; skulk; earth,Collective noun
What is a group of Sandpiper called?,fling,Collective noun
How is a group of Porcupine referred to?,prickle,Collective noun
How is a female Giraffe referred to?,cow,Female
How is a group of Cobra referred to?,quiver,Collective noun
What is a group of Gnu called?,herd; implausibility,Collective noun
What is the baby of a/an Raccoon called?,cub; kit,Young
What is the young one of a/an Thrush called?,chick,Young
What is a group of Camel called?,caravan; flock; herd; train,Collective noun
What name is given to a group of Ape?,band family group shrewdness troop; group,Collective noun
What name is given to a group of Beetle?,swarm,Collective noun
How is a female Wallaby referred to?,jill,Female
What name is given to the offspring of a/an Raven?,chick,Young
How is a group of Dogfish referred to?,troop,Collective noun
What is the female Swan called?,pen,Female
What is the young one of a/an Rat called?,kitten; pup,Young
What name is given to a group of Cormorant?,flight; gulp,Collective noun
What name is given to the offspring of a/an Gnat?,larva,Young
What do you call a female Deer?,doe; hind; cow,Female
What is a group of Dogfish called?,troop,Collective noun
What do you call a group of Skunk?,surfeit,Collective noun
What do you call a group of Herring?,army; glean; shoal,Collective noun
What name is given to a female Mole?,sow,Female
What is a group of Swan called?,bevy; flock; lamentation; wedge,Collective noun
What is the young one of a/an Giant; panda called?,cub,Young
What name is given to the offspring of a/an Albatross?,chick,Young
How is a group of Mongoose referred to?,committee; delegation; troop,Collective noun
What name is given to a female Seal?,cow,Female
What is the female Koala called?,doe,Female
What is the female Seahorse called?,seamare,Female
What is a group of Sardine called?,family,Collective noun
What is the young one of a/an Hippopotamus called?,calf,Young
What do you call a group of Sardine?,family,Collective noun
How is a group of Goosander referred to?,dopping,Collective noun
What do you call a/an Binturong’s young?,binlet,Young
What name is given to a group of Wallaby?,mob,Collective noun
What is the female Prairie; dog called?,sow,Female
What do you call a/an Locust’s young?,nymph,Young
What is the baby of a/an Starfish called?,bipinnaria; brachiolaria,Young
What do you call a group of Lobster?,risk,Collective noun
What do you call a group of Frog?,army,Collective noun
What is a group of Weasel called?,gang; sneak,Collective noun
What is the young one of a/an Narwhal called?,calf,Young
What do you call a group of Rook?,building; parliament,Collective noun
What name is given to the offspring of a/an Heron?,chick,Young
What do you call a group of Guinea; pig?,herd,Collective noun
How is a female Tiger referred to?,tigress,Female
What do you call a female Duck?,duck; hen,Female
What name is given to the offspring of a/an Oyster?,spat,Young
What name is given to a group of Oyster?,bed,Collective noun
What is the young one of a/an Bobcat called?,bobkitten,Young
How is a female Chinchilla referred to?,sow; velvet,Female
What is the baby of a/an Wasp called?,larva,Young
What name is given to a group of Dogfish?,troop,Collective noun
What is the baby of a/an Alpaca called?,cria,Young
What do you call a group of Lemur?,conspiracy,Collective noun
What name is given to a group of Human?,band; clan; crowd; family; group; horde; tribe,Collective noun
What name is given to the offspring of a/an Thrush?,chick,Young
What do you call a/an Otter’s young?,pup; whelp,Young
What is the young one of a/an Meerkat called?,meerkitten,Young
What name is given to the offspring of a/an Butterfly?,caterpillar; chrysalis; larva; pupa,Young
What is a group of Emu called?,mob,Collective noun
What do you call a/an Rabbit’s young?,bunny; kit; kitten; nestling,Young
What is the young one of a/an Spoonbill called?,chick,Young
What name is given to a group of Stingray?,fever,Collective noun
What do you call a group of Alpaca?,herd,Collective noun
What is the young one of a/an Rabbit called?,bunny; kit; kitten; nestling,Young
How is a group of Eagle referred to?,convocation,Collective noun
How is a group of Guanaco referred to?,herd,Collective noun
How is a group of Llama referred to?,flock; herd,Collective noun
How is a female Leopard referred to?,leopardess,Female
What is a group of Hedgehog called?,array,Collective noun
What is the young one of a/an Salamander called?,larva,Young
What name is given to the offspring of a/an Prairie; dog?,pup,Young
How is a group of Lemur referred to?,conspiracy,Collective noun
What do you call a/an Chinchilla’s young?,kit,Young
How is a female Mouse referred to?,doe,Female
What name is given to the offspring of a/an Pheasant?,chick,Young
What do you call a group of Grasshopper?,cloud; swarm,Collective noun
How is a group of Fox referred to?,leash; skulk; earth,Collective noun
What is the baby of a/an Binturong called?,binlet,Young
How is a group of Heron referred to?,flight; sedge; sege; siege,Collective noun
What name is given to the offspring of a/an Echidna?,puggle,Young
What do you call a group of Hare?,band; down; drove; flick; husk,Collective noun
What is a group of Crane called?,herd; sedge; sege; siege,Collective noun
What name is given to the offspring of a/an Gorilla?,infant,Young
What name is given to the offspring of a/an Starfish?,bipinnaria; brachiolaria,Young
What name is given to the offspring of a/an Moose?,calf,Young
What do you call a female Goat?,doe; doeling; nanny,Female
What name is given to a female Leopard?,leopardess,Female
What is a group of Peafowl called?,ostentation,Collective noun
How is a female Mallard referred to?,hen,Female
What do you call a/an Spider’s young?,spiderling,Young
What name is given to the offspring of a/an Emu?,chick; hatchling,Young
What name is given to a group of Heron?,flight; sedge; sege; siege,Collective noun
What do you call a/an Wombat’s young?,joey,Young
What is the baby of a/an Eel called?,leptocephalus; elver,Young
What is the baby of a/an Turkey called?,poult,Young
What is the female Heron called?,hen,Female
What is a group of Chough called?,chattering; clattering,Collective noun
What do you call a female Cat?,molly; queen,Female
What name is given to the offspring of a/an Narwhal?,calf,Young
What is the young one of a/an Zebra called?,colt; filly; foal,Young
How is a group of Camel referred to?,caravan; flock; herd; train,Collective noun
What is the young one of a/an Starfish called?,bipinnaria; brachiolaria,Young
What is the baby of a/an Baboon called?,infant,Young
What name is given to a group of Badger?,cete; colony,Collective noun
What name is given to a female Zebra?,mare,Female
What is the young one of a/an Cod called?,codling,Young
What name is given to the offspring of a/an Newt?,eft,Young
What name is given to a group of Swan?,bevy; flock; lamentation; wedge,Collective noun
What is the young one of a/an Ferret called?,kit,Young
What is the baby of a/an Skunk called?,kit,Young
What do you call a group of Mallard?,sord; suit,Collective noun
What name is given to the offspring of a/an Eagle?,eaglet; fledgling,Young
What do you call a/an Cat’s young?,kit; kitten,Young
How is a group of Sardine referred to?,family,Collective noun
What is the baby of a/an Chicken called?,chick,Young
What is the baby of a/an Pelican called?,chick; nestling,Young
What name is given to a group of Armadillo?,protection,Collective noun
What is the baby of a/an Pigeon called?,squab; squeaker,Young
What is a group of Ladybug called?,loveliness,Collective noun
What do you call a female Quail?,hen,Female
What do you call a/an Echidna’s young?,puggle,Young
What is the baby of a/an Leopard called?,cub,Young
What name is given to a group of Dove?,arc; cote; dole; dule; flight; piteousness; pitying,Collective noun
What name is given to the offspring of a/an Jaguar?,cub,Young
What name is given to the offspring of a/an Jay?,chick,Young
What is the young one of a/an Newt called?,eft,Young
What name is given to a group of Ant?,army; bike; colony; bivouac; nest; swarm,Collective noun
How is a group of Sheep referred to?,flock; fold; herd,Collective noun
What name is given to the offspring of a/an Bat?,pup,Young
How is a female Koala referred to?,doe,Female
How is a female Weasel referred to?,bitch; doe; jill,Female
What is a group of Chimpanzee called?,troop; group tribe,Collective noun
What is a group of Zebra called?,cohort; dazzle; herd; zeal,Collective noun
How is a group of Otter referred to?,family; romp,Collective noun
What name is given to the offspring of a/an Quail?,chick,Young
What name is given to a female Wallaby?,jill,Female
What do you call a female Hornet?,queen,Female
What is a group of Elk/wapiti called?,gang; herd,Collective noun
What name is given to the offspring of a/an Gerbil?,pup,Young
What name is given to the offspring of a/an Lion?,cub,Young
What name is given to a group of Baboon?,flange troop; group,Collective noun
What is the young one of a/an Porcupine called?,pup; porcupette,Young
What name is given to a group of Mole?,labor,Collective noun
How is a group of Baboon referred to?,flange troop; group,Collective noun
What name is given to the offspring of a/an Alligator?,hatchling,Young
What do you call a/an Alligator’s young?,hatchling,Young
What name is given to a group of Hedgehog?,array,Collective noun
What name is given to the offspring of a/an Bobcat?,bobkitten,Young
What is a group of Pheasant called?,bouquet; flock; nest; nide; nye,Collective noun
What is the baby of a/an Goat called?,kid,Young
What do you call a group of Shark?,shiver,Collective noun
What do you call a group of Owl?,parliament,Collective noun
What name is given to the offspring of a/an Lizard?,hatchling,Young
What name is given to a group of Squid?,shoal,Collective noun
What do you call a/an Chough’s young?,chick,Young
What name is given to the offspring of a/an Giant; panda?,cub,Young
What name is given to a group of Chough?,chattering; clattering,Collective noun
How is a group of Cat referred to?,clowder; cluster; clutter; glaring; kindle; litter; pillow; pounce; nuisance,Collective noun
What is a group of Eel called?,bed; swarm,Collective noun
What is the baby of a/an Elk/wapiti called?,calf,Young
How is a group of Butterfly referred to?,flight; flutter; kaleidoscope; rabble; swarm,Collective noun
What name is given to the offspring of a/an Kinkajou?,kit; pup,Young
What do you call a/an Hyena’s young?,cub,Young
What name is given to a female Wolf?,bitch; she-wolf,Female
What name is given to the offspring of a/an Lapwing?,chick,Young
How is a group of Turtle referred to?,bale,Collective noun
What name is given to a female Gecko?,dam,Female
What do you call a group of Locust?,cloud; host; swarm,Collective noun
What name is given to the offspring of a/an Sea; otter?,pup,Young
How is a group of Gnat referred to?,cloud; horde; rabble; swarm,Collective noun
What is the baby of a/an Octopus called?,paralarva,Young
What do you call a female Prairie; dog?,sow,Female
What name is given to a group of Gnat?,cloud; horde; rabble; swarm,Collective noun
How is a group of Falcon referred to?,cast,Collective noun
What name is given to the offspring of a/an Cattle?,calf,Young
What do you call a/an Turkey’s young?,poult,Young
What is the baby of a/an Mongoose called?,pup,Young
What name is given to the offspring of a/an Crane?,chick; colt,Young
What is the baby of a/an Deer called?,calf; fawn,Young
What name is given to a group of Giraffe?,corps; herd; tower,Collective noun
What do you call a group of Gorilla?,band troop; group whoop,Collective noun
What name is given to the offspring of a/an Camel?,calf,Young
How is a group of Skunk referred to?,surfeit,Collective noun
How is a group of Boar/wild; pig referred to?,herd; singular; sounder,Collective noun
What is a group of Starling called?,chattering; murmuration,Collective noun
What do you call a/an Deer’s young?,calf; fawn,Young
How is a group of Spider referred to?,cluster; clutter,Collective noun
What is a group of Dolphin called?,herd; pod; school; team,Collective noun
What is the baby of a/an Thrush called?,chick,Young
What do you call a group of Oyster?,bed,Collective noun
What do you call a group of Wallaby?,mob,Collective noun
What is the young one of a/an Partridge called?,chick,Young
What do you call a/an Owl’s young?,fledgling; owlet,Young
What is the baby of a/an Flamingo called?,chick,Young
What name is given to a group of Wolf?,pack,Collective noun
What name is given to a group of Beaver?,colony; family,Collective noun
What is the female Hippopotamus called?,cow,Female
What is a group of Dog called?,comedy; cowardice; cry; kennel; litter; mute; pack,Collective noun
What name is given to a group of Hare?,band; down; drove; flick; husk,Collective noun
What is the female Wolf called?,bitch; she-wolf,Female
What name is given to the offspring of a/an Raccoon?,cub; kit,Young
What do you call a female Wolf?,bitch; she-wolf,Female
What do you call a/an Jellyfish’s young?,ephyra; planula; polyp,Young
What do you call a/an Bear’s young?,cub,Young
What do you call a female Sheep?,dam; ewe,Female
What name is given to the offspring of a/an Cod?,codling,Young
How is a female Dove referred to?,hen,Female
What name is given to a group of Porcupine?,prickle,Collective noun
What is the young one of a/an Otter called?,pup; whelp,Young
What is a group of Fox called?,leash; skulk; earth,Collective noun
What name is given to the offspring of a/an Gnu?,calf,Young
What name is given to the offspring of a/an Polar; bear?,cub,Young
What do you call a/an Hawk’s young?,eyas,Young
What is the female Alpaca called?,hembra,Female
How is a female Chicken referred to?,hen; pullet,Female
What name is given to the offspring of a/an Pelican?,chick; nestling,Young
What name is given to a female Kinkajou?,sow,Female
How is a group of Goshawk referred to?,flight,Collective noun
What name is given to the offspring of a/an Bee?,larva; pupa,Young
What is the female Skunk called?,sow,Female
What name is given to the offspring of a/an Baboon?,infant,Young
What is the female Hare called?,doe; jill,Female
What do you call a group of Penguin?,colony; huddle; raft; rookery; tuxedo; waddle,Collective noun
What is the baby of a/an Sea; otter called?,pup,Young
What name is given to the offspring of a/an Binturong?,binlet,Young
How is a group of Squid referred to?,shoal,Collective noun
What is the female Turkey called?,hen,Female
What do you call a female Giraffe?,cow,Female
What do you call a/an Toad’s young?,tadpole; toadlet,Young
What name is given to a female Goose?,goose,Female
What name is given to the offspring of a/an Gecko?,hatchling,Young
What is the female Wasp called?,queen; worker,Female
What is the young one of a/an Toad called?,tadpole; toadlet,Young
What do you call a/an Spoonbill’s young?,chick,Young
How is a group of Armadillo referred to?,protection,Collective noun
What is the young one of a/an Ladybug called?,larva,Young
What name is given to a group of Skunk?,surfeit,Collective noun
What name is given to a group of Camel?,caravan; flock; herd; train,Collective noun
What do you call a group of Squirrel?,scurry,Collective noun
What is a group of Otter called?,family; romp,Collective noun
What is the baby of a/an Chinchilla called?,kit,Young
What is a group of Shark called?,shiver,Collective noun
How is a group of Seal referred to?,herd; pod; rookery,Collective noun
What is the young one of a/an Sea; otter called?,pup,Young
How is a group of Swan referred to?,bevy; flock; lamentation; wedge,Collective noun
What is a group of Porcupine called?,prickle,Collective noun
What name is given to a group of Gorilla?,band troop; group whoop,Collective noun
What is a group of Human called?,band; clan; crowd; family; group; horde; tribe,Collective noun
What is the baby of a/an Seahorse called?,seafoal,Young
How is a group of Mosquito referred to?,cloud; scourge; swarm,Collective noun
What do you call a group of Hamster?,horde,Collective noun
What is the baby of a/an Llama called?,cria,Young
What is the young one of a/an Moth called?,caterpillar; chrysalis; larva; pupa,Young
What do you call a/an Frog’s young?,froglet; polliwog; tadpole,Young
What name is given to the offspring of a/an Rabbit?,bunny; kit; kitten; nestling,Young
What is the female Baboon called?,babuina,Female
What name is given to the offspring of a/an Kangaroo?,joey,Young
What is the baby of a/an Dolphin called?,calf,Young
What name is given to a female Raccoon?,sow,Female
What is the baby of a/an Lizard called?,hatchling,Young
What is the young one of a/an Hawk called?,eyas,Young
What do you call a group of Lapwing?,deceit; desert,Collective noun
What do you call a female Raven?,hen,Female
What do you call a female Rat?,doe,Female
How is a group of Bat referred to?,camp; cloud; colony; flock,Collective noun
How is a group of Rook referred to?,building; parliament,Collective noun
What name is given to a female Dolphin?,cow,Female
What is the baby of a/an Hamster called?,pup,Young
How is a group of Wildebeest referred to?,confusion,Collective noun
How is a group of Rhinoceros referred to?,crash; herd,Collective noun
What is the baby of a/an Polar; bear called?,cub,Young
How is a group of Guinea; fowl referred to?,flock; rasp,Collective noun
What is the baby of a/an Human called?,baby; boy; child; girl; infant,Young
How is a female Dolphin referred to?,cow,Female
How is a group of Kinkajou referred to?,convergence; troop,Collective noun
What is the young one of a/an Chicken called?,chick,Young
What do you call a group of Narwhal?,pod; herd; school; gam; grind,Collective noun
How is a group of Raven referred to?,conspiracy; unkindness,Collective noun
What name is given to the offspring of a/an Beetle?,larva; grub; mealworm; pupa,Young
What is the baby of a/an Penguin called?,chick; nestling,Young
What is the baby of a/an Kinkajou called?,kit; pup,Young
What is the young one of a/an Albatross called?,chick,Young
What name is given to a group of Seal?,herd; pod; rookery,Collective noun
What do you call a group of Zebra?,cohort; dazzle; herd; zeal,Collective noun
What name is given to a group of Spoonbill?,bowl,Collective noun
What name is given to the offspring of a/an Hedgehog?,hoglet; piglet; pup,Young
What is the female Pug called?,bitch,Female
What is the baby of a/an Termite called?,larva,Young
What is a group of Goshawk called?,flight,Collective noun
What is a group of Rabbit called?,litter; nest; warren; wrack,Collective noun
What name is given to a female Baboon?,babuina,Female
What do you call a female Wallaby?,jill,Female
What do you call a/an Starfish’s young?,bipinnaria; brachiolaria,Young
How is a female Seal referred to?,cow,Female
What is a group of Mouse called?,colony; nest,Collective noun
What is a group of Toucan called?,durante,Collective noun
What is a group of Lapwing called?,deceit; desert,Collective noun
What is the young one of a/an Chinchilla called?,kit,Young
What name is given to a group of Hawk?,aerie; boil; cast; cauldron; flight; flock; kettle; leash; staff,Collective noun
What is the baby of a/an Salmon called?,parr,Young
What do you call a/an Alpaca’s young?,cria,Young
What name is given to a female Dove?,hen,Female
What do you call a/an Peafowl’s young?,chick; peachick,Young
What name is given to a group of Sandpiper?,fling,Collective noun
What name is given to a group of Rhinoceros?,crash; herd,Collective noun
What do you call a group of Polar; bear?,aurora; celebration; pack,Collective noun
What is the young one of a/an Turtle called?,hatchling; turtlet,Young
What name is given to a female Guinea; pig?,sow,Female
What name is given to a group of Pug?,grumble,Collective noun
What is the young one of a/an Cormorant called?,chick; shaglet,Young
What name is given to the offspring of a/an Crocodile?,hatchling,Young
What do you call a/an Antelope’s young?,calf,Young
How is a group of Moth referred to?,eclipse; swarm,Collective noun
What is the female Crocodile called?,cow,Female
What is a group of Lobster called?,risk,Collective noun
What name is given to a group of Boar/wild; pig?,herd; singular; sounder,Collective noun
What is the young one of a/an Butterfly called?,caterpillar; chrysalis; larva; pupa,Young
What is a group of Lemur called?,conspiracy,Collective noun
What name is given to a female Heron?,hen,Female
What is the baby of a/an Fox called?,cub; kit; pup,Young
What is the female Goat called?,doe; doeling; nanny,Female
What is the young one of a/an Locust called?,nymph,Young
What name is given to a group of Lobster?,risk,Collective noun
What is a group of Giant; panda called?,embarrassment; sleuth,Collective noun
What do you call a female Kinkajou?,sow,Female
What do you call a group of Goshawk?,flight,Collective noun
How is a group of Oyster referred to?,bed,Collective noun
What is the baby of a/an Guanaco called?,chulengo,Young
What is the female Finch called?,hen,Female
What is the baby of a/an Bat called?,pup,Young
What is the female Ram called?,ewe,Female
What do you call a female Ram?,ewe,Female
What is the baby of a/an Gerbil called?,pup,Young
What is the young one of a/an Gnu called?,calf,Young
What do you call a group of Jay?,band; party; scold,Collective noun
How is a group of Hippopotamus referred to?,bloat; herd; sea; thunder,Collective noun
What do you call a group of Mole?,labor,Collective noun
What do you call a/an Partridge’s young?,chick,Young
What name is given to a group of Duck?,badling; brace; bunch; flock; herd; paddling; raft; safe; skein; sord; sore; string; team; waddling,Collective noun
What is a group of Peccary called?,squadron,Collective noun
What do you call a/an Newt’s young?,eft,Young
What is the young one of a/an Opossum called?,joey,Young
What name is given to a group of Ass/donkey?,coffle; drove; herd; pace,Collective noun
What name is given to a group of Whale?,gam; pod; school,Collective noun
How is a group of Eel referred to?,bed; swarm,Collective noun
What is a group of Chicken called?,brood; clutch; flock; peep,Collective noun
What do you call a female Hamster?,doe,Female
What name is given to a group of Herring?,army; glean; shoal,Collective noun
What do you call a/an Guinea; pig’s young?,pup,Young
What name is given to the offspring of a/an Armadillo?,baby; pup,Young
What name is given to a group of Polar; bear?,aurora; celebration; pack,Collective noun
What do you call a group of Goosander?,dopping,Collective noun
What is the baby of a/an Cockroach called?,nymph,Young
What do you call a female Kangaroo?,doe; flyer; jill; roo,Female
How is a group of Hyena referred to?,cackle; clan,Collective noun
What is the baby of a/an Meerkat called?,meerkitten,Young
How is a female Gecko referred to?,dam,Female
What is the young one of a/an Koala called?,joey,Young
What is a group of Ass/donkey called?,coffle; drove; herd; pace,Collective noun
What do you call a/an Moth’s young?,caterpillar; chrysalis; larva; pupa,Young
What do you call a female Gecko?,dam,Female
What name is given to a female Lyrebird?,hen,Female
How is a group of Prairie; dog referred to?,town,Collective noun
How is a group of Quail referred to?,bevy,Collective noun
What is a group of Fly called?,business; cloud; swarm,Collective noun
What name is given to the offspring of a/an Mongoose?,pup,Young
What name is given to a female Hare?,doe; jill,Female
What name is given to the offspring of a/an Wombat?,joey,Young
What name is given to a group of Bee?,cast; cluster; colony; drift; erst; grist; hive; nest; rabble; stand; swarm,Collective noun
What is the young one of a/an Spider called?,spiderling,Young
How is a female Falcon referred to?,falcon,Female
What is a group of Octopus called?,shoal,Collective noun
What do you call a group of Crane?,herd; sedge; sege; siege,Collective noun
What name is given to a female Mallard?,hen,Female
What is the young one of a/an Bee called?,larva; pupa,Young
How is a group of Octopus referred to?,shoal,Collective noun
What name is given to the offspring of a/an Moth?,caterpillar; chrysalis; larva; pupa,Young
What do you call a/an Viper’s young?,hatchling,Young
What do you call a female Seahorse?,seamare,Female
How is a female Duck referred to?,duck; hen,Female
What is the baby of a/an Shark called?,cub; pup,Young
What do you call a/an Giraffe’s young?,calf,Young
What do you call a/an Mallard’s young?,duckling,Young
What is the female Falcon called?,falcon,Female
What name is given to the offspring of a/an Tiger?,cub; whelp,Young
What do you call a/an Rhinoceros’s young?,calf,Young
What is the young one of a/an Horse called?,colt; filly; foal; weanling; yearling,Young
What do you call a female Rhinoceros?,cow,Female
How is a female Opossum referred to?,jill,Female
How is a group of Dunlin referred to?,fling,Collective noun
How is a group of Kangaroo referred to?,court; herd; mob; troop,Collective noun
What name is given to a group of Wasp?,colony; hive; nest; swarm,Collective noun
What do you call a female Swan?,pen,Female
What is a group of Moth called?,eclipse; swarm,Collective noun
What is the baby of a/an Hare called?,leveret,Young
What name is given to the offspring of a/an Sheep?,cosset; lamb; lambkin,Young
How is a group of Weasel referred to?,gang; sneak,Collective noun
What do you call a female Narwhal?,cow,Female
What do you call a group of Chough?,chattering; clattering,Collective noun
How is a group of Peccary referred to?,squadron,Collective noun
What name is given to a group of Monkey?,group; troop,Collective noun
How is a female Fox referred to?,vixen,Female
What is a group of Cod called?,school,Collective noun
What do you call a/an Ant’s young?,larva; pupa,Young
What name is given to the offspring of a/an Pig?,farrow; piglet; shoat/shote,Young
What is the baby of a/an Opossum called?,joey,Young
How is a group of Monkey referred to?,group; troop,Collective noun
How is a female Cat referred to?,molly; queen,Female
What is the baby of a/an Armadillo called?,baby; pup,Young
What is the baby of a/an Hornet called?,larva; pupa,Young
What do you call a female Elk/wapiti?,cow,Female
What do you call a group of Deer?,bunch; herd; mob; rangale,Collective noun
What name is given to a group of Hamster?,horde,Collective noun
How is a group of Snail referred to?,escargatoire; rout; walk,Collective noun
What do you call a/an Elephant’s young?,calf,Young
How is a female Skunk referred to?,sow,Female
What is the baby of a/an Whale called?,calf,Young
What is the baby of a/an Raven called?,chick,Young
What name is given to the offspring of a/an Fox?,cub; kit; pup,Young
What is a group of Hare called?,band; down; drove; flick; husk,Collective noun
What is a group of Gnat called?,cloud; horde; rabble; swarm,Collective noun
What do you call a group of Bee?,cast; cluster; colony; drift; erst; grist; hive; nest; rabble; stand; swarm,Collective noun
What name is given to a group of Rook?,building; parliament,Collective noun
What is the young one of a/an Owl called?,fledgling; owlet,Young
How is a female Otter referred to?,sow,Female
How is a group of Kingbird referred to?,court; tyranny; coronation,Collective noun
What name is given to a group of Elephant?,herd; memory; parade,Collective noun
How is a group of Pelican referred to?,pod; scoop,Collective noun
What name is given to a group of Flamingo?,flamboyance; stand,Collective noun
What is the female Rat called?,doe,Female
How is a female Alligator referred to?,cow,Female
What do you call a group of Stingray?,fever,Collective noun
How is a female Antelope referred to?,doe,Female
What is the baby of a/an Mole called?,pup,Young
What is the young one of a/an Cockroach called?,nymph,Young
How is a group of Hornet referred to?,bike; nest; swarm,Collective noun
How is a group of Chimpanzee referred to?,troop; group tribe,Collective noun
What do you call a group of Ladybug?,loveliness,Collective noun
What do you call a group of Eel?,bed; swarm,Collective noun
What name is given to the offspring of a/an Giraffe?,calf,Young
What is the young one of a/an Swan called?,cygnet; flapper,Young
What name is given to a group of Turkey?,rafter,Collective noun
What name is given to a group of Ladybug?,loveliness,Collective noun
What name is given to the offspring of a/an Cockroach?,nymph,Young
How is a group of Pig referred to?,drift; drove; litter; sounder; team,Collective noun
What do you call a/an Pigeon’s young?,squab; squeaker,Young
What do you call a/an Monkey’s young?,infant,Young
How is a female Bear referred to?,she-bear; sow,Female
What do you call a/an Ladybug’s young?,larva,Young
What is the young one of a/an Wildebeest called?,calf,Young
What do you call a/an Human’s young?,baby; boy; child; girl; infant,Young
What do you call a/an Weasel’s young?,kit; pup,Young
What is the baby of a/an Squid called?,paralarva,Young
What name is given to the offspring of a/an Shark?,cub; pup,Young
What is the young one of a/an Guinea; fowl called?,keet,Young
What name is given to the offspring of a/an Kingbird?,chick,Young
What do you call a group of Tiger?,ambush; streak,Collective noun
What do you call a/an Crane’s young?,chick; colt,Young
What name is given to a group of Mongoose?,committee; delegation; troop,Collective noun
What do you call a group of Pigeon?,flight; flock; kit,Collective noun
What name is given to the offspring of a/an Seahorse?,seafoal,Young
What name is given to a group of Dolphin?,herd; pod; school; team,Collective noun
What is the young one of a/an Jaguar called?,cub,Young
What do you call a/an Albatross’s young?,chick,Young
What do you call a/an Dog’s young?,pup; puppy; whelp,Young
What is a group of Snail called?,escargatoire; rout; walk,Collective noun
What name is given to the offspring of a/an Mallard?,duckling,Young
What do you call a/an Chimpanzee’s young?,infant,Young
What name is given to the offspring of a/an Wolf?,cub; pup; puppy; whelp,Young
What do you call a/an Flamingo’s young?,chick,Young
What is the young one of a/an Camel called?,calf,Young
How is a female Elephant referred to?,cow,Female
What do you call a group of Monkey?,group; troop,Collective noun
What is the young one of a/an Guanaco called?,chulengo,Young
What name is given to the offspring of a/an Beaver?,kit; kitten; pup,Young
What name is given to a group of Peafowl?,ostentation,Collective noun
What name is given to the offspring of a/an Toucan?,chick,Young
What name is given to a female Tiger?,tigress,Female
What is the baby of a/an Gecko called?,hatchling,Young
What is a group of Wasp called?,colony; hive; nest; swarm,Collective noun
What name is given to a group of Sheep?,flock; fold; herd,Collective noun
What do you call a group of Dove?,arc; cote; dole; dule; flight; piteousness; pitying,Collective noun
What do you call a group of Mosquito?,cloud; scourge; swarm,Collective noun
What name is given to the offspring of a/an Antelope?,calf,Young
What name is given to a group of Butterfly?,flight; flutter; kaleidoscope; rabble; swarm,Collective noun
What is the female Ferret called?,jill,Female
What name is given to the offspring of a/an Squirrel?,kit; kitten; pup,Young
What do you call a/an Sheep’s young?,cosset; lamb; lambkin,Young
What name is given to a female Armadillo?,sow,Female
What is the baby of a/an Otter called?,pup; whelp,Young
What do you call a group of Mouse?,colony; nest,Collective noun
What is a group of Turtle called?,bale,Collective noun
What name is given to the offspring of a/an Snake?,hatchling; neonate; snakelet,Young
What is the baby of a/an Hedgehog called?,hoglet; piglet; pup,Young
What do you call a/an Mosquito’s young?,nymph; tumbler; wriggler,Young
What do you call a group of Albatross?,flock; gam; rookery,Collective noun
What do you call a/an Gnat’s young?,larva,Young
How is a group of Seahorse referred to?,shoal,Collective noun
What name is given to a female Duck?,duck; hen,Female
What do you call a/an Prairie; dog’s young?,pup,Young
What is a group of Grasshopper called?,cloud; swarm,Collective noun
How is a group of Snake referred to?,ball; nest; slither,Collective noun
What do you call a group of Quail?,bevy,Collective noun
What is the young one of a/an Binturong called?,binlet,Young
What is the baby of a/an Tiger called?,cub; whelp,Young
What do you call a/an Eel’s young?,leptocephalus; elver,Young
What do you call a/an Moose’s young?,calf,Young
What name is given to a group of Salamander?,maelstrom,Collective noun
What is the young one of a/an Lizard called?,hatchling,Young
What name is given to the offspring of a/an Sand; dollar?,juvenile; larva; pluteus,Young
What is a group of Seahorse called?,shoal,Collective noun
How is a female Peafowl referred to?,peahen,Female
What name is given to a group of Goosander?,dopping,Collective noun
What is the female Rhinoceros called?,cow,Female
What name is given to a female Narwhal?,cow,Female
How is a female Horse referred to?,dam; mare,Female
What is the female Guinea; pig called?,sow,Female
What is the young one of a/an Nightingale called?,chick,Young
What do you call a/an Lizard’s young?,hatchling,Young
What is the young one of a/an Cattle called?,calf,Young
What is the baby of a/an Ladybug called?,larva,Young
What name is given to the offspring of a/an Lyrebird?,chick,Young
What is the young one of a/an Guinea; pig called?,pup,Young
What name is given to a group of Raccoon?,brace; committee; gaze; nursery; smack; troop,Collective noun
What do you call a female Ferret?,jill,Female
What is the baby of a/an Dunlin called?,chick,Young
What do you call a/an Panther’s young?,cub,Young
What do you call a group of Grouse?,covey; pack,Collective noun
What do you call a female Llama?,dam; hembra,Female
What do you call a/an Beetle’s young?,larva; grub; mealworm; pupa,Young
What name is given to a group of Opossum?,passel,Collective noun
What do you call a/an Kangaroo’s young?,joey,Young
What is the young one of a/an Frog called?,froglet; polliwog; tadpole,Young
What name is given to a group of Platypus?,paddle,Collective noun
What is the female Tiger called?,tigress,Female
What name is given to a female Opossum?,jill,Female
How is a group of Pheasant referred to?,bouquet; flock; nest; nide; nye,Collective noun
What is the baby of a/an Bear called?,cub,Young
What name is given to a female Raven?,hen,Female
What name is given to a female Moose?,cow,Female
What do you call a female Skunk?,sow,Female
How is a group of Squirrel referred to?,scurry,Collective noun
What is a group of Flamingo called?,flamboyance; stand,Collective noun
What do you call a female Seal?,cow,Female
What is a group of Opossum called?,passel,Collective noun
What name is given to the offspring of a/an Otter?,pup; whelp,Young
How is a group of Goat referred to?,herd; flock; tribe; trip; trippe,Collective noun
What do you call a/an Stingray’s young?,pup,Young
What do you call a/an Hornet’s young?,larva; pupa,Young
What name is given to a female Peafowl?,peahen,Female
What is a group of Grouse called?,covey; pack,Collective noun
How is a group of Crocodile referred to?,bask; congregation; float; menace,Collective noun
How is a group of Jay referred to?,band; party; scold,Collective noun
What name is given to the offspring of a/an Lark?,chick,Young
What do you call a group of Seahorse?,shoal,Collective noun
What name is given to a group of Falcon?,cast,Collective noun
What is the young one of a/an Termite called?,larva,Young
How is a group of Crow referred to?,murder,Collective noun
How is a group of Goldfinch referred to?,charm,Collective noun
How is a female Alpaca referred to?,hembra,Female
What is a group of Spider called?,cluster; clutter,Collective noun
What do you call a/an Turtle’s young?,hatchling; turtlet,Young
What is the baby of a/an Lapwing called?,chick,Young
What name is given to a group of Toad?,knot,Collective noun
What name is given to a female Lark?,hen,Female
What is a group of Nightingale called?,watch,Collective noun
How is a group of Dolphin referred to?,herd; pod; school; team,Collective noun
What is the female Panther called?,pantheress,Female
What name is given to the offspring of a/an Dolphin?,calf,Young
What name is given to a group of Eagle?,convocation,Collective noun
What do you call a/an Grasshopper’s young?,nymph,Young
What do you call a/an Salamander’s young?,larva,Young
What is the baby of a/an Emu called?,chick; hatchling,Young
What is the baby of a/an Quail called?,chick,Young
What do you call a female Tiger?,tigress,Female
How is a group of Polar; bear referred to?,aurora; celebration; pack,Collective noun
What name is given to a group of Raven?,conspiracy; unkindness,Collective noun
How is a female Raccoon referred to?,sow,Female
What do you call a/an Falcon’s young?,eyass/eyas,Young
What name is given to a group of Kingbird?,court; tyranny; coronation,Collective noun
What name is given to a female Ram?,ewe,Female
What name is given to the offspring of a/an Deer?,calf; fawn,Young
What is a group of Falcon called?,cast,Collective noun
What do you call a/an Squid’s young?,paralarva,Young
How is a group of Fly referred to?,business; cloud; swarm,Collective noun
How is a group of Termite referred to?,colony; nest; swarm,Collective noun
What is the female Zebra called?,mare,Female
What name is given to the offspring of a/an Nightingale?,chick,Young
What name is given to a female Antelope?,doe,Female
What name is given to a group of Sardine?,family,Collective noun
What is the baby of a/an Sand; dollar called?,juvenile; larva; pluteus,Young
What is the baby of a/an Jellyfish called?,ephyra; planula; polyp,Young
How is a female Mole referred to?,sow,Female
What do you call a group of Swan?,bevy; flock; lamentation; wedge,Collective noun
What do you call a/an Cod’s young?,codling,Young
What is the young one of a/an Wallaby called?,joey,Young
What is a group of Jaguar called?,leap; parade; prowl,Collective noun
What do you call a group of Prairie; dog?,town,Collective noun
What do you call a group of Salamander?,maelstrom,Collective noun
What name is given to the offspring of a/an Turtle?,hatchling; turtlet,Young
What is a group of Cardinal called?,college; conclave; deeck; radiance; Vatican,Collective noun
What is the young one of a/an Raccoon called?,cub; kit,Young
What is the young one of a/an Gerbil called?,pup,Young
What do you call a/an Salmon’s young?,parr,Young
What is the baby of a/an Owl called?,fledgling; owlet,Young
What do you call a group of Pelican?,pod; scoop,Collective noun
What is the baby of a/an Zebra called?,colt; filly; foal,Young
What name is given to a group of Dog?,comedy; cowardice; cry; kennel; litter; mute; pack,Collective noun
What do you call a/an Elk/wapiti’s young?,calf,Young
What is the young one of a/an Polar; bear called?,cub,Young
What do you call a/an Ass/donkey’s young?,foal,Young
What is the baby of a/an Sheep called?,cosset; lamb; lambkin,Young
What is the female Wombat called?,jill,Female
What do you call a/an Badger’s young?,cub; kit,Young
What name is given to the offspring of a/an Ladybug?,larva,Young
What name is given to a group of Cod?,school,Collective noun
What do you call a/an Lapwing’s young?,chick,Young
What is the young one of a/an Ape called?,baby; child; infant,Young
What name is given to a group of Moth?,eclipse; swarm,Collective noun
What do you call a group of Jellyfish?,bloom; brood; fluther; smack; smuth,Collective noun
What is the female Badger called?,sow,Female
What is a group of Penguin called?,colony; huddle; raft; rookery; tuxedo; waddle,Collective noun
What do you call a group of Rhinoceros?,crash; herd,Collective noun
How is a female Guinea; pig referred to?,sow,Female
What is a group of Wolf called?,pack,Collective noun
What is the female Mole called?,sow,Female
What do you call a female Chinchilla?,sow; velvet,Female
What is the female Weasel called?,bitch; doe; jill,Female
What name is given to a group of Llama?,flock; herd,Collective noun
What do you call a group of Guanaco?,herd,Collective noun
What do you call a group of Jaguar?,leap; parade; prowl,Collective noun
How is a group of Cod referred to?,school,Collective noun
What is the baby of a/an Cormorant called?,chick; shaglet,Young
What is the young one of a/an Fly called?,maggot,Young
What name is given to the offspring of a/an Flamingo?,chick,Young
What is the young one of a/an Elephant called?,calf,Young
What is the female Wallaby called?,jill,Female
What is a group of Beaver called?,colony; family,Collective noun
What name is given to the offspring of a/an Whale?,calf,Young
What name is given to the offspring of a/an Ape?,baby; child; infant,Young
What name is given to the offspring of a/an Peafowl?,chick; peachick,Young
What is the baby of a/an Pheasant called?,chick,Young
What name is given to the offspring of a/an Eel?,leptocephalus; elver,Young
What is the female Bee called?,queen; worker,Female
What is the baby of a/an Mallard called?,duckling,Young
What name is given to the offspring of a/an Salmon?,parr,Young
How is a group of Sandpiper referred to?,fling,Collective noun
What is the baby of a/an Hawk called?,eyas,Young
What name is given to the offspring of a/an Bear?,cub,Young
What is a group of Sea; otter called?,raft,Collective noun
What do you call a group of Moth?,eclipse; swarm,Collective noun
What is the young one of a/an Lion called?,cub,Young
What is the baby of a/an Lion called?,cub,Young
What name is given to the offspring of a/an Lemur?,infant,Young
What is the young one of a/an Hornet called?,larva; pupa,Young
How is a group of Grasshopper referred to?,cloud; swarm,Collective noun
What name is given to a group of Alpaca?,herd,Collective noun
How is a group of Jaguar referred to?,leap; parade; prowl,Collective noun
What name is given to the offspring of a/an Leopard?,cub,Young
How is a female Lion referred to?,lioness,Female
What is the young one of a/an Gorilla called?,infant,Young
What name is given to the offspring of a/an Penguin?,chick; nestling,Young
What do you call a group of Emu?,mob,Collective noun
How is a group of Lyrebird referred to?,musket,Collective noun
What name is given to a female Giraffe?,cow,Female
How is a female Kangaroo referred to?,doe; flyer; jill; roo,Female
What do you call a female Giant; panda?,sow,Female
What is the baby of a/an Porcupine called?,pup; porcupette,Young
What is a group of Cheetah called?,coalition,Collective noun
What is a group of Horse called?,band; field; harras; herd; rag; stable; string; stud; team,Collective noun
What do you call a group of Turtle?,bale,Collective noun
How is a group of Moose referred to?,herd,Collective noun
How is a female Chimpanzee referred to?,empress,Female
What is the young one of a/an Sand; dollar called?,juvenile; larva; pluteus,Young
What do you call a/an Guanaco’s young?,chulengo,Young
What name is given to a group of Grouse?,covey; pack,Collective noun
What is a group of Lion called?,pride; sawt,Collective noun
What name is given to a group of Goose?,chevron; flock; gaggle; plump; skein; team; wedge,Collective noun
What do you call a/an Whale’s young?,calf,Young
What name is given to the offspring of a/an Guinea; pig?,pup,Young
How is a female Cattle referred to?,cow; heifer; freemartin,Female
What is the baby of a/an Spoonbill called?,chick,Young
What do you call a group of Gnu?,herd; implausibility,Collective noun
What is the young one of a/an Lark called?,chick,Young
What is the baby of a/an Peafowl called?,chick; peachick,Young
What do you call a female Gnu?,cow,Female
What is the young one of a/an Ram called?,lamb,Young
What is a group of Goosander called?,dopping,Collective noun
What is a group of Goldfinch called?,charm,Collective noun
What do you call a female Pheasant?,hen,Female
What name is given to the offspring of a/an Fly?,maggot,Young
What is the young one of a/an Badger called?,cub; kit,Young
How is a group of Ladybug referred to?,loveliness,Collective noun
What do you call a/an Octopus’s young?,paralarva,Young
What is the female Hornet called?,queen,Female
What name is given to a female Camel?,cow,Female
How is a female Moose referred to?,cow,Female
What is the female Mouse called?,doe,Female
What is the young one of a/an Octopus called?,paralarva,Young
What is a group of Antelope called?,cluster; herd; tribe,Collective noun
What name is given to a group of Antelope?,cluster; herd; tribe,Collective noun
What is the young one of a/an Mongoose called?,pup,Young
What is a group of Pig called?,drift; drove; litter; sounder; team,Collective noun
What do you call a female Falcon?,falcon,Female
How is a group of Ape referred to?,band family group shrewdness troop; group,Collective noun
What is the baby of a/an Butterfly called?,caterpillar; chrysalis; larva; pupa,Young
What name is given to a female Elk/wapiti?,cow,Female
How is a female Boar/wild; pig referred to?,sow,Female
What is a group of Kingbird called?,court; tyranny; coronation,Collective noun
What is the young one of a/an Jellyfish called?,ephyra; planula; polyp,Young
What do you call a group of Turkey?,rafter,Collective noun
What is a group of Skunk called?,surfeit,Collective noun
How is a female Hamster referred to?,doe,Female
What do you call a/an Duck’s young?,duckling,Young
What name is given to the offspring of a/an Zebra?,colt; filly; foal,Young
What is the female Cattle called?,cow; heifer; freemartin,Female
How is a female Seahorse referred to?,seamare,Female
What is the young one of a/an Pelican called?,chick; nestling,Young
What is a group of Wallaby called?,mob,Collective noun
What do you call a group of Hawk?,aerie; boil; cast; cauldron; flight; flock; kettle; leash; staff,Collective noun
What is the baby of a/an Salamander called?,larva,Young
What do you call a/an Koala’s young?,joey,Young
What do you call a female Boar/wild; pig?,sow,Female
What name is given to a group of Lion?,pride; sawt,Collective noun
What do you call a female Raccoon?,sow,Female
What is the baby of a/an Ram called?,lamb,Young
What name is given to the offspring of a/an Octopus?,paralarva,Young
What is the baby of a/an Cat called?,kit; kitten,Young
How is a group of Whale referred to?,gam; pod; school,Collective noun
What do you call a/an Butterfly’s young?,caterpillar; chrysalis; larva; pupa,Young
What name is given to a female Prairie; dog?,sow,Female
What is the young one of a/an Alligator called?,hatchling,Young
What name is given to the offspring of a/an Porcupine?,pup; porcupette,Young
What do you call a female Armadillo?,sow,Female
What do you call a female Hedgehog?,sow,Female
What do you call a group of Dunlin?,fling,Collective noun
What do you call a group of Snail?,escargatoire; rout; walk,Collective noun
What do you call a/an Polar; bear’s young?,cub,Young
What do you call a/an Hare’s young?,leveret,Young
How is a group of Frog referred to?,army,Collective noun
What name is given to the offspring of a/an Guinea; fowl?,keet,Young
What do you call a/an Zebra’s young?,colt; filly; foal,Young
What do you call a group of Hyena?,cackle; clan,Collective noun
What do you call a female Jay?,hen,Female
What is a group of Eagle called?,convocation,Collective noun
What do you call a/an Gerbil’s young?,pup,Young
What is the female Opossum called?,jill,Female
What name is given to a group of Crow?,murder,Collective noun
What is the young one of a/an Eel called?,leptocephalus; elver,Young
What name is given to a group of Jay?,band; party; scold,Collective noun
What do you call a group of Goose?,chevron; flock; gaggle; plump; skein; team; wedge,Collective noun
What do you call a/an Eagle’s young?,eaglet; fledgling,Young
What name is given to a female Hornet?,queen,Female
What do you call a/an Fly’s young?,maggot,Young
What do you call a group of Otter?,family; romp,Collective noun
What do you call a/an Hippopotamus’s young?,calf,Young
What do you call a female Hawk?,hen,Female
What name is given to a group of Pigeon?,flight; flock; kit,Collective noun
What do you call a group of Seal?,herd; pod; rookery,Collective noun
What name is given to a female Ferret?,jill,Female
What name is given to the offspring of a/an Cormorant?,chick; shaglet,Young
What name is given to the offspring of a/an Badger?,cub; kit,Young
What name is given to the offspring of a/an Koala?,joey,Young
What do you call a group of Guinea; fowl?,flock; rasp,Collective noun
What do you call a/an Ram’s young?,lamb,Young
What do you call a/an Llama’s young?,cria,Young
What do you call a female Hippopotamus?,cow,Female
How is a group of Beaver referred to?,colony; family,Collective noun
What do you call a female Weasel?,bitch; doe; jill,Female
What name is given to a group of Eel?,bed; swarm,Collective noun
What is a group of Squid called?,shoal,Collective noun
What name is given to a female Panther?,pantheress,Female
What do you call a female Horse?,dam; mare,Female
What do you call a group of Porcupine?,prickle,Collective noun
What do you call a female Dove?,hen,Female
What name is given to the offspring of a/an Pigeon?,squab; squeaker,Young
What name is given to a female Deer?,doe; hind; cow,Female
What do you call a/an Pug’s young?,pup,Young
What is the young one of a/an Rhinoceros called?,calf,Young
What name is given to the offspring of a/an Termite?,larva,Young
What name is given to a female Ant?,queen; soldier; worker,Female
How is a group of Dog referred to?,comedy; cowardice; cry; kennel; litter; mute; pack,Collective noun
What is the baby of a/an Oyster called?,spat,Young
What name is given to the offspring of a/an Meerkat?,meerkitten,Young
What is a group of Sheep called?,flock; fold; herd,Collective noun
What is the young one of a/an Goat called?,kid,Young
What do you call a/an Bat’s young?,pup,Young
What name is given to the offspring of a/an Hyena?,cub,Young
How is a group of Badger referred to?,cete; colony,Collective noun
How is a group of Peafowl referred to?,ostentation,Collective noun
What name is given to a female Rat?,doe,Female
What do you call a/an Crab’s young?,zoea,Young
What is the female Raccoon called?,sow,Female
What is the baby of a/an Chimpanzee called?,infant,Young
How is a group of Locust referred to?,cloud; host; swarm,Collective noun
What do you call a group of Ant?,army; bike; colony; bivouac; nest; swarm,Collective noun
What do you call a group of Lark?,exaltation,Collective noun
What do you call a group of Horse?,band; field; harras; herd; rag; stable; string; stud; team,Collective noun
What name is given to a group of Mallard?,sord; suit,Collective noun
What is the female Partridge called?,chantelle; hen,Female
What is the young one of a/an Fox called?,cub; kit; pup,Young
What name is given to a group of Cheetah?,coalition,Collective noun
What do you call a group of Hippopotamus?,bloat; herd; sea; thunder,Collective noun
How is a group of Raccoon referred to?,brace; committee; gaze; nursery; smack; troop,Collective noun
What is the baby of a/an Guinea; pig called?,pup,Young
What name is given to the offspring of a/an Salamander?,larva,Young
What do you call a group of Ape?,band family group shrewdness troop; group,Collective noun
What do you call a group of Mongoose?,committee; delegation; troop,Collective noun
How is a group of Shark referred to?,shiver,Collective noun
What name is given to the offspring of a/an Chinchilla?,kit,Young
How is a female Zebra referred to?,mare,Female
What name is given to a group of Turtle?,bale,Collective noun
What do you call a female Lyrebird?,hen,Female
What name is given to the offspring of a/an Ram?,lamb,Young
What is the young one of a/an Armadillo called?,baby; pup,Young
What name is given to a group of Kinkajou?,convergence; troop,Collective noun
What is the baby of a/an Camel called?,calf,Young
What is the young one of a/an Turkey called?,poult,Young
What is the young one of a/an Pigeon called?,squab; squeaker,Young
What is the young one of a/an Elk/wapiti called?,calf,Young
What name is given to a female Lobster?,hen,Female
How is a female Wasp referred to?,queen; worker,Female
How is a group of Horse referred to?,band; field; harras; herd; rag; stable; string; stud; team,Collective noun
How is a female Guinea; fowl referred to?,hen,Female
What is the baby of a/an Fly called?,maggot,Young
What is a group of Platypus called?,paddle,Collective noun
What is the baby of a/an Kangaroo called?,joey,Young
How is a group of Mallard referred to?,sord; suit,Collective noun
What name is given to the offspring of a/an Horse?,colt; filly; foal; weanling; yearling,Young
What do you call a/an Shark’s young?,cub; pup,Young
What is the young one of a/an Lemur called?,infant,Young
What is the young one of a/an Human called?,baby; boy; child; girl; infant,Young
What do you call a group of Leopard?,leap; lepe,Collective noun
What do you call a/an Chicken’s young?,chick,Young
What do you call a group of Eagle?,convocation,Collective noun
How is a female Nightingale referred to?,hen,Female
What name is given to a group of Peccary?,squadron,Collective noun
What is the baby of a/an Heron called?,chick,Young
What is the female Horse called?,dam; mare,Female
What do you call a group of Crow?,murder,Collective noun
How is a group of Sea; otter referred to?,raft,Collective noun
What is a group of Monkey called?,group; troop,Collective noun
What do you call a group of Cattle?,drove; gang; herd; obstinancy; team; troop; yoke,Collective noun
What do you call a/an Beaver’s young?,kit; kitten; pup,Young
What is the young one of a/an Squirrel called?,kit; kitten; pup,Young
What name is given to the offspring of a/an Mosquito?,nymph; tumbler; wriggler,Young
What do you call a female Otter?,sow,Female
What is the female Camel called?,cow,Female
How is a female Porcupine referred to?,sow,Female
What do you call a group of Spider?,cluster; clutter,Collective noun
What is a group of Guanaco called?,herd,Collective noun
What name is given to a female Human?,lady; woman,Female
What name is given to a group of Crocodile?,bask; congregation; float; menace,Collective noun
What name is given to the offspring of a/an Pug?,pup,Young
What is the baby of a/an Snake called?,hatchling; neonate; snakelet,Young
What do you call a female Porcupine?,sow,Female
What name is given to a group of Giant; panda?,embarrassment; sleuth,Collective noun
How is a group of Wolf referred to?,pack,Collective noun
What is the young one of a/an Penguin called?,chick; nestling,Young
What is a group of Elephant called?,herd; memory; parade,Collective noun
What is the female Giraffe called?,cow,Female
What name is given to the offspring of a/an Hippopotamus?,calf,Young
What is the female Seal called?,cow,Female
What is the young one of a/an Kangaroo called?,joey,Young
What do you call a/an Lion’s young?,cub,Young
What is the young one of a/an Squid called?,paralarva,Young
What do you call a/an Dove’s young?,chick,Young
What is a group of Snake called?,ball; nest; slither,Collective noun
What is a group of Guinea; fowl called?,flock; rasp,Collective noun
How is a group of Lark referred to?,exaltation,Collective noun
What do you call a group of Goat?,herd; flock; tribe; trip; trippe,Collective noun
What do you call a group of Kangaroo?,court; herd; mob; troop,Collective noun
What name is given to the offspring of a/an Hawk?,eyas,Young
What is a group of Dove called?,arc; cote; dole; dule; flight; piteousness; pitying,Collective noun
How is a group of Guinea; pig referred to?,herd,Collective noun
How is a group of Salamander referred to?,maelstrom,Collective noun
What is the female Pigeon called?,hen,Female
What is the young one of a/an Ant called?,larva; pupa,Young
What name is given to a group of Otter?,family; romp,Collective noun
What is the female Alligator called?,cow,Female
What do you call a group of Elephant?,herd; memory; parade,Collective noun
What name is given to a group of Hyena?,cackle; clan,Collective noun
What name is given to a group of Jellyfish?,bloom; brood; fluther; smack; smuth,Collective noun
What is the baby of a/an Cheetah called?,cub; kitten,Young
What do you call a/an Fox’s young?,cub; kit; pup,Young
What is the female Raven called?,hen,Female
What name is given to a group of Guinea; pig?,herd,Collective noun
What name is given to a female Chimpanzee?,empress,Female
What is the baby of a/an Albatross called?,chick,Young
What is a group of Ape called?,band family group shrewdness troop; group,Collective noun
What do you call a female Bee?,queen; worker,Female
How is a female Sheep referred to?,dam; ewe,Female
What do you call a group of Nightingale?,watch,Collective noun
What do you call a female Wildebeest?,cow,Female
What do you call a/an Bee’s young?,larva; pupa,Young
What name is given to a female Rhinoceros?,cow,Female
What is the baby of a/an Locust called?,nymph,Young
How is a group of Wombat referred to?,wisdom,Collective noun
What is the baby of a/an Rhinoceros called?,calf,Young
What is a group of Herring called?,army; glean; shoal,Collective noun
What is the baby of a/an Panther called?,cub,Young
What is the female Llama called?,dam; hembra,Female
What do you call a group of Raccoon?,brace; committee; gaze; nursery; smack; troop,Collective noun
What name is given to a group of Gnu?,herd; implausibility,Collective noun
How is a female Quail referred to?,hen,Female
What is the female Lobster called?,hen,Female
What is a group of Mongoose called?,committee; delegation; troop,Collective noun
What do you call a female Pug?,bitch,Female
What is a group of Hyena called?,cackle; clan,Collective noun
How is a female Lobster referred to?,hen,Female
What do you call a group of Antelope?,cluster; herd; tribe,Collective noun
What is a group of Moose called?,herd,Collective noun
What is the young one of a/an Lapwing called?,chick,Young
What is the young one of a/an Pheasant called?,chick,Young
What do you call a/an Ape’s young?,baby; child; infant,Young
What do you call a group of Cod?,school,Collective noun
What name is given to a group of Toucan?,durante,Collective noun
What is the young one of a/an Raven called?,chick,Young
What is the baby of a/an Boar/wild; pig called?,farrow; piglet; shoat/shote,Young
What is the female Kinkajou called?,sow,Female
What do you call a group of Kingbird?,court; tyranny; coronation,Collective noun
What do you call a/an Squirrel’s young?,kit; kitten; pup,Young
What is the female Guinea; fowl called?,hen,Female
What name is given to the offspring of a/an Finch?,chick,Young
What do you call a group of Cockroach?,intrusion,Collective noun
What is the young one of a/an Chimpanzee called?,infant,Young
What do you call a/an Sand; dollar’s young?,juvenile; larva; pluteus,Young
What is the young one of a/an Wombat called?,joey,Young
How is a group of Hare referred to?,band; down; drove; flick; husk,Collective noun
What name is given to a female Cattle?,cow; heifer; freemartin,Female
How is a group of Zebra referred to?,cohort; dazzle; herd; zeal,Collective noun
What name is given to a group of Partridge?,covey; roost,Collective noun
What is the young one of a/an Weasel called?,kit; pup,Young
What do you call a female Squirrel?,doe,Female
What is the female Polar; bear called?,sow,Female
What is a group of Stingray called?,fever,Collective noun
What is the young one of a/an Lyrebird called?,chick,Young
What name is given to a female Lion?,lioness,Female
What is a group of Hornet called?,bike; nest; swarm,Collective noun
What do you call a/an Mole’s young?,pup,Young
How is a female Turkey referred to?,hen,Female
What do you call a/an Ferret’s young?,kit,Young
What do you call a/an Gorilla’s young?,infant,Young
What do you call a female Crocodile?,cow,Female
What is a group of Kangaroo called?,court; herd; mob; troop,Collective noun
What is the baby of a/an Pug called?,pup,Young
How is a group of Albatross referred to?,flock; gam; rookery,Collective noun
What do you call a group of Finch?,charm,Collective noun
What name is given to a group of Cobra?,quiver,Collective noun
What name is given to a group of Kangaroo?,court; herd; mob; troop,Collective noun
What do you call a group of Toucan?,durante,Collective noun
How is a female Deer referred to?,doe; hind; cow,Female
What name is given to a group of Leopard?,leap; lepe,Collective noun
What do you call a female Pigeon?,hen,Female
What name is given to a female Sheep?,dam; ewe,Female
What is the young one of a/an Peafowl called?,chick; peachick,Young
What do you call a female Baboon?,babuina,Female
What do you call a/an Cormorant’s young?,chick; shaglet,Young
How is a group of Toucan referred to?,durante,Collective noun
What is the baby of a/an Squirrel called?,kit; kitten; pup,Young
What name is given to a group of Chicken?,brood; clutch; flock; peep,Collective noun
What do you call a/an Guinea; fowl’s young?,keet,Young
What is the female Goose called?,goose,Female
What is a group of Ferret called?,business; busyness,Collective noun
What do you call a group of Lyrebird?,musket,Collective noun
What is the baby of a/an Wildebeest called?,calf,Young
What is a group of Alligator called?,congregation,Collective noun
What is the young one of a/an Crocodile called?,hatchling,Young
What is the baby of a/an Elephant called?,calf,Young
What is the baby of a/an Swan called?,cygnet; flapper,Young
What do you call a/an Sea; otter’s young?,pup,Young
What do you call a/an Gecko’s young?,hatchling,Young
What do you call a/an Rat’s young?,kitten; pup,Young
What name is given to the offspring of a/an Duck?,duckling,Young
What name is given to the offspring of a/an Human?,baby; boy; child; girl; infant,Young
What do you call a group of Whale?,gam; pod; school,Collective noun
What name is given to a female Rabbit?,doe; jill,Female
What name is given to the offspring of a/an Cheetah?,cub; kitten,Young
What name is given to the offspring of a/an Dunlin?,chick,Young
What is the young one of a/an Leopard called?,cub,Young
What do you call a group of Sheep?,flock; fold; herd,Collective noun
What is the baby of a/an Pig called?,farrow; piglet; shoat/shote,Young
What do you call a female Alligator?,cow,Female
What name is given to a female Badger?,sow,Female
What do you call a/an Mouse’s young?,pup,Young
What is the baby of a/an Crocodile called?,hatchling,Young
What is the female Moose called?,cow,Female
What is the baby of a/an Jay called?,chick,Young
What name is given to a group of Bear?,sleuth; sloth,Collective noun
What name is given to the offspring of a/an Panther?,cub,Young
How is a group of Owl referred to?,parliament,Collective noun
What do you call a group of Crocodile?,bask; congregation; float; menace,Collective noun
What do you call a group of Peafowl?,ostentation,Collective noun
How is a group of Ass/donkey referred to?,coffle; drove; herd; pace,Collective noun
What is a group of Jellyfish called?,bloom; brood; fluther; smack; smuth,Collective noun
What is the female Nightingale called?,hen,Female
What is the young one of a/an Monkey called?,infant,Young
What is the young one of a/an Bat called?,pup,Young
What name is given to a female Hippopotamus?,cow,Female
What is the female Duck called?,duck; hen,Female
What is a group of Ant called?,army; bike; colony; bivouac; nest; swarm,Collective noun
How is a female Crocodile referred to?,cow,Female
What is the female Ass/donkey called?,jenny,Female
What do you call a/an Jaguar’s young?,cub,Young
What name is given to a female Koala?,doe,Female
What is the female Armadillo called?,sow,Female
How is a group of Alpaca referred to?,herd,Collective noun
How is a female Bee referred to?,queen; worker,Female
What do you call a female Zebra?,mare,Female
What is a group of Guinea; pig called?,herd,Collective noun
What name is given to the offspring of a/an Elephant?,calf,Young
How is a female Pigeon referred to?,hen,Female
What name is given to a group of Wombat?,wisdom,Collective noun
What do you call a female Finch?,hen,Female
How is a group of Jellyfish referred to?,bloom; brood; fluther; smack; smuth,Collective noun
What do you call a/an Cattle’s young?,calf,Young
What do you call a female Koala?,doe,Female
What name is given to a female Giant; panda?,sow,Female
What name is given to a group of Octopus?,shoal,Collective noun
What name is given to a group of Guinea; fowl?,flock; rasp,Collective noun
What do you call a group of Sandpiper?,fling,Collective noun
How is a group of Duck referred to?,badling; brace; bunch; flock; herd; paddling; raft; safe; skein; sord; sore; string; team; waddling,Collective noun
What is a group of Termite called?,colony; nest; swarm,Collective noun
What do you call a female Polar; bear?,sow,Female
What is the baby of a/an Partridge called?,chick,Young
What do you call a group of Camel?,caravan; flock; herd; train,Collective noun
What is a group of Cat called?,clowder; cluster; clutter; glaring; kindle; litter; pillow; pounce; nuisance,Collective noun
How is a group of Nightingale referred to?,watch,Collective noun
What do you call a female Rabbit?,doe; jill,Female
What name is given to a group of Guanaco?,herd,Collective noun
What name is given to a female Polar; bear?,sow,Female
What is the baby of a/an Dog called?,pup; puppy; whelp,Young
What do you call a group of Pug?,grumble,Collective noun
What is the baby of a/an Lyrebird called?,chick,Young
What is the baby of a/an Monkey called?,infant,Young
What is the baby of a/an Gnu called?,calf,Young
What name is given to a group of Seahorse?,shoal,Collective noun
What is the female Porcupine called?,sow,Female
What name is given to a group of Emu?,mob,Collective noun
What name is given to a female Guinea; fowl?,hen,Female
What is the baby of a/an Grasshopper called?,nymph,Young
What name is given to the offspring of a/an Stingray?,pup,Young
What name is given to a female Chinchilla?,sow; velvet,Female
What do you call a female Alpaca?,hembra,Female
How is a group of Hedgehog referred to?,array,Collective noun
What do you call a group of Wasp?,colony; hive; nest; swarm,Collective noun
What do you call a female Goose?,goose,Female
What do you call a group of Spoonbill?,bowl,Collective noun
How is a group of Rat referred to?,colony; horde; mischief,Collective noun
What is the young one of a/an Kinkajou called?,kit; pup,Young
What name is given to a group of Termite?,colony; nest; swarm,Collective noun
What is the young one of a/an Boar/wild; pig called?,farrow; piglet; shoat/shote,Young
What do you call a group of Toad?,knot,Collective noun
What do you call a/an Lark’s young?,chick,Young
What do you call a group of Cheetah?,coalition,Collective noun
What name is given to a group of Chinchilla?,colony,Collective noun
What is a group of Bee called?,cast; cluster; colony; drift; erst; grist; hive; nest; rabble; stand; swarm,Collective noun
What name is given to a female Crocodile?,cow,Female
What do you call a group of Moose?,herd,Collective noun
What is a group of Gorilla called?,band troop; group whoop,Collective noun
What do you call a/an Baboon’s young?,infant,Young
What do you call a female Fox?,vixen,Female
How is a female Heron referred to?,hen,Female
What is a group of Wildebeest called?,confusion,Collective noun
What is a group of Beetle called?,swarm,Collective noun
How is a female Jay referred to?,hen,Female
What is the baby of a/an Cattle called?,calf,Young
What is the young one of a/an Duck called?,duckling,Young
What is a group of Owl called?,parliament,Collective noun
What is the female Hamster called?,doe,Female
What is the young one of a/an Dove called?,chick,Young
What name is given to a female Swan?,pen,Female
How is a group of Giant; panda referred to?,embarrassment; sleuth,Collective noun
What name is given to the offspring of a/an Wildebeest?,calf,Young
What do you call a/an Goose’s young?,gosling,Young
What is a group of Hamster called?,horde,Collective noun
How is a group of Wasp referred to?,colony; hive; nest; swarm,Collective noun
What name is given to a group of Wildebeest?,confusion,Collective noun
What is a group of Cockroach called?,intrusion,Collective noun
What name is given to a group of Shark?,shiver,Collective noun
What is the baby of a/an Seal called?,pup,Young
What is the baby of a/an Beetle called?,larva; grub; mealworm; pupa,Young
What is the female Mallard called?,hen,Female
What name is given to a group of Spider?,cluster; clutter,Collective noun
What name is given to the offspring of a/an Guanaco?,chulengo,Young
What name is given to the offspring of a/an Ferret?,kit,Young
What is a group of Hippopotamus called?,bloat; herd; sea; thunder,Collective noun
What is the young one of a/an Ass/donkey called?,foal,Young
What do you call a female Gerbil?,doe,Female
What is a group of Locust called?,cloud; host; swarm,Collective noun
How is a female Wombat referred to?,jill,Female
What do you call a female Elephant?,cow,Female
How is a group of Lapwing referred to?,deceit; desert,Collective noun
How is a female Llama referred to?,dam; hembra,Female
What is a group of Bear called?,sleuth; sloth,Collective noun
How is a group of Hamster referred to?,horde,Collective noun
What name is given to a female Jay?,hen,Female
What is the young one of a/an Kingbird called?,chick,Young
What name is given to the offspring of a/an Partridge?,chick,Young
What name is given to the offspring of a/an Hare?,leveret,Young
What name is given to the offspring of a/an Locust?,nymph,Young
How is a female Squirrel referred to?,doe,Female
What is the young one of a/an Mosquito called?,nymph; tumbler; wriggler,Young
How is a female Wolf referred to?,bitch; she-wolf,Female
What name is given to a group of Nightingale?,watch,Collective noun
What is a group of Mosquito called?,cloud; scourge; swarm,Collective noun
What do you call a group of Beaver?,colony; family,Collective noun
What is the baby of a/an Alligator called?,hatchling,Young
What name is given to a group of Penguin?,colony; huddle; raft; rookery; tuxedo; waddle,Collective noun
What name is given to the offspring of a/an Chicken?,chick,Young
What name is given to the offspring of a/an Goose?,gosling,Young
How is a group of Alligator referred to?,congregation,Collective noun
What is a group of Raven called?,conspiracy; unkindness,Collective noun
What is the baby of a/an Rabbit called?,bunny; kit; kitten; nestling,Young
How is a female Finch referred to?,hen,Female
What do you call a female Opossum?,jill,Female
What name is given to a group of Horse?,band; field; harras; herd; rag; stable; string; stud; team,Collective noun
What do you call a female Lark?,hen,Female
What name is given to the offspring of a/an Opossum?,joey,Young
What name is given to a group of Pelican?,pod; scoop,Collective noun
How is a female Hippopotamus referred to?,cow,Female
What name is given to a group of Grasshopper?,cloud; swarm,Collective noun
What is a group of Rat called?,colony; horde; mischief,Collective noun
What name is given to the offspring of a/an Boar/wild; pig?,farrow; piglet; shoat/shote,Young
What do you call a group of Dolphin?,herd; pod; school; team,Collective noun
What is the female Bear called?,she-bear; sow,Female
What is the young one of a/an Dolphin called?,calf,Young
What do you call a/an Raven’s young?,chick,Young
What is the young one of a/an Grasshopper called?,nymph,Young
What is the young one of a/an Chough called?,chick,Young
What is a group of Jay called?,band; party; scold,Collective noun
How is a group of Gerbil referred to?,horde,Collective noun
What is the baby of a/an Chough called?,chick,Young
What do you call a female Moose?,cow,Female
What name is given to a group of Squirrel?,scurry,Collective noun
How is a group of Emu referred to?,mob,Collective noun
What do you call a female Ass/donkey?,jenny,Female
How is a group of Ant referred to?,army; bike; colony; bivouac; nest; swarm,Collective noun
How is a group of Cormorant referred to?,flight; gulp,Collective noun
What is a group of Pelican called?,pod; scoop,Collective noun
What do you call a group of Flamingo?,flamboyance; stand,Collective noun
How is a group of Stingray referred to?,fever,Collective noun
What name is given to a group of Snake?,ball; nest; slither,Collective noun
What name is given to a group of Fox?,leash; skulk; earth,Collective noun
What name is given to a female Horse?,dam; mare,Female
How is a group of Dove referred to?,arc; cote; dole; dule; flight; piteousness; pitying,Collective noun
What is the young one of a/an Prairie; dog called?,pup,Young
What do you call a group of Baboon?,flange troop; group,Collective noun
What do you call a female Cattle?,cow; heifer; freemartin,Female
What do you call a female Dog?,bitch,Female
What do you call a group of Armadillo?,protection,Collective noun
What is a group of Cormorant called?,flight; gulp,Collective noun
What is the baby of a/an Toad called?,tadpole; toadlet,Young
What do you call a group of Squid?,shoal,Collective noun
What do you call a group of Wolf?,pack,Collective noun
What do you call a group of Lion?,pride; sawt,Collective noun
What name is given to a female Quail?,hen,Female
What do you call a group of Cat?,clowder; cluster; clutter; glaring; kindle; litter; pillow; pounce; nuisance,Collective noun
What do you call a female Salmon?,hen; jen,Female
What do you call a/an Pelican’s young?,chick; nestling,Young
What is the young one of a/an Seal called?,pup,Young
What do you call a/an Snake’s young?,hatchling; neonate; snakelet,Young
What is the female Lion called?,lioness,Female
What do you call a female Crab?,hen; jenny,Female
What is a group of Lyrebird called?,musket,Collective noun
How is a group of Wallaby referred to?,mob,Collective noun
How is a group of Rabbit referred to?,litter; nest; warren; wrack,Collective noun
What name is given to a female Finch?,hen,Female
What is the young one of a/an Antelope called?,calf,Young
What is the female Pheasant called?,hen,Female
What do you call a/an Toucan’s young?,chick,Young
What name is given to a female Chicken?,hen; pullet,Female
What do you call a group of Hornet?,bike; nest; swarm,Collective noun
How is a female Partridge referred to?,chantelle; hen,Female
What do you call a/an Goat’s young?,kid,Young
What is a group of Finch called?,charm,Collective noun
What is the baby of a/an Guinea; fowl called?,keet,Young
What is a group of Albatross called?,flock; gam; rookery,Collective noun
What do you call a female Nightingale?,hen,Female
What is the female Pig called?,gilt; sow,Female
What do you call a group of Rat?,colony; horde; mischief,Collective noun
What do you call a/an Boar/wild; pig’s young?,farrow; piglet; shoat/shote,Young
What is the baby of a/an Ape called?,baby; child; infant,Young
What is the female Kangaroo called?,doe; flyer; jill; roo,Female
What is the baby of a/an Ass/donkey called?,foal,Young
What is the baby of a/an Koala called?,joey,Young
What is a group of Deer called?,bunch; herd; mob; rangale,Collective noun
What is the baby of a/an Stingray called?,pup,Young
What is the young one of a/an Skunk called?,kit,Young
How is a female Wildebeest referred to?,cow,Female
What is the young one of a/an Baboon called?,infant,Young
What do you call a group of Falcon?,cast,Collective noun
What is a group of Dunlin called?,fling,Collective noun
What name is given to a female Pheasant?,hen,Female
What do you call a female Mouse?,doe,Female
What name is given to the offspring of a/an Frog?,froglet; polliwog; tadpole,Young
What is the baby of a/an Rat called?,kitten; pup,Young
What name is given to a group of Rabbit?,litter; nest; warren; wrack,Collective noun
What is the young one of a/an Seahorse called?,seafoal,Young
How is a female Ram referred to?,ewe,Female
How is a female Goose referred to?,goose,Female
What is the young one of a/an Beaver called?,kit; kitten; pup,Young
What do you call a/an Wildebeest’s young?,calf,Young
What do you call a group of Raven?,conspiracy; unkindness,Collective noun
What is the young one of a/an Whale called?,calf,Young
What name is given to a group of Lapwing?,deceit; desert,Collective noun
What is the baby of a/an Moose called?,calf,Young
What is the young one of a/an Quail called?,chick,Young
What name is given to a group of Cattle?,drove; gang; herd; obstinancy; team; troop; yoke,Collective noun
How is a group of Crane referred to?,herd; sedge; sege; siege,Collective noun
What do you call a female Whale?,cow,Female
What name is given to a female Alpaca?,hembra,Female
What name is given to a female Hamster?,doe,Female
What is the female Ant called?,queen; soldier; worker,Female
What name is given to the offspring of a/an Toad?,tadpole; toadlet,Young
What is a group of Turkey called?,rafter,Collective noun
What do you call a group of Elk/wapiti?,gang; herd,Collective noun
How is a female Ferret referred to?,jill,Female
What name is given to a group of Fly?,business; cloud; swarm,Collective noun
What is the female Sheep called?,dam; ewe,Female
How is a group of Pigeon referred to?,flight; flock; kit,Collective noun
How is a group of Goose referred to?,chevron; flock; gaggle; plump; skein; team; wedge,Collective noun
What name is given to a female Otter?,sow,Female
What name is given to the offspring of a/an Crab?,zoea,Young
What name is given to the offspring of a/an Spoonbill?,chick,Young
What name is given to a female Squirrel?,doe,Female
What name is given to a group of Sea; otter?,raft,Collective noun
What do you call a group of Pig?,drift; drove; litter; sounder; team,Collective noun
How is a group of Finch referred to?,charm,Collective noun
What is the female Dolphin called?,cow,Female
How is a female Polar; bear referred to?,sow,Female
What do you call a female Wasp?,queen; worker,Female
How is a group of Tiger referred to?,ambush; streak,Collective noun
What name is given to a group of Finch?,charm,Collective noun
What is the female Leopard called?,leopardess,Female
What is the baby of a/an Badger called?,cub; kit,Young
What name is given to a group of Chimpanzee?,troop; group tribe,Collective noun
What is the young one of a/an Emu called?,chick; hatchling,Young
What do you call a female Partridge?,chantelle; hen,Female
What do you call a group of Giraffe?,corps; herd; tower,Collective noun
What do you call a/an Camel’s young?,calf,Young
What is the female Boar/wild; pig called?,sow,Female
How is a group of Mole referred to?,labor,Collective noun
What name is given to a group of Prairie; dog?,town,Collective noun
How is a group of Antelope referred to?,cluster; herd; tribe,Collective noun
How is a group of Hawk referred to?,aerie; boil; cast; cauldron; flight; flock; kettle; leash; staff,Collective noun
What is a group of Lark called?,exaltation,Collective noun
What do you call a/an Finch’s young?,chick,Young
What do you call a group of Ram?,flock,Collective noun
What do you call a/an Lyrebird’s young?,chick,Young
What do you call a group of Pheasant?,bouquet; flock; nest; nide; nye,Collective noun
How is a female Human referred to?,lady; woman,Female
What do you call a female Mole?,sow,Female
What is the young one of a/an Eagle called?,eaglet; fledgling,Young
What is the female Rabbit called?,doe; jill,Female
What do you call a female Wombat?,jill,Female
What do you call a group of Human?,band; clan; crowd; family; group; horde; tribe,Collective noun
How is a female Swan referred to?,pen,Female
How is a group of Cattle referred to?,drove; gang; herd; obstinancy; team; troop; yoke,Collective noun
What name is given to a group of Locust?,cloud; host; swarm,Collective noun
What name is given to the offspring of a/an Dog?,pup; puppy; whelp,Young
What do you call a female Chicken?,hen; pullet,Female
What is the baby of a/an Narwhal called?,calf,Young
What is the baby of a/an Gorilla called?,infant,Young
What do you call a/an Opossum’s young?,joey,Young
What name is given to the offspring of a/an Grasshopper?,nymph,Young
What is the baby of a/an Giraffe called?,calf,Young
What is the baby of a/an Turtle called?,hatchling; turtlet,Young
What is the female Dog called?,bitch,Female
What name is given to the offspring of a/an Goat?,kid,Young
What is the young one of a/an Mole called?,pup,Young
What do you call a/an Raccoon’s young?,cub; kit,Young
What do you call a group of Boar/wild; pig?,herd; singular; sounder,Collective noun
What name is given to a group of Elk/wapiti?,gang; herd,Collective noun
What do you call a group of Duck?,badling; brace; bunch; flock; herd; paddling; raft; safe; skein; sord; sore; string; team; waddling,Collective noun
What name is given to a female Gerbil?,doe,Female
What is a group of Raccoon called?,brace; committee; gaze; nursery; smack; troop,Collective noun
What name is given to a female Boar/wild; pig?,sow,Female
What is the baby of a/an Beaver called?,kit; kitten; pup,Young
What name is given to a group of Jaguar?,leap; parade; prowl,Collective noun
What name is given to a female Dog?,bitch,Female
What do you call a female Heron?,hen,Female
How is a group of Penguin referred to?,colony; huddle; raft; rookery; tuxedo; waddle,Collective noun
What is the baby of a/an Prairie; dog called?,pup,Young
What do you call a female Guinea; pig?,sow,Female
What name is given to a female Partridge?,chantelle; hen,Female
What is the female Gnu called?,cow,Female
What is the female Antelope called?,doe,Female
What is a group of Rhinoceros called?,crash; herd,Collective noun
What do you call a/an Wallaby’s young?,joey,Young
What do you call a/an Nightingale’s young?,chick,Young
What is the young one of a/an Mallard called?,duckling,Young
How is a group of Elephant referred to?,herd; memory; parade,Collective noun
What is the baby of a/an Spider called?,spiderling,Young
What is the young one of a/an Cat called?,kit; kitten,Young
What do you call a female Camel?,cow,Female
What name is given to a female Goat?,doe; doeling; nanny,Female
What name is given to a female Llama?,dam; hembra,Female
What is a group of Squirrel called?,scurry,Collective noun
What is the young one of a/an Flamingo called?,chick,Young
What name is given to the offspring of a/an Mole?,pup,Young
What is a group of Tiger called?,ambush; streak,Collective noun
How is a female Ass/donkey referred to?,jenny,Female
What name is given to the offspring of a/an Turkey?,poult,Young
What is the female Squirrel called?,doe,Female
What is the baby of a/an Bee called?,larva; pupa,Young
What name is given to the offspring of a/an Weasel?,kit; pup,Young
What do you call a group of Ferret?,business; busyness,Collective noun
What name is given to a group of Dunlin?,fling,Collective noun
What do you call a female Mallard?,hen,Female
What is the young one of a/an Goose called?,gosling,Young
What is the young one of a/an Hedgehog called?,hoglet; piglet; pup,Young
How is a female Raven referred to?,hen,Female
What is the baby of a/an Lark called?,chick,Young
What do you call a/an Tiger’s young?,cub; whelp,Young
How is a female Pheasant referred to?,hen,Female
What name is given to the offspring of a/an Chimpanzee?,infant,Young
What is the baby of a/an Wallaby called?,joey,Young
What is a group of Pigeon called?,flight; flock; kit,Collective noun
What is the baby of a/an Antelope called?,calf,Young
What is the baby of a/an Weasel called?,kit; pup,Young
What do you call a group of Sea; otter?,raft,Collective noun
What name is given to a female Skunk?,sow,Female
How is a group of Lion referred to?,pride; sawt,Collective noun
How is a female Armadillo referred to?,sow,Female
What is the female Jay called?,hen,Female
What is the young one of a/an Hamster called?,pup,Young
What is the female Human called?,lady; woman,Female
What do you call a/an Mongoose’s young?,pup,Young
How is a female Pig referred to?,gilt; sow,Female
What name is given to a group of Lemur?,conspiracy,Collective noun
How is a female Crab referred to?,hen; jenny,Female
What name is given to a female Seahorse?,seamare,Female
What name is given to a female Nightingale?,hen,Female
What is a group of Duck called?,badling; brace; bunch; flock; herd; paddling; raft; safe; skein; sord; sore; string; team; waddling,Collective noun
What do you call a/an Crocodile’s young?,hatchling,Young
What is the young one of a/an Beetle called?,larva; grub; mealworm; pupa,Young
What do you call a female Dolphin?,cow,Female
What is a group of Badger called?,cete; colony,Collective noun
What is a group of Kinkajou called?,convergence; troop,Collective noun
How is a group of Bee referred to?,cast; cluster; colony; drift; erst; grist; hive; nest; rabble; stand; swarm,Collective noun
What name is given to the offspring of a/an Monkey?,infant,Young
How is a group of Ram referred to?,flock,Collective noun
What is the young one of a/an Sheep called?,cosset; lamb; lambkin,Young
What is the young one of a/an Hyena called?,cub,Young
What is the baby of a/an Falcon called?,eyass/eyas,Young
What name is given to the offspring of a/an Ass/donkey?,foal,Young
What do you call a group of Weasel?,gang; sneak,Collective noun
How is a group of Chicken referred to?,brood; clutch; flock; peep,Collective noun
What is the young one of a/an Snake called?,hatchling; neonate; snakelet,Young
What is the baby of a/an Ant called?,larva; pupa,Young
What is the young one of a/an Hare called?,leveret,Young
What is a group of Baboon called?,flange troop; group,Collective noun
What is a group of Leopard called?,leap; lepe,Collective noun
What is a group of Goose called?,chevron; flock; gaggle; plump; skein; team; wedge,Collective noun
What name is given to a female Wasp?,queen; worker,Female
What do you call a group of Chimpanzee?,troop; group tribe,Collective noun
What do you call a/an Gnu’s young?,calf,Young
What name is given to the offspring of a/an Falcon?,eyass/eyas,Young
How is a female Prairie; dog referred to?,sow,Female
What is a group of Heron called?,flight; sedge; sege; siege,Collective noun
What name is given to a female Crab?,hen; jenny,Female
What is a group of Narwhal called?,pod; herd; school; gam; grind,Collective noun
What do you call a female Bear?,she-bear; sow,Female
What name is given to a group of Mouse?,colony; nest,Collective noun
What is a group of Partridge called?,covey; roost,Collective noun
What do you call a female Lion?,lioness,Female
What is a group of Mallard called?,sord; suit,Collective noun
What is a group of Cattle called?,drove; gang; herd; obstinancy; team; troop; yoke,Collective noun
What name is given to a group of Narwhal?,pod; herd; school; gam; grind,Collective noun
How is a group of Spoonbill referred to?,bowl,Collective noun
What name is given to the offspring of a/an Dove?,chick,Young
How is a female Narwhal referred to?,cow,Female
What is a group of Ram called?,flock,Collective noun
How is a female Elk/wapiti referred to?,cow,Female
What is the baby of a/an Hippopotamus called?,calf,Young
What do you call a group of Wildebeest?,confusion,Collective noun
What is the young one of a/an Alpaca called?,cria,Young
What do you call a/an Leopard’s young?,cub,Young
What do you call a female Hare?,doe; jill,Female
What is the baby of a/an Mouse called?,pup,Young
How is a female Gerbil referred to?,doe,Female
What do you call a group of Dog?,comedy; cowardice; cry; kennel; litter; mute; pack,Collective noun
How is a group of Deer referred to?,bunch; herd; mob; rangale,Collective noun
What is the young one of a/an Crab called?,zoea,Young
What name is given to a female Gnu?,cow,Female
What is the baby of a/an Goose called?,gosling,Young
What is the young one of a/an Wolf called?,cub; pup; puppy; whelp,Young
What do you call a female Badger?,sow,Female
What name is given to the offspring of a/an Rhinoceros?,calf,Young
What do you call a group of Opossum?,passel,Collective noun
What is the young one of a/an Bear called?,cub,Young
What is the female Giant; panda called?,sow,Female
What is the young one of a/an Wasp called?,larva,Young
What name is given to a female Mouse?,doe,Female
What do you call a/an Hamster’s young?,pup,Young
How is a group of Giraffe referred to?,corps; herd; tower,Collective noun
What is the female Hawk called?,hen,Female
What name is given to a group of Ram?,flock,Collective noun
What is the female Lark called?,hen,Female
What name is given to the offspring of a/an Rat?,kitten; pup,Young
What name is given to a female Kangaroo?,doe; flyer; jill; roo,Female
What is the female Otter called?,sow,Female
What do you call a/an Wasp’s young?,larva,Young
What is the young one of a/an Pug called?,pup,Young
How is a group of Elk/wapiti referred to?,gang; herd,Collective noun
What do you call a/an Swan’s young?,cygnet; flapper,Young
What is a group of Whale called?,gam; pod; school,Collective noun
What do you call a group of Alligator?,congregation,Collective noun
What name is given to the offspring of a/an Spider?,spiderling,Young
What name is given to a female Cat?,molly; queen,Female
What do you call a/an Quail’s young?,chick,Young
What do you call a group of Bat?,camp; cloud; colony; flock,Collective noun
What name is given to a group of Moose?,herd,Collective noun
What is the female Chicken called?,hen; pullet,Female
What is the young one of a/an Deer called?,calf; fawn,Young
What name is given to a group of Zebra?,cohort; dazzle; herd; zeal,Collective noun
How is a group of Gnu referred to?,herd; implausibility,Collective noun
What do you call a/an Horse’s young?,colt; filly; foal; weanling; yearling,Young
What name is given to a group of Lark?,exaltation,Collective noun
What name is given to the offspring of a/an Owl?,fledgling; owlet,Young
What is the female Lyrebird called?,hen,Female
What is the female Cat called?,molly; queen,Female
What do you call a/an Giant; panda’s young?,cub,Young
How is a female Hawk referred to?,hen,Female
What do you call a female Chimpanzee?,empress,Female
How is a group of Opossum referred to?,passel,Collective noun
What is the female Whale called?,cow,Female
How is a female Hare referred to?,doe; jill,Female
What is the female Chimpanzee called?,empress,Female
What name is given to the offspring of a/an Hornet?,larva; pupa,Young
What name is given to a female Whale?,cow,Female
What name is given to a group of Bat?,camp; cloud; colony; flock,Collective noun
How is a group of Pug referred to?,grumble,Collective noun
What do you call a/an Hedgehog’s young?,hoglet; piglet; pup,Young
What name is given to a female Pigeon?,hen,Female
What do you call a/an Porcupine’s young?,pup; porcupette,Young
What name is given to a group of Hippopotamus?,bloat; herd; sea; thunder,Collective noun
How is a female Baboon referred to?,babuina,Female
What do you call a/an Seahorse’s young?,seafoal,Young
What name is given to the offspring of a/an Alpaca?,cria,Young
What name is given to the offspring of a/an Jellyfish?,ephyra; planula; polyp,Young
What do you call a female Peafowl?,peahen,Female
What is the baby of a/an Dove called?,chick,Young
What do you call a female Ant?,queen; soldier; worker,Female
What is the female Quail called?,hen,Female
How is a female Kinkajou referred to?,sow,Female
What name is given to a group of Lyrebird?,musket,Collective noun
What is a group of Quail called?,bevy,Collective noun
What is the female Hedgehog called?,sow,Female
How is a group of Cockroach referred to?,intrusion,Collective noun
What is the female Fox called?,vixen,Female
What is a group of Mole called?,labor,Collective noun
What name is given to the offspring of a/an Skunk?,kit,Young
What name is given to a group of Pig?,drift; drove; litter; sounder; team,Collective noun
What name is given to a group of Tiger?,ambush; streak,Collective noun
How is a group of Turkey referred to?,rafter,Collective noun
What is a group of Alpaca called?,herd,Collective noun
What is a group of Armadillo called?,protection,Collective noun
What is the baby of a/an Crane called?,chick; colt,Young
What name is given to a group of Ferret?,business; busyness,Collective noun
How is a female Ant referred to?,queen; soldier; worker,Female
What name is given to the offspring of a/an Cat?,kit; kitten,Young
What do you call a group of Rabbit?,litter; nest; warren; wrack,Collective noun
What name is given to a female Elephant?,cow,Female
What is the young one of a/an Dunlin called?,chick,Young
What is a group of Prairie; dog called?,town,Collective noun
What name is given to a group of Weasel?,gang; sneak,Collective noun
