question,answer
What is the IATA code for Cerro Moreno International Airport?,ANF
What is the IATA code for Mungeranie Airport?,MNE
What is the IATA code for Trivandrum International Airport?,TRV
What is the IATA code for Kabul International Airport?,KBL
What is the IATA code for Yilan Airport?,YLN
What is the IATA code for Flughafen Lahr?,LHA
What is the IATA code for Houlton International Airport?,HUL
What is the IATA code for Fria Airport?,FIG
What is the IATA code for Spencer Municipal Airport?,SPW
What is the IATA code for Hun Airport?,HUQ
What is the IATA code for Itaqui Airport?,ITQ
What is the IATA code for Luzhou Yunlong Airport?,LZO
What is the IATA code for Arvaikheer Airport?,AVK
What is the IATA code for Monte Real Air Base?,QLR
What is the IATA code for Uiju Airfield?,UJU
What is the IATA code for Ohio State University Airport?,OSU
What is the IATA code for Porto Cheli Airport?,PKH
What is the IATA code for Essen/Mülheim Airport?,ESS
What is the IATA code for El Alcaraván Airport?,EYP
What is the IATA code for Navoiy International Airport?,NVI
What is the IATA code for Juanjuí Airport?,JJI
What is the IATA code for Daniel Field?,DNL
What is the IATA code for Monte Alegre Airport?,MTE
What is the IATA code for Hornepayne Municipal Airport?,YHN
What is the IATA code for Pontoise – Cormeilles Aerodrome?,POX
What is the IATA code for Mullewa Airport?,MXU
What is the IATA code for Jönköping Airport?,JKG
What is the IATA code for Madrid–Torrejón Airport?,TOJ
What is the IATA code for Sana'a International Airport?,SAH
What is the IATA code for Biniguni Airport?,XBN
What is the IATA code for Bajone Airport?,BJN
What is the IATA code for Pyongyang Sunan International Airport?,FNJ
What is the IATA code for Jajao Airport?,JJA
What is the IATA code for Hakai Passage Water Aerodrome?,YHC
What is the IATA code for Casigua El Cubo Airport?,CUV
What is the IATA code for San Miguel Airport?,NMG
What is the IATA code for Quepos La Managua Airport?,XQP
What is the IATA code for Ailigandí Airport?,AIL
What is the IATA code for Dawei Airport?,TVY
What is the IATA code for Colonel Hill Airport?,CRI
What is the IATA code for Lumberton Municipal Airport?,LBT
What is the IATA code for Teslin Airport?,YZW
What is the IATA code for Dinard–Pleurtuit–Saint-Malo Airport?,DNR
What is the IATA code for Licenciado Miguel de la Madrid Airport?,CLQ
What is the IATA code for Roshchino International Airport?,TJM
What is the IATA code for Mafeteng Airport?,MFC
What is the IATA code for Iokea Airport?,IOK
What is the IATA code for Ellsworth Air Force Base?,RCA
What is the IATA code for Depati Amir Airport?,PGK
What is the IATA code for Mano Dayak International Airport?,AJY
What is the IATA code for Aberdeen Airport?,ABZ
What is the IATA code for Tsiroanomandidy Airport?,WTS
What is the IATA code for Port-Menier Airport?,YPN
What is the IATA code for Khorramabad Airport?,KHD
"What is the IATA code for Andøya Airport, Andenes?",ANX
What is the IATA code for Alert Airport?,YLT
What is the IATA code for Avon Park Executive Airport?,AVO
What is the IATA code for Klamath Falls Airport?,LMT
What is the IATA code for Warwick Airport?,WAZ
What is the IATA code for Namu Water Aerodrome?,ZNU
What is the IATA code for Quzhou Airport?,JUZ
What is the IATA code for North Bay/Jack Garland Airport?,YYB
What is the IATA code for Greenville Downtown Airport?,GMU
What is the IATA code for Shimojishima Airport?,SHI
What is the IATA code for Gerald R. Ford International Airport?,GRR
What is the IATA code for South Goulburn Island Airport?,GBL
What is the IATA code for Rodríguez Ballón International Airport?,AQP
What is the IATA code for Almaty International Airport?,ALA
What is the IATA code for Jining Daan Airport?,JNG
What is the IATA code for Agnew Airport?,AGW
What is the IATA code for Reese Airpark?,REE
What is the IATA code for Anahim Lake Airport?,YAA
What is the IATA code for Columbus Municipal Airport?,CLU
What is the IATA code for Beni Mellal Airport?,BEM
What is the IATA code for Corryong Airport?,CYG
What is the IATA code for Parlin Field?,NWH
What is the IATA code for Southwest Washington Regional Airport?,KLS
What is the IATA code for Düsseldorf Airport?,DUS
What is the IATA code for Charata Airport?,CNT
What is the IATA code for Noi Bai International Airport?,HAN
What is the IATA code for Mount Gunson Airport?,GSN
What is the IATA code for Kasba Lake Airport?,YDU
What is the IATA code for Lemnos International Airport?,LXS
What is the IATA code for Offutt Air Force Base?,OFF
What is the IATA code for Mongu Airport?,MNR
What is the IATA code for Clinton Creek Airport?,YLM
What is the IATA code for Massawa International Airport?,MSW
What is the IATA code for Loring Seaplane Base?,WLR
What is the IATA code for Soalala Airport?,DWB
What is the IATA code for Cessna Aircraft Field?,CEA
What is the IATA code for Shirak Airport?,LWN
What is the IATA code for Mitiaro Airport?,MOI
What is the IATA code for Goodnews Airport?,GNU
What is the IATA code for Carcassonne Airport?,CCF
What is the IATA code for M'Boki Airport?,MKI
What is the IATA code for Ngloram Airport?,CPF
What is the IATA code for Hat Yai International Airport?,HDY
What is the IATA code for Quinhagak Airport?,KWN
What is the IATA code for Kikori Airport?,KRI
What is the IATA code for Roboré Airport?,RBO
What is the IATA code for Baker Lake Airport?,YBK
What is the IATA code for Camp Bastion Air Base?,OAZ
What is the IATA code for Rottnest Island Airport?,RTS
What is the IATA code for Kasos Island Public Airport?,KSJ
What is the IATA code for Niquelândia Airport?,NQL
What is the IATA code for Dong Hoi Airport?,VDH
What is the IATA code for Çanakkale Airport?,CKZ
What is the IATA code for Moucha Airport?,MHI
What is the IATA code for Changhai Airport?,CNI
What is the IATA code for Cascade Locks State Airport?,CZK
What is the IATA code for Sultan Muhammad Salahudin Airport?,BMU
What is the IATA code for Charters Towers Airport?,CXT
What is the IATA code for Québec City Jean Lesage International Airport?,YQB
What is the IATA code for US Naval Station Rota?,ROZ
What is the IATA code for Westchester County Airport?,HPN
What is the IATA code for Charleville Airport?,CTL
What is the IATA code for Makini Airport?,MPG
What is the IATA code for Barcelona–El Prat Airport?,BCN
What is the IATA code for N'zeto Airport?,ARZ
"What is the IATA code for Brønnøysund Airport, Brønnøy?",BNN
What is the IATA code for Urgun Airport?,URN
What is the IATA code for Chetwynd Airport?,YCQ
What is the IATA code for Soroti Airport?,SRT
What is the IATA code for Talladega Municipal Airport?,ASN
What is the IATA code for Lüderitz Airport?,LUD
What is the IATA code for Jiroft Airport?,JYR
What is the IATA code for Chandalar Lake Airport?,WCR
What is the IATA code for Nadym Airport?,NYM
What is the IATA code for Keetmanshoop Airport?,KMP
What is the IATA code for Tiga Airport?,TGJ
What is the IATA code for Toussus-le-Noble Airport?,TNF
What is the IATA code for Johan Adolf Pengel International Airport?,PBM
What is the IATA code for Sohar Airport?,OHS
What is the IATA code for Greenville–Spartanburg International Airport?,GSP
What is the IATA code for Masirah Air Base?,MSH
What is the IATA code for Lodja Airport?,LJA
What is the IATA code for Cape Rodney Airport?,CPN
What is the IATA code for Sindal Airport?,CNL
What is the IATA code for Solapur Airport?,SSE
What is the IATA code for Albert J. Ellis Airport?,OAJ
What is the IATA code for Welshpool Airport?,WHL
What is the IATA code for Tobolsk Airport?,TOX
What is the IATA code for Mattala Rajapaksa International Airport?,HRI
What is the IATA code for Pensacola International Airport?,PNS
What is the IATA code for Beijing Daxing International Airport?,PKX
What is the IATA code for Ourilândia do Norte Airport?,OIA
What is the IATA code for Aktau Airport?,SCO
What is the IATA code for Marcala Airport?,MRJ
What is the IATA code for Simberi Airport?,NIS
What is the IATA code for Newport State Airport?,EFK
What is the IATA code for Mangochi Airport?,MAI
"What is the IATA code for Santa Lucía Air Force Base Num 1,Felipe Ángeles International Airport?",NLU
What is the IATA code for Arroyo Barril Airport?,EPS
What is the IATA code for Ashley Municipal Airport?,ASY
What is the IATA code for Benin Airport?,BNI
What is the IATA code for Gregorio Luperón International Airport?,POP
What is the IATA code for Turtle Island Seaplane Base?,TTL
What is the IATA code for Manti-Ephraim Airport?,NTJ
What is the IATA code for Northeast Alabama Regional Airport?,GAD
What is the IATA code for Delta Downs Airport?,DDN
What is the IATA code for Mount Isa Airport?,ISA
What is the IATA code for Wudalianchi Airport?,DTU
What is the IATA code for Loikaw Airport?,LIW
What is the IATA code for Mitchell Plateau Airport?,MIH
What is the IATA code for Phu Quoc International Airport?,PQC
What is the IATA code for Marion Municipal Airport?,MZZ
What is the IATA code for Juvenal Loureiro Cardoso Airport?,PTO
What is the IATA code for Gurupi Airport?,GRP
What is the IATA code for Mobridge Municipal Airport?,MBG
"What is the IATA code for Sogndal Airport, Haukåsen?",SOG
What is the IATA code for Yan'an Nanniwan Airport?,ENY
What is the IATA code for Bacha Khan International Airport?,PEW
What is the IATA code for Worthington Municipal Airport?,OTG
What is the IATA code for Beaumont Municipal Airport?,BMT
What is the IATA code for Moolawatana Airport?,MWT
What is the IATA code for Garowe International Airport?,GGR
What is the IATA code for Hilo International Airport?,ITO
What is the IATA code for Pullman–Moscow Regional Airport?,PUW
What is the IATA code for Pweto Airport?,PWO
What is the IATA code for Monseñor Óscar Arnulfo Romero International Airport?,SAL
What is the IATA code for Suki Airport?,SKC
What is the IATA code for Mekane Selam Airport?,MKS
What is the IATA code for Leinster Airport?,LER
What is the IATA code for Savuti Airport?,SVT
What is the IATA code for Agaun Airport?,AUP
What is the IATA code for Kindu Airport?,KND
What is the IATA code for Morlaix – Ploujean Airport?,MXN
What is the IATA code for Bujumbura International Airport?,BJM
What is the IATA code for Ogdensburg International Airport?,OGS
What is the IATA code for Spirit Lake Municipal Airport?,RTL
What is the IATA code for Santa Barbara Municipal Airport?,SBA
What is the IATA code for Wadi al-Dawasir Domestic Airport?,WAE
What is the IATA code for Cap. FAP Pedro Canga Rodríguez Airport?,TBP
What is the IATA code for El Nido Airport?,ENI
What is the IATA code for Macenta Airport?,MCA
What is the IATA code for Austin Straubel International Airport?,GRB
What is the IATA code for Ancona Falconara Airport?,AOI
What is the IATA code for Guangyuan Panlong Airport?,GYS
What is the IATA code for Mutiara Airport?,PLW
What is the IATA code for Shively Field?,SAA
What is the IATA code for Akhiok Airport?,AKK
What is the IATA code for El Hierro Airport?,VDE
What is the IATA code for Melbourne Orlando International Airport?,MLB
What is the IATA code for Yokangassi Airport?,NKY
What is the IATA code for Al Abraq International Airport?,LAQ
What is the IATA code for Grenfell Airport?,GFE
What is the IATA code for Condron Army Airfield?,WSD
What is the IATA code for Minj Airport?,MZN
What is the IATA code for Zhangye Ganzhou Airport?,YZY
What is the IATA code for Innamincka Airport?,INM
What is the IATA code for Barnstable Municipal Airport?,HYA
What is the IATA code for Lee Airport?,ANP
What is the IATA code for Senador Nilo Coelho Airport?,PNZ
What is the IATA code for Francisco Álvares de Assis Airport?,JDF
What is the IATA code for Nueva Guinea Airport?,NVG
What is the IATA code for Savannakhet Airport?,ZVK
What is the IATA code for Walvis Bay Airport?,WVB
What is the IATA code for Kamberatoro Airport?,KDQ
What is the IATA code for Ouanaham Airport?,LIF
What is the IATA code for Nanchong Gaoping Airport?,NAO
What is the IATA code for Nissan Island Airport?,IIS
What is the IATA code for Del Norte International Airport?,NTR
What is the IATA code for Murmansk Airport?,MMK
What is the IATA code for Eindhoven Airport?,EIN
What is the IATA code for Valdosta Regional Airport?,VLD
What is the IATA code for Manuel Crescencio Rejón International Airport?,MID
What is the IATA code for Rechlin–Lärz Airfield?,REB
What is the IATA code for Kilwa Airport?,KIL
What is the IATA code for Yandicoogina Airport?,YNN
What is the IATA code for Britton Municipal Airport?,TTO
What is the IATA code for Cauquira Airport?,CDD
What is the IATA code for Praslin Island Airport?,PRI
What is the IATA code for Haifa Airport?,HFA
What is the IATA code for Lisala Airport?,LIQ
What is the IATA code for Sirjan Airport?,SYJ
What is the IATA code for Ceres Airport?,CRR
What is the IATA code for Dembidolo Airport?,DEM
"What is the IATA code for Trondheim Airport, Værnes?",TRD
What is the IATA code for Greater Rochester International Airport?,ROC
What is the IATA code for Ebadon Airstrip?,EBN
What is the IATA code for Kagoshima Airport?,KOJ
What is the IATA code for Beverley Springs Airport?,BVZ
What is the IATA code for Niagara Falls International Airport?,IAG
What is the IATA code for Crookston Municipal Airport?,CKN
What is the IATA code for Fangatau Airport?,FGU
What is the IATA code for Guari Airport?,GUG
What is the IATA code for Ulaangom Airport?,ULO
What is the IATA code for Mandera Airport?,NDE
What is the IATA code for Sultan Bantilan Airport?,TLI
What is the IATA code for Miami Executive Airport?,TMB
What is the IATA code for Biloela Airport?,ZBL
What is the IATA code for Nagoya Airfield?,NKM
What is the IATA code for Ormoc Airport?,OMC
What is the IATA code for Palacios Airport?,PCH
What is the IATA code for Kanab Municipal Airport?,KNB
What is the IATA code for RAF Scampton?,SQZ
What is the IATA code for Kamina Airport?,KMN
What is the IATA code for Panevėžys Air Base?,PNV
What is the IATA code for Slave Lake Airport?,YZH
What is the IATA code for Araxá Airport?,AAX
What is the IATA code for Playón Chico Airport?,PYC
What is the IATA code for Boundji Airport?,BOE
What is the IATA code for Ibo Island Airport?,IBO
What is the IATA code for Baganga Airport?,BNQ
What is the IATA code for Spokane International Airport?,GEG
What is the IATA code for Gilgit Airport?,GIL
What is the IATA code for Rurutu Airport?,RUR
What is the IATA code for Ayapel Airport?,AYA
What is the IATA code for Gordon Municipal Airport?,GRN
What is the IATA code for Urgench International Airport?,UGC
What is the IATA code for Capitán FAP Renán Elías Olivera Airport?,PIO
What is the IATA code for Streaky Bay Airport?,KBY
What is the IATA code for Thimarafushi Airport?,TMF
What is the IATA code for Chevery Airport?,YHR
What is the IATA code for Rutland – Southern Vermont Regional Airport?,RUT
What is the IATA code for Del Bajío International Airport?,BJX
What is the IATA code for Choibalsan Airport?,COQ
What is the IATA code for Moanamani Airport?,ONI
What is the IATA code for Sultan Babullah Airport?,TTE
What is the IATA code for Charlotte Douglas International Airport?,CLT
What is the IATA code for Gorge Harbour Water Aerodrome?,YGE
What is the IATA code for Batumi International Airport?,BUS
What is the IATA code for Sioux Gateway Airport?,SUX
What is the IATA code for Penza Airport?,PEZ
What is the IATA code for Hohhot Baita International Airport?,HET
What is the IATA code for Jardines del Rey Airport?,CCC
What is the IATA code for Ayacucho Airport?,AYC
What is the IATA code for Wiseman Airport?,WSM
What is the IATA code for Mehrabad International Airport?,THR
What is the IATA code for Pau Pyrénées Airport?,PUF
What is the IATA code for Diamantino Airport?,DMT
What is the IATA code for Meselia Airport?,MFZ
What is the IATA code for Saqani Airport?,AQS
What is the IATA code for Ocean Falls Water Aerodrome?,ZOF
What is the IATA code for Kailashahar Airport?,IXH
What is the IATA code for Rochefort – Saint-Agnant Airport?,RCO
What is the IATA code for Kiunga Airport?,KIU
What is the IATA code for Qaarsut Airport?,JQA
What is the IATA code for Useless Loop Airport?,USL
What is the IATA code for Bokeo International Airport?,BOR
What is the IATA code for Alexandra Aerodrome?,ALR
What is the IATA code for Maribor Edvard Rusjan Airport?,MBX
What is the IATA code for Murtala Muhammed International Airport?,LOS
What is the IATA code for Yellowknife Airport?,YZF
"What is the IATA code for Samos International Airport""Aristarchos of Samos""?",SMI
What is the IATA code for Banff Airport?,YBA
What is the IATA code for Bern Airport?,BRN
What is the IATA code for Iscuande Airport?,ISD
What is the IATA code for Zhanjiang Wuchuan Airport?,ZHA
What is the IATA code for Federico García Lorca Airport?,GRX
What is the IATA code for Manakara Airport?,WVK
What is the IATA code for Rahadi Osman Airport?,KTG
What is the IATA code for Yapsiei Airport?,KPE
What is the IATA code for Greenway Sound Water Aerodrome?,YGN
What is the IATA code for Subic Bay International Airport?,SFS
What is the IATA code for Naval Air Facility Atsugi?,NJA
What is the IATA code for Lock Airport?,LOC
What is the IATA code for Louisa County Airport?,LOW
What is the IATA code for Oita Airport?,OIT
What is the IATA code for Sunyani Airport?,NYI
What is the IATA code for Rakanda Airport?,RAA
What is the IATA code for Jack Edwards Airport?,GUF
What is the IATA code for Ogle Airport?,OGL
What is the IATA code for Grosseto Airport?,GRS
What is the IATA code for RAF Coningsby?,QCY
What is the IATA code for Malanje Airport?,MEG
What is the IATA code for Fitzroy Crossing Airport?,FIZ
What is the IATA code for Girona–Costa Brava Airport?,GRO
What is the IATA code for Yaoundé Airport?,YAO
What is the IATA code for Hope Aerodrome?,YHE
What is the IATA code for Mareeba Airfield?,MRG
What is the IATA code for Oskemen Airport?,UKK
What is the IATA code for Kirby Lake Airport?,KFM
What is the IATA code for Ugashik Bay Airport?,UGB
What is the IATA code for Rampi Airport?,RPI
What is the IATA code for Ankokoambo Airport?,NKO
What is the IATA code for Húsavík Airport?,HZK
What is the IATA code for Playa del Carmen Airport?,PCM
What is the IATA code for Bouarfa Airport?,UAR
What is the IATA code for Kadhdhoo Airport?,KDO
What is the IATA code for Roper Valley Airport?,RPV
What is the IATA code for Grodno Airport?,GNA
What is the IATA code for Boise Air Terminal?,BOI
What is the IATA code for Labasa Airport?,LBS
What is the IATA code for Myroodah Airport?,MYO
What is the IATA code for Tabora Airport?,TBO
What is the IATA code for Aumo Airport?,AUV
What is the IATA code for Shahid Sadooghi Airport?,AZD
What is the IATA code for Kamusi Airport?,KUY
What is the IATA code for Hector International Airport?,FAR
What is the IATA code for Khon Kaen Airport?,KKC
What is the IATA code for Sena Madureira Airport?,ZMD
What is the IATA code for Noto Airport?,NTQ
What is the IATA code for Cuyahoga County Airport?,CGF
What is the IATA code for Maku International Airport?,IMQ
"What is the IATA code for Thessaloniki Airport ""Macedonia""?",SKG
What is the IATA code for Waiheke Island Aerodrome?,WIK
What is the IATA code for Tenzing-Hillary Airport?,LUA
What is the IATA code for Kerau Airport?,KRU
What is the IATA code for French Lick Municipal Airport?,FRH
What is the IATA code for Shakawe Airport?,SWX
What is the IATA code for Debepare Airport?,DBP
What is the IATA code for Tabatinga International Airport?,TBT
What is the IATA code for Cerro Largo International Airport?,MLZ
What is the IATA code for Malelane Airport?,LLE
What is the IATA code for Pickle Lake Airport?,YPL
What is the IATA code for Sherman Army Airfield?,FLV
What is the IATA code for Manchester–Boston Regional Airport?,MHT
What is the IATA code for Göteborg City Airport?,GSE
What is the IATA code for Agra Airport?,AGR
"What is the IATA code for Molde Airport, Årø?",MOL
What is the IATA code for Krayniy Airport?,BXY
What is the IATA code for Abaiang Atoll Airport?,ABF
"What is the IATA code for Kirkenes Airport, Høybuktmoen?",KKN
What is the IATA code for Ariquemes Airport?,AQM
What is the IATA code for Tokachi–Obihiro Airport?,OBO
What is the IATA code for Banning Municipal Airport?,BNG
What is the IATA code for Laughlin Air Force Base?,DLF
What is the IATA code for Scottsdale Airport?,SCF
What is the IATA code for Iringa Airport?,IRI
What is the IATA code for Sept-Îles Airport?,YZV
What is the IATA code for Burg Feuerstein Airport?,URD
What is the IATA code for Wirasaba Airport?,PWL
What is the IATA code for Pinheiro Airport?,PHI
What is the IATA code for Pinang Kampai Airport?,DUM
What is the IATA code for Depati Parbo Airport?,KRC
What is the IATA code for Monteagudo Airport?,MHW
What is the IATA code for Tyndall Air Force Base?,PAM
What is the IATA code for Beatty Airport?,BTY
What is the IATA code for Huntsville International Airport?,HSV
What is the IATA code for Yeelirrie Airport?,KYF
What is the IATA code for Torch Cay Airport?,TCV
What is the IATA code for John Murtha Johnstown–Cambria County Airport?,JST
What is the IATA code for George F. L. Charles Airport?,SLU
What is the IATA code for Shizuoka Airport?,FSZ
What is the IATA code for Kuching International Airport?,KCH
What is the IATA code for Târgu Mureș International Airport?,TGM
What is the IATA code for Pelican Seaplane Base?,PEC
What is the IATA code for Swami Vivekananda Airport?,RPR
What is the IATA code for Tela Airport?,TEA
What is the IATA code for Palm Beach International Airport?,PBI
What is the IATA code for Handan Airport?,HDG
What is the IATA code for El Porvenir Airport?,PVE
What is the IATA code for In Guezzam Airport?,INF
What is the IATA code for Peterborough Airport?,YPQ
What is the IATA code for St. Anthony Airport?,YAY
What is the IATA code for Springbok Airport?,SBU
What is the IATA code for Lisbon Portela Airport?,LIS
What is the IATA code for Leitre Airport?,LTF
What is the IATA code for Lac Brochet Airport?,XLB
What is the IATA code for Letfotar Airport?,MOM
What is the IATA code for Bolzano Airport?,BZO
What is the IATA code for Dulkaninna Airport?,DLK
What is the IATA code for Menongue Airport?,SPP
What is the IATA code for Samui Airport?,USM
What is the IATA code for São Félix do Araguaia Airport?,SXO
What is the IATA code for Defiance Memorial Airport?,DFI
What is the IATA code for Nushki Airport?,NHS
What is the IATA code for Henry E. Rohlsen Airport?,STX
What is the IATA code for Mili Airport?,MIJ
What is the IATA code for Kananga Airport?,KGA
What is the IATA code for Konarak Airport?,ZBR
What is the IATA code for Phu Cat Airport?,UIH
What is the IATA code for Peppimenarti Airport?,PEP
What is the IATA code for Kelle Airport?,KEE
What is the IATA code for Chos Malal Airport?,HOS
What is the IATA code for São Borja Airport?,JBS
What is the IATA code for Zabol Airport?,ACZ
What is the IATA code for Cat Bi International Airport?,HPH
What is the IATA code for Inukjuak Airport?,YPH
What is the IATA code for Prince George Airport?,YXS
What is the IATA code for Ringgi Cove Airport?,RIN
What is the IATA code for Provincetown Municipal Airport?,PVC
What is the IATA code for Vitoria Airport?,VIT
What is the IATA code for Sadiq Abubakar III International Airport?,SKO
What is the IATA code for Anaa Airport?,AAA
What is the IATA code for Merced Regional Airport?,MCE
What is the IATA code for Sibisa Airport?,SIW
What is the IATA code for Dobbins Air Reserve Base?,MGE
What is the IATA code for San Rafael Airport?,TUV
What is the IATA code for Migalovo Air Base?,KLD
What is the IATA code for Atarot Airport?,JRS
What is the IATA code for Ficksburg Airport?,FCB
What is the IATA code for Columbia Gorge Regional Airport?,DLS
What is the IATA code for Dillon's Bay Airport?,DLY
What is the IATA code for Kertajati International Airport?,KJT
What is the IATA code for Wuvulu Island Airport?,WUV
What is the IATA code for Oiapoque Airport?,OYK
What is the IATA code for Cherry Capital Airport?,TVC
What is the IATA code for Nuremberg Airport?,NUE
What is the IATA code for Kalmar Airport?,KLR
What is the IATA code for Ambunti Airport?,AUJ
What is the IATA code for Rollang Field?,RFK
What is the IATA code for Khanty-Mansiysk Airport?,HMA
What is the IATA code for Boké Baralande Airport?,BKJ
What is the IATA code for Lincang Airport?,LNJ
What is the IATA code for Il Caravaggio International Airport?,BGY
What is the IATA code for McComb–Pike County Airport?,MCB
What is the IATA code for Chignik Lagoon Airport?,KCL
What is the IATA code for Pu'er Simao Airport?,SYM
What is the IATA code for Daru Airport?,DAU
What is the IATA code for Hydaburg Seaplane Base?,HYG
What is the IATA code for Tinak Airport?,TIC
What is the IATA code for Kuressaare Airport?,URE
What is the IATA code for Norfolk Regional Airport?,OFK
What is the IATA code for Uray Airport?,URJ
What is the IATA code for Huntsville Municipal Airport?,HTV
What is the IATA code for Khmelnytskyi Airport?,HMJ
What is the IATA code for Owatonna Degner Regional Airport?,OWA
What is the IATA code for Kornasoren Airport?,FOO
What is the IATA code for China Bay Airport?,TRR
What is the IATA code for Augusto C. Sandino International Airport?,MGA
What is the IATA code for Lt. Warren Eaton Airport?,OIC
What is the IATA code for Blumenau Airport?,BNU
What is the IATA code for Amedee Army Airfield?,AHC
What is the IATA code for Beloretsk Airport?,BCX
What is the IATA code for Guadalajara International Airport?,GDL
What is the IATA code for Ouyen Airport?,OYN
What is the IATA code for Gwa Airport?,GWA
What is the IATA code for Argyle International Airport?,SVD
What is the IATA code for Williamsport Regional Airport?,IPT
What is the IATA code for Vigo–Peinador Airport?,VGO
What is the IATA code for Los Roques Airport?,LRV
What is the IATA code for Hassi R'Mel Airport?,HRM
What is the IATA code for Port of Poulsbo Marina Moorage Seaplane Base?,PUL
What is the IATA code for Kapiti Coast Airport?,PPQ
What is the IATA code for Clarksville–Montgomery County Regional Airport?,CKV
What is the IATA code for Guanambi Airport?,GNM
What is the IATA code for Denver International Airport?,DEN
What is the IATA code for Puerto Rico Airport?,PUR
What is the IATA code for NAS Fallon?,NFL
What is the IATA code for Izhevsk Airport?,IJK
What is the IATA code for Ross River Airport?,XRR
What is the IATA code for Kangirsuk Airport?,YKG
What is the IATA code for Orenburg Tsentralny Airport?,REN
What is the IATA code for Whyalla Airport?,WYA
What is the IATA code for Rickenbacker International Airport?,LCK
What is the IATA code for General Navas Pardo Airport?,CPL
What is the IATA code for Gaggal Airport?,DHM
What is the IATA code for Cravo Norte Airport?,RAV
What is the IATA code for Tokat Airport?,TJK
What is the IATA code for Harry Mwanga Nkumbula International Airport?,LVI
What is the IATA code for Magdalena Airport?,MGD
What is the IATA code for Blue Canyon–Nyack Airport?,BLU
What is the IATA code for Mangaia Airport?,MGS
What is the IATA code for Île des Pins Airport?,ILP
What is the IATA code for Shiraz International Airport?,SYZ
What is the IATA code for Brunswick Golden Isles Airport?,BQK
What is the IATA code for Khok Kathiam Air Force Base?,KKM
What is the IATA code for Tebelian Airport?,SQG
What is the IATA code for Opuwa Airport?,OPW
What is the IATA code for Chifeng Yulong Airport?,CIF
What is the IATA code for Fairfield Municipal Airport?,FFL
What is the IATA code for Dezful Airport?,DEF
What is the IATA code for Central Nebraska Regional Airport?,GRI
What is the IATA code for Loring International Airport?,LIZ
What is the IATA code for Dunbar Airport?,DNB
What is the IATA code for Sauðárkrókur Airport?,SAK
What is the IATA code for Telegraph Creek Airport?,YTX
What is the IATA code for Keningau Airport?,KGU
What is the IATA code for Zakouma Airport?,AKM
What is the IATA code for Robert Atty Bessing Airport?,LNU
What is the IATA code for Billy Mitchell Airport?,HNC
What is the IATA code for Linda Downs Airport?,LLP
What is the IATA code for Trona Airport?,TRH
What is the IATA code for Combolcha Airport?,DSE
What is the IATA code for Jacqueline Cochran Regional Airport?,TRM
What is the IATA code for Margaret River Airport?,MQZ
What is the IATA code for Webequie Airport?,YWP
What is the IATA code for Ankang Wulipu Airport?,AKA
What is the IATA code for Chatham-Kent Airport?,XCM
What is the IATA code for Mafia Airport?,MFA
What is the IATA code for Accomack County Airport?,MFV
What is the IATA code for Edson Airport?,YET
What is the IATA code for New Bight Airport?,TBI
What is the IATA code for Attapeu International Airport?,AOU
What is the IATA code for Montpellier–Méditerranée Airport?,MPL
What is the IATA code for Kasaan Seaplane Base?,KXA
What is the IATA code for Stockholm Skavsta Airport?,NYO
What is the IATA code for Brno-Tuřany Airport?,BRQ
What is the IATA code for Hong Kong International Airport?,HKG
What is the IATA code for Hinthada Airport?,HEB
What is the IATA code for Juazeiro do Norte Airport?,JDO
What is the IATA code for Gafsa – Ksar International Airport?,GAF
What is the IATA code for Wewak Airport?,WWK
What is the IATA code for Colorado Creek Airport?,KCR
What is the IATA code for Tinson Pen Aerodrome?,KTP
What is the IATA code for Trenton Municipal Airport?,TRX
What is the IATA code for Dukuduku Airport?,DUK
What is the IATA code for Veliky Ustyug Airport?,VUS
What is the IATA code for Marshalltown Municipal Airport?,MIW
What is the IATA code for Karumba Airport?,KRB
What is the IATA code for Southwest Minnesota Regional Airport?,MML
What is the IATA code for Kickapoo Downtown Airport?,KIP
What is the IATA code for Lehigh Valley International Airport?,ABE
What is the IATA code for Frutillar Airport?,FRT
What is the IATA code for Three Rivers Municipal Airport?,HAI
What is the IATA code for El Tehuelche Airport?,PMY
What is the IATA code for Koltsovo International Airport?,SVX
What is the IATA code for Truth or Consequences Municipal Airport?,TCS
What is the IATA code for Lyall Harbour Seaplane Base?,YAJ
What is the IATA code for Fetlar Airport?,FEA
What is the IATA code for Vaasa Airport?,VAA
What is the IATA code for Eareckson Air Station?,SYA
What is the IATA code for Egilsstaðir Airport?,EGS
What is the IATA code for Palmdale Regional Airport?,PMD
What is the IATA code for Angoon Seaplane Base?,AGN
What is the IATA code for Malekoula Airport?,LPM
What is the IATA code for N'Délé Airport?,NDL
What is the IATA code for Oryol Yuzhny Airport?,OEL
What is the IATA code for Brunette Downs Airport?,BTD
What is the IATA code for Turpan Jiaohe Airport?,TLQ
What is the IATA code for MidCoast Regional Airport at Wright Army Airfield?,LIY
What is the IATA code for Beluga Airport?,BVU
What is the IATA code for Feijó Airport?,FEJ
What is the IATA code for Netaji Subhas Chandra Bose International Airport?,CCU
What is the IATA code for Sibulan Airport?,DGT
What is the IATA code for Long Apung Airport?,LPU
What is the IATA code for Chumphon Airport?,CJM
What is the IATA code for Harriet Alexander Field?,SLT
What is the IATA code for Fairbury Municipal Airport?,FBY
What is the IATA code for Klagenfurt Airport?,KLU
What is the IATA code for Durham Downs Airport?,DHD
What is the IATA code for Lemmon Municipal Airport?,LEM
What is the IATA code for Kenmore Air Harbor?,KEH
What is the IATA code for Juwata International Airport?,TRK
What is the IATA code for Soewondo Air Force Base?,MES
What is the IATA code for Dandugama Seaplane Base?,DGM
What is the IATA code for Gabès – Matmata International Airport?,GAE
What is the IATA code for Ohkay Owingeh Airport?,ESO
What is the IATA code for Anglesey Airport/RAF Valley?,VLY
What is the IATA code for Cape May Airport?,WWD
What is the IATA code for Aragip Airport?,ARP
What is the IATA code for Ayawasi Airport?,AYW
What is the IATA code for Yucca Airstrip?,UCC
What is the IATA code for Bali Airport?,BAJ
What is the IATA code for Lubango Mukanka Airport?,SDD
What is the IATA code for Ulanhot Airport?,HLH
What is the IATA code for Güiria Airport?,GUI
"What is the IATA code for Rørvik Airport, Ryum?",RVK
What is the IATA code for Henry County Airport?,PHT
What is the IATA code for Emo Airport?,EMO
What is the IATA code for Nicholson Airport?,NLS
What is the IATA code for Norrköping Airport?,NRK
What is the IATA code for JadeWeserAirport?,WVN
What is the IATA code for Tsile Tsile Airport?,TSI
What is the IATA code for Moma Airport?,MQJ
What is the IATA code for Alykel Airport?,NSK
What is the IATA code for Barora Airport?,RRI
What is the IATA code for Warsaw Modlin Airport?,WMI
What is the IATA code for Cut Bank Municipal Airport?,CTB
What is the IATA code for Garden County Airport?,OKS
What is the IATA code for Ulyanovsk Vostochny Airport?,ULY
What is the IATA code for Barkley Regional Airport?,PAH
What is the IATA code for Odate–Noshiro Airport?,ONJ
What is the IATA code for Oksapmin Airport?,OKP
What is the IATA code for Poplarville-Pearl River County Airport?,PCU
What is the IATA code for Lombok International Airport?,LOP
What is the IATA code for Osborne Mine Airport?,OSO
What is the IATA code for Bob Baker Memorial Airport?,IAN
What is the IATA code for Lábrea Airport?,LBR
What is the IATA code for Chuathbaluk Airport?,CHU
What is the IATA code for Miramichi Airport?,YCH
What is the IATA code for Gunnison–Crested Butte Regional Airport?,GUC
What is the IATA code for In Amenas Airport?,IAM
What is the IATA code for Kalokol Airport?,KLK
What is the IATA code for NAS Lemoore?,NLC
What is the IATA code for Waspam Airport?,WSP
"What is the IATA code for Vardø Airport, Svartnes?",VAW
What is the IATA code for Gwangju Airport?,KWJ
What is the IATA code for Cacique Aramare Airport?,PYH
What is the IATA code for Roanne Renaison Airport?,RNE
What is the IATA code for Colonsay Airport?,CSA
What is the IATA code for Stroud Municipal Airport?,SUD
What is the IATA code for Tambacounda Airport?,TUD
What is the IATA code for Ruben Cantu Airport?,SYP
What is the IATA code for João Batista Bos Filho Airport?,IJU
What is the IATA code for Columbia County Airport?,HCC
What is the IATA code for Temindung Airport?,SRI
What is the IATA code for Mountain Village Airport?,MOU
What is the IATA code for Gachsaran Airport?,GCH
What is the IATA code for Kashgar Airport?,KHG
What is the IATA code for Placerville Airport?,PVF
What is the IATA code for Hasvik Airport?,HAA
What is the IATA code for Davenport Municipal Airport?,DVN
What is the IATA code for Barrow/Walney Island Airport?,BWF
What is the IATA code for Cooma–Snowy Mountains Airport?,OOM
What is the IATA code for Con Dao Airport?,VCS
What is the IATA code for Severodonetsk Airport?,SEV
What is the IATA code for Thompson Falls Airport?,THM
What is the IATA code for Tawau Airport?,TWU
What is the IATA code for Ilulissat Airport?,JAV
What is the IATA code for Alert Bay Airport?,YAL
What is the IATA code for Moruya Airport?,MYA
What is the IATA code for Yagoua Airport?,GXX
What is the IATA code for Lodwar Airport?,LOK
What is the IATA code for Magic Valley Regional Airport?,TWF
What is the IATA code for Ayers Rock Airport?,AYQ
What is the IATA code for Coronel FAP Alfredo Mendívil Duarte Airport?,AYP
What is the IATA code for Eveleth-Virginia Municipal Airport?,EVM
What is the IATA code for Denizli Çardak Airport?,DNZ
What is the IATA code for Tiksi Airport?,IKS
What is the IATA code for Mauke Airport?,MUK
What is the IATA code for Chiloquin State Airport?,CHZ
What is the IATA code for Chokurdakh Airport?,CKH
What is the IATA code for Namrole Airport?,NRE
What is the IATA code for Minot International Airport?,MOT
What is the IATA code for Jamnagar Airport?,JGA
What is the IATA code for Altus Air Force Base?,LTS
What is the IATA code for Quirindi Airport?,UIR
What is the IATA code for Red Sea International Airport?,RSI
What is the IATA code for Surat Airport?,STV
What is the IATA code for Ouvéa Airport?,UVE
What is the IATA code for Brampton Island Airport?,BMP
What is the IATA code for Jabiru Airport?,JAB
What is the IATA code for Sitia Public Airport?,JSH
What is the IATA code for Karkar Airport?,KRX
What is the IATA code for Mount Barnett Airport?,MBN
What is the IATA code for Abdelhafid Boussouf Bou Chekif Airport?,TID
What is the IATA code for Malalaua Airport?,MLQ
What is the IATA code for Faaite Airport?,FAC
What is the IATA code for Kapalua Airport?,JHM
What is the IATA code for Minangkabau International Airport?,PDG
What is the IATA code for Saint-Yan Airport?,SYT
What is the IATA code for Taipei Songshan Airport?,TSA
What is the IATA code for Clermont Airport?,CMQ
What is the IATA code for Vilhelmina Airport?,VHM
What is the IATA code for Conakry International Airport?,CKY
What is the IATA code for Mitchell Airport?,MTQ
What is the IATA code for Janakpur Airport?,JKR
What is the IATA code for Michigan City Municipal Airport?,MGC
What is the IATA code for Storck Barracks?,ILH
What is the IATA code for Manners Creek Airport?,MFP
What is the IATA code for Shakhtyorsk Airport?,EKS
What is the IATA code for Albano Machado Airport?,NOV
What is the IATA code for Bearskin Lake Airport?,XBE
What is the IATA code for Sabiha Gökçen International Airport?,SAW
What is the IATA code for Pondok Cabe Airport?,PCB
What is the IATA code for Westsound Seaplane Base?,WSX
What is the IATA code for Candala Airport?,CXN
What is the IATA code for CFB Comox?,YQQ
What is the IATA code for General Leobardo C. Ruiz International Airport?,ZCL
What is the IATA code for Lokpriya Gopinath Bordoloi International Airport?,GAU
What is the IATA code for Poltava Airport?,PLV
What is the IATA code for Odienné Airport?,KEO
What is the IATA code for Galbraith Lake Airport?,GBH
What is the IATA code for Pingtung South Airport?,PIF
What is the IATA code for Vilyuysk Airport?,VYI
What is the IATA code for Belgorod International Airport?,EGO
What is the IATA code for Carrillo Airport?,PLD
What is the IATA code for Etimesgut Air Base?,ANK
What is the IATA code for MacDonald Downs Airport?,MNW
What is the IATA code for Springfield–Branson National Airport?,SGF
What is the IATA code for Moises R. Espinosa Airport?,MBT
What is the IATA code for Carson Airport?,CSN
What is the IATA code for Cazombo Airport?,CAV
What is the IATA code for Meadows Field Airport?,BFL
What is the IATA code for Glendale Fokker Field?,GWV
What is the IATA code for Joshua Mqabuko Nkomo International Airport?,BUQ
What is the IATA code for Grand Marais/Cook County Airport?,GRM
What is the IATA code for Coral Harbour Airport?,YZS
What is the IATA code for Alxa Right Banner Badanjilin Airport?,RHT
What is the IATA code for Napaskiak Airport?,PKA
What is the IATA code for Mossendjo Airport?,MSX
What is the IATA code for Winter Haven's Gilbert Airport?,GIF
What is the IATA code for Joensuu Airport?,JOE
What is the IATA code for Linga Linga Airport?,LGN
What is the IATA code for Mildura Airport?,MQL
What is the IATA code for Roman Tmetuchl International Airport?,ROR
What is the IATA code for Savusavu Airport?,SVU
What is the IATA code for Yuendumu Airport?,YUE
What is the IATA code for Sipitang Airstrip?,SPT
What is the IATA code for Ciudad Acuña International Airport?,ACN
What is the IATA code for São Mateus Airport?,SBJ
What is the IATA code for Parker County Airport?,WEA
What is the IATA code for Yalumet Airport?,KYX
What is the IATA code for Vanua Lava Airport?,SLH
What is the IATA code for Sylt Airport?,GWT
What is the IATA code for Chile Chico Airfield?,CCH
What is the IATA code for Yanji Chaoyangchuan Airport?,YNJ
What is the IATA code for Lankaran International Airport?,LLK
What is the IATA code for Nioki Airport?,NIO
What is the IATA code for North Central State Airport?,SFZ
What is the IATA code for Zhigansk Airport?,ZIX
What is the IATA code for Tiska Djanet Airport?,DJG
What is the IATA code for Afyon Airport?,AFY
What is the IATA code for Choiseul Bay Airport?,CHY
What is the IATA code for Châlons Vatry Airport?,XCR
What is the IATA code for Pangsuma Airport?,PSU
What is the IATA code for Hana Airport?,HNM
What is the IATA code for Ranau Airport?,RNU
What is the IATA code for Moses Point Airport?,MOS
What is the IATA code for Wagny Airport?,WGY
What is the IATA code for Exeter International Airport?,EXT
What is the IATA code for Region of Waterloo International Airport?,YKF
What is the IATA code for Douala International Airport?,DLA
What is the IATA code for Kiffa Airport?,KFA
What is the IATA code for Planeta Rica Airport?,PLC
What is the IATA code for Mabuiag Island Airport?,UBB
What is the IATA code for Guajará-Mirim Airport?,GJM
What is the IATA code for Fernando de Noronha Airport?,FEN
What is the IATA code for Atbasar Airport?,ATX
What is the IATA code for St. Catherine International Airport?,SKV
What is the IATA code for Lopéz de Micay Airport?,LMX
What is the IATA code for Orpheus Island Resort Waterport?,ORS
What is the IATA code for Fayetteville Regional Airport?,FAY
What is the IATA code for Ust-Nera Airport?,USR
What is the IATA code for Nome Airport?,OME
What is the IATA code for Tuguegarao Airport?,TUG
What is the IATA code for Pendopo Airport?,PDO
What is the IATA code for Neumünster Airport?,EUM
What is the IATA code for Dubbo Regional Airport?,DBO
What is the IATA code for Curuzú Cuatiá Airport?,UZU
What is the IATA code for Wawoi Falls Airport?,WAJ
What is the IATA code for Olive Branch Airport?,OLV
What is the IATA code for Tôlanaro Airport?,FTU
What is the IATA code for Nartron Field?,RCT
What is the IATA code for Bucholz Army Airfield?,KWA
What is the IATA code for Suai Airport?,UAI
What is the IATA code for Yuanmou Air Base?,YUA
What is the IATA code for Redding Municipal Airport?,RDD
What is the IATA code for Fatmawati Soekarno Airport?,BKS
What is the IATA code for Kandla Airport?,IXY
What is the IATA code for Ponciano Arriaga International Airport?,SLP
What is the IATA code for Cordova Municipal Airport?,CKU
What is the IATA code for River Cess Airport?,RVC
What is the IATA code for Zaria Airport?,ZAR
What is the IATA code for Sule Airport?,ULE
What is the IATA code for Hemavan Tärnaby Airport?,HMV
What is the IATA code for Camfield Airport?,CFI
What is the IATA code for Tari Airport?,TIZ
What is the IATA code for Popondetta Airport?,EIA
What is the IATA code for Homalin Airport?,HOX
What is the IATA code for Ranai Airport?,NTX
What is the IATA code for Tribhuvan International Airport?,KTM
What is the IATA code for Birsa Munda Airport?,IXR
What is the IATA code for Tuticorin Airport?,TCR
What is the IATA code for High Prairie Airport?,ZHP
What is the IATA code for Foula Airfield?,FOA
What is the IATA code for Loreto International Airport?,LTO
What is the IATA code for Bandanaira Airport?,NDA
What is the IATA code for Edward F. Knapp State Airport?,MPV
What is the IATA code for Miami International Airport?,MIA
What is the IATA code for Selaparang Airport?,AMI
What is the IATA code for Filadelfia Airport?,FLM
What is the IATA code for Calvi – Sainte-Catherine Airport?,CLY
What is the IATA code for Bamu Airport?,BMZ
What is the IATA code for Ithaca Tompkins Regional Airport?,ITH
What is the IATA code for Zalingei Airport?,ZLX
What is the IATA code for Sanford Seacoast Regional Airport?,SFM
What is the IATA code for Ukunda Airport?,UKA
What is the IATA code for Oostmalle Airfield?,OBL
What is the IATA code for Council Bluffs Municipal Airport?,CBF
What is the IATA code for Vélizy – Villacoublay Air Base?,VIY
What is the IATA code for Mandalay Chanmyathazi Airport?,VBC
What is the IATA code for Tingo María Airport?,TGI
What is the IATA code for Dala Airport?,BLE
What is the IATA code for Tippi Airport?,TIE
What is the IATA code for Winnipeg James Armstrong Richardson International Airport?,YWG
What is the IATA code for Mulegé Airstrip?,MUG
What is the IATA code for Gamboa Airport?,WCA
What is the IATA code for Coonamble Airport?,CNB
What is the IATA code for Teniente Julio Gallardo Airport?,PNT
What is the IATA code for Greenvale Airport?,GVP
What is the IATA code for Taldykorgan Airport?,TDK
What is the IATA code for Vicksburg Municipal Airport?,VKS
What is the IATA code for Olaya Herrera Airport?,EOH
What is the IATA code for Abruzzo Airport?,PSR
What is the IATA code for Tonopah Airport?,TPH
What is the IATA code for Lae Airport?,LML
What is the IATA code for Le Touquet – Côte d'Opale Airport?,LTQ
What is the IATA code for Shark Bay Airport?,MJK
What is the IATA code for Phillips Army Airfield?,APG
What is the IATA code for Cruz Bay Seaplane Base?,SJF
What is the IATA code for Stevens Village Airport?,SVS
What is the IATA code for Pituffik Space Base?,THU
What is the IATA code for Teller Airport?,TLA
What is the IATA code for Clarence A. Bain Airport?,MAY
What is the IATA code for Göteborg Landvetter Airport?,GOT
What is the IATA code for NOLF Barin?,NHX
What is the IATA code for Tok Junction Airport?,TKJ
What is the IATA code for Sahiwal Airport?,SWN
What is the IATA code for Kingaroy Airport?,KGY
What is the IATA code for Valladolid Airport?,VLL
What is the IATA code for Juan Manuel Gálvez International Airport?,RTB
What is the IATA code for Wick Airport?,WIC
What is the IATA code for Kédougou Airport?,KGG
What is the IATA code for Lambaréné Airport?,LBQ
What is the IATA code for Lumid Pau Airport?,LUB
What is the IATA code for South Bend International Airport?,SBN
What is the IATA code for Ndjolé Ville Airport?,KDJ
What is the IATA code for Pilot Station Airport?,PQS
What is the IATA code for Tehran Imam Khomeini International Airport?,IKA
What is the IATA code for Manga Airport?,MGP
What is the IATA code for Hesa Air Base?,IFH
What is the IATA code for Heihe Airport?,HEK
What is the IATA code for Long Island MacArthur Airport?,ISP
What is the IATA code for Techo International Airport?,KTI
What is the IATA code for Lansdowne Airport?,LDW
What is the IATA code for Ensenada Airport?,ESE
What is the IATA code for Guerrero Negro Airport?,GUB
What is the IATA code for Noshahr Airport?,NSH
What is the IATA code for Skardu Airport?,KDU
What is the IATA code for Xiangyang Liuji Airport?,XFN
What is the IATA code for Dease Lake Airport?,YDL
What is the IATA code for Teseney Airport?,TES
What is the IATA code for Minami-Daito Airport?,MMD
What is the IATA code for Warracknabeal Airport?,WKB
What is the IATA code for Las Gaviotas Airport?,LGT
What is the IATA code for Oakey Army Aviation Centre?,OKY
What is the IATA code for Phoenix Sky Harbor International Airport?,PHX
What is the IATA code for Merrill Field?,MRI
What is the IATA code for Utkela Airport?,UKE
What is the IATA code for Panjang Island Airport?,PPJ
What is the IATA code for Helmuth Baungartem Airport?,LOI
What is the IATA code for Mould Bay Airport?,YMD
What is the IATA code for Lightning Ridge Airport?,LHG
What is the IATA code for Jacksonville Municipal Airport?,IJX
What is the IATA code for Cafunfo Airport?,CFF
What is the IATA code for Mercedita Airport?,PSE
What is the IATA code for Fair Isle Airport?,FIE
What is the IATA code for McGrath Airport?,MCG
What is the IATA code for Summit Airport?,UMM
What is the IATA code for Gilze-Rijen Air Base?,GLZ
What is the IATA code for Oudtshoorn Airport?,OUH
What is the IATA code for Savo Airport?,SVY
What is the IATA code for Itokama Airport?,ITK
What is the IATA code for Melinda Airport?,MDB
What is the IATA code for Naracoorte Airport?,NAC
What is the IATA code for Kondavattavan Tank Seaplane Base?,AFK
What is the IATA code for Bettles Airport?,BTT
What is the IATA code for Tehachapi Municipal Airport?,TSP
What is the IATA code for Yarmouth Airport?,YQI
What is the IATA code for Saint-François Airport?,SFC
What is the IATA code for Long Sukang Airport?,LSU
What is the IATA code for Paratebueno Airport?,EUO
What is the IATA code for Kasongo Lunda Airport?,KGN
What is the IATA code for Decorah Municipal Airport?,DEH
What is the IATA code for Kondubol Airport?,KPF
What is the IATA code for Lihir Island Airport?,LNV
What is the IATA code for Cushing Municipal Airport?,CUH
What is the IATA code for Siassi Airport?,SSS
What is the IATA code for Idre Airport?,IDB
What is the IATA code for Travis Air Force Base?,SUU
What is the IATA code for Burao Airport?,BUO
What is the IATA code for Pune Airport?,PNQ
What is the IATA code for RAF Northolt?,NHT
What is the IATA code for Dubai Creek Seaplane Base?,DCG
What is the IATA code for Al Bateen Executive Airport?,AZI
What is the IATA code for Maverick County Memorial International Airport?,EGP
What is the IATA code for Ghadames Airport?,LTD
What is the IATA code for Hastings Municipal Airport?,HSI
"What is the IATA code for ""Solidarity"" Szczecin–Goleniów Airport?",SZZ
What is the IATA code for Stroudsburg–Pocono Airport?,ESP
What is the IATA code for Brookings Regional Airport?,BKX
What is the IATA code for Nnamdi Azikiwe International Airport?,ABV
What is the IATA code for Maripasoula Airport?,MPY
What is the IATA code for Buin Airport?,UBI
What is the IATA code for Hyder Seaplane Base?,WHD
What is the IATA code for Teruel Airport?,TEV
What is the IATA code for Shreveport Regional Airport?,SHV
What is the IATA code for Zaporizhzhia International Airport?,OZH
What is the IATA code for Zanjan Airport?,JWN
What is the IATA code for Arturo Merino Benítez International Airport?,SCL
What is the IATA code for Kamloops Airport?,YKA
What is the IATA code for Kauehi Aerodrome?,KHZ
What is the IATA code for St. Lewis  Airport?,YFX
What is the IATA code for María Montez International Airport?,BRX
What is the IATA code for Balıkesir Airport?,BZI
What is the IATA code for Tumxuk Tangwangcheng Airport?,TWC
What is the IATA code for Browns Airport?,EPG
What is the IATA code for Tokushima Airport?,TKS
What is the IATA code for Diyarbakır Airport?,DIY
What is the IATA code for Chichester/Goodwood Airport?,QUG
What is the IATA code for Hola Airport?,HOA
What is the IATA code for Ust-Ilimsk Airport?,UIK
What is the IATA code for Dodoma Airport?,DOD
What is the IATA code for Jasper County Airport?,JAS
What is the IATA code for Ankavandra Airport?,JVA
What is the IATA code for Bogande Airport?,XBG
What is the IATA code for Munbil Airport?,LNF
What is the IATA code for Astoria Regional Airport?,AST
What is the IATA code for Bergerac Dordogne Périgord Airport?,EGC
What is the IATA code for Pasighat Airport?,IXT
What is the IATA code for Fianarantsoa Airport?,WFI
What is the IATA code for Kapuskasing Airport?,YYU
What is the IATA code for Colonia Airport?,CYR
What is the IATA code for Tehuacán Airport?,TCN
What is the IATA code for Iloilo International Airport?,ILO
What is the IATA code for Papun Airport?,PPU
What is the IATA code for Finke Airport?,FIK
What is the IATA code for Fayzabad Airport?,FBD
What is the IATA code for Franca Airport?,FRC
What is the IATA code for São Lourenço Airport?,SSO
What is the IATA code for Chacalluta International Airport?,ARI
What is the IATA code for Bella Coola Airport?,QBC
What is the IATA code for Copalar Airport?,CJT
What is the IATA code for Paso Robles Municipal Airport?,PRB
What is the IATA code for Kavalerovo Airport?,KVR
What is the IATA code for MCAS Miramar?,NKX
What is the IATA code for St. Louis Downtown Airport?,CPS
What is the IATA code for Hangzhou Xiaoshan International Airport?,HGH
What is the IATA code for Ivalo Airport?,IVL
What is the IATA code for Dimbokro Airport?,DIM
What is the IATA code for Black Tickle Airport?,YBI
What is the IATA code for Caloundra Airport?,CUD
What is the IATA code for RAFO Thumrait?,TTH
What is the IATA code for Mougulu Airport?,GUV
What is the IATA code for Balkanabat International Airport?,BKN
What is the IATA code for San José Airport?,GSJ
What is the IATA code for Fuyang Xiguan Airport?,FUG
What is the IATA code for Grand Central Airport?,GCJ
What is the IATA code for Teniente General Benjamín Matienzo International Airport?,TUC
What is the IATA code for Rockhampton Downs Airport?,RDA
What is the IATA code for Lansdowne House Airport?,YLH
What is the IATA code for Tehini Airport?,BQO
What is the IATA code for Paradise Skypark?,PYS
What is the IATA code for Zvartnots International Airport?,EVN
What is the IATA code for Perth Airport?,PSL
What is the IATA code for Bunyu Airport?,BYQ
What is the IATA code for San Luis Obispo County Regional Airport?,SBP
What is the IATA code for Golfito Airport?,GLF
What is the IATA code for Burns Municipal Airport?,BNO
What is the IATA code for Phoenix–Mesa Gateway Airport?,AZA
What is the IATA code for Chipinge Airport?,CHJ
What is the IATA code for Robert  Curtis Memorial Airport?,ORV
What is the IATA code for Torwood Airport?,TWP
What is the IATA code for Cahors - Lalbenque Airport?,ZAO
What is the IATA code for Wallal Airport?,WLA
What is the IATA code for Kaohsiung International Airport?,KHH
What is the IATA code for El Aguacate Airport?,CAA
What is the IATA code for Kirkimbie Airport?,KBB
What is the IATA code for Koszalin-Zegrze Pomorskie Airport?,OSZ
What is the IATA code for Lewiston–Nez Perce County Airport?,LWS
What is the IATA code for Rovaniemi Airport?,RVN
What is the IATA code for Ferdinand Lumban Tobing Airport?,FLZ
What is the IATA code for Ileg Airport?,ILX
What is the IATA code for Poplar River Airport?,XPP
What is the IATA code for Chadron Municipal Airport?,CDR
What is the IATA code for Kenema Airport?,KEN
What is the IATA code for Hannover Airport?,HAJ
What is the IATA code for Hsinchu Air Base?,HSZ
What is the IATA code for March Air Reserve Base?,RIV
What is the IATA code for Red Devil Airport?,RDV
What is the IATA code for Torembi Airport?,TCJ
What is the IATA code for Lima Allen County Airport?,AOH
What is the IATA code for Cincinnati Municipal Airport?,LUK
What is the IATA code for Mocopulli Airport?,MHC
What is the IATA code for Cross Lake  Airport?,YCR
What is the IATA code for Aydın Airport?,CII
What is the IATA code for Farewell Airport?,FWL
What is the IATA code for Nha Trang Air Base?,NHA
What is the IATA code for Mount Gambier Airport?,MGB
What is the IATA code for St. Theresa Point Airport?,YST
What is the IATA code for Dongsha Island Airport?,DSX
What is the IATA code for Stephens County Airport?,BKD
What is the IATA code for Fort Bridger Airport?,FBR
What is the IATA code for Mykolaiv International Airport?,NLV
What is the IATA code for Hengchun Airport?,HCN
What is the IATA code for Saumlaki Airport?,SXK
What is the IATA code for Doongan Airport?,DNG
What is the IATA code for Omsk Tsentralny Airport?,OMS
What is the IATA code for Oyem Airport?,OYE
What is the IATA code for Point Baker Seaplane Base?,KPB
What is the IATA code for Old Harbor Airport?,OLH
What is the IATA code for Asosa Airport?,ASO
What is the IATA code for Gillette–Campbell County Airport?,GCC
What is the IATA code for Pantelleria Airport?,PNL
What is the IATA code for Kunua Airport?,KTK
What is the IATA code for Samburu Airport?,UAS
What is the IATA code for Bakelalan Airport?,BKM
What is the IATA code for Ruoqiang Loulan Airport?,RQA
What is the IATA code for Faribault Municipal Airport?,FBL
What is the IATA code for Dazhou Jinya Airport?,DZH
What is the IATA code for San Quintín Military Airstrip?,SNQ
What is the IATA code for Pine Cay Airport?,PIC
What is the IATA code for Hakodate Airport?,HKD
What is the IATA code for Otjiwarongo Airport?,OTJ
What is the IATA code for Waterloo Regional Airport?,ALO
What is the IATA code for Bulchi Airport?,BCY
What is the IATA code for Raduzhny Airport?,RAT
What is the IATA code for Muskrat Dam Airport?,MSA
What is the IATA code for Garaina Airport?,GAR
What is the IATA code for Creston Municipal Airport?,CSQ
What is the IATA code for Cross City Airport?,CTY
What is the IATA code for Wayne County Airport?,BJJ
What is the IATA code for Elfin Cove Seaplane Base?,ELV
What is the IATA code for Cuddihy Field?,CUX
What is the IATA code for Yankisa Airport?,YEQ
What is the IATA code for Waterford Airport?,WAT
What is the IATA code for Qikiqtarjuaq Airport?,YVM
What is the IATA code for Inagua Airport?,IGA
What is the IATA code for Auburn/Lewiston Municipal Airport?,LEW
What is the IATA code for Belo Horizonte/Pampulha – Carlos Drummond de Andrade Airport?,PLU
What is the IATA code for Juan Gualberto Gómez Airport?,VRA
What is the IATA code for Husein Sastranegara International Airport?,BDO
What is the IATA code for Biarritz Pays Basque Airport?,BIQ
What is the IATA code for Montrose Regional Airport?,MTJ
What is the IATA code for Taiz International Airport?,TAI
What is the IATA code for Lismore Airport?,LSY
What is the IATA code for Auki Gwaunaru'u Airport?,AKS
What is the IATA code for Akure Airport?,AKR
What is the IATA code for Toulon–Hyères Airport?,TLN
What is the IATA code for Orlando International Airport?,MCO
"What is the IATA code for Skopje ""Alexander the Great"" Airport?",SKP
What is the IATA code for Kéniéba Airport?,KNZ
What is the IATA code for Hof–Plauen Airport?,HOQ
What is the IATA code for Seosan Air Base?,HMY
What is the IATA code for Alliance Municipal Airport?,AIA
What is the IATA code for Taichung Airport?,RMQ
What is the IATA code for Presidente Prudente Airport?,PPB
What is the IATA code for Delaware County Regional Airport?,MIE
What is the IATA code for Pope Field?,GFD
What is the IATA code for Lubbock Preston Smith International Airport?,LBB
What is the IATA code for Merluna Airport?,MLV
What is the IATA code for Diamantina Airport?,DTI
What is the IATA code for Ocean City Municipal Airport?,OCE
What is the IATA code for metropolitan area2?,RIO
What is the IATA code for Alenquer Airport?,ALT
What is the IATA code for Tol Airport?,TLO
What is the IATA code for Aggeneys Airport?,AGZ
What is the IATA code for Örnsköldsvik Airport?,OER
What is the IATA code for Greater Cumberland Regional Airport?,CBE
What is the IATA code for Evelio Javier Airport?,EUQ
What is the IATA code for Mora–Siljan Airport?,MXX
What is the IATA code for Minna Airport?,MXJ
What is the IATA code for Soddu Airport?,SXU
What is the IATA code for Toussaint L'Ouverture International Airport?,PAP
What is the IATA code for Alegrete Airport?,ALQ
What is the IATA code for Jorhat Airport?,JRH
What is the IATA code for Jaisalmer Airport?,JSA
What is the IATA code for Donetsk International Airport?,DOK
What is the IATA code for Safia Airport?,SFU
What is the IATA code for Juancho E. Yrausquin Airport?,SAB
What is the IATA code for Dunwich Airport?,SRR
What is the IATA code for Lone Star Executive Airport?,CXO
What is the IATA code for Auburn Municipal Airport?,AUN
What is the IATA code for Los Perales Airport?,BHA
What is the IATA code for Manaung Airport?,MGU
What is the IATA code for Bikini Atoll Airport?,BII
What is the IATA code for Gambela Airport?,GMB
What is the IATA code for Nova Xavantina Airport?,NOK
What is the IATA code for Queenstown Airport?,UTW
What is the IATA code for Kastellorizo Island Public Airport?,KZS
What is the IATA code for Bento Gonçalves Airport?,BGV
What is the IATA code for Enfidha-Hammamet International Airport?,NBE
What is the IATA code for Guápiles Airport?,GPL
What is the IATA code for Robert S. Kerr Airport?,RKR
What is the IATA code for Yas Island Seaplane Base?,AYM
What is the IATA code for Chisasibi Airport?,YKU
What is the IATA code for Brighton Downs Airport?,BHT
What is the IATA code for Makemo Airport?,MKP
What is the IATA code for Mbambanakira Airport?,MBU
What is the IATA code for Xangongo Airport?,XGN
What is the IATA code for Zhengzhou Xinzheng International Airport?,CGO
What is the IATA code for Nepalgunj Airport?,KEP
What is the IATA code for Beringin Airport?,GXA
What is the IATA code for Thorshofn Airport?,THO
What is the IATA code for Hakkari Yüksekova Airport?,YKO
What is the IATA code for Taltheilei Narrows Airport?,GSL
What is the IATA code for Kilkenny Airport?,KKY
What is the IATA code for Moyobamba Airport?,MBP
What is the IATA code for Aiyura Airport?,AYU
What is the IATA code for Wangerooge Airfield?,AGE
What is the IATA code for Anyang Airport?,AYN
What is the IATA code for Zenata – Messali El Hadj Airport?,TLM
What is the IATA code for Awasa Airport?,AWA
What is the IATA code for RAF Honington?,BEQ
What is the IATA code for Joinville-Lauro Carneiro de Loyola Airport?,JOI
What is the IATA code for Buchanan Field Airport?,CCR
What is the IATA code for Zapala Airport?,APZ
What is the IATA code for Mondulkiri Airport?,MWV
What is the IATA code for Ravensthorpe Airport?,RVT
What is the IATA code for Hector Silva Airstrip?,BCV
What is the IATA code for Minute Man Air Field?,MMN
What is the IATA code for Coll Airport?,COL
What is the IATA code for Frans Kaisiepo Airport?,BIK
What is the IATA code for Dalma Airport?,ZDY
What is the IATA code for Riyan Airport?,RIY
What is the IATA code for Morehead Airport?,MHY
What is the IATA code for Cam Ranh International Airport?,CXR
What is the IATA code for Tchongorove Airport?,IGE
What is the IATA code for Tsimiroro Airport?,TZO
What is the IATA code for Sparti Airport?,SPJ
What is the IATA code for La Sarre Airport?,SSQ
What is the IATA code for Bugulma Airport?,UUA
What is the IATA code for Bourges Airport?,BOU
What is the IATA code for Cortez Municipal Airport?,CEZ
What is the IATA code for metropolitan area4?,SFY
What is the IATA code for Griffith Airport?,GFF
What is the IATA code for Guanaja Airport?,GJA
What is the IATA code for Futaleufú Airfield?,FFU
What is the IATA code for Nicosia International Airport1?,NIC
What is the IATA code for Carlos Concha Torres International Airport?,ESM
What is the IATA code for Atyrau Airport?,GUW
What is the IATA code for Malda Airport?,LDA
What is the IATA code for Harrisburg International Airport?,MDT
What is the IATA code for Sainte Marie Airport?,SMS
What is the IATA code for Nhon Co Airport?,HOO
What is the IATA code for Antwerp International Airport?,ANR
What is the IATA code for Shilavo Airport?,HIL
What is the IATA code for Anatom Airport?,AUY
What is the IATA code for Ziguinchor Airport?,ZIG
What is the IATA code for Bamyan Airport?,BIN
What is the IATA code for Nanaimo Harbour Water Airport?,ZNA
What is the IATA code for Steung Treng Airport?,TNX
What is the IATA code for Hawkins Field?,HKS
What is the IATA code for El Nouzha Airport?,ALY
What is the IATA code for Yotvata Airfield?,YOT
What is the IATA code for Varrelbusch Airport?,VAC
What is the IATA code for Pumani Airport?,PMN
What is the IATA code for Stephenville Clark Regional Airport?,SEP
What is the IATA code for RAAF Base Richmond?,XRH
What is the IATA code for Ukhta Airport?,UCT
What is the IATA code for Muscat International Airport?,MCT
What is the IATA code for Bario Airport?,BBN
What is the IATA code for Kalumburu Airport?,UBU
What is the IATA code for Wausau Downtown Airport?,AUW
What is the IATA code for Strezhevoy Airport?,SWT
What is the IATA code for Pakuba Airfield?,PAF
What is the IATA code for Quimper–Cornouaille Airport?,UIP
What is the IATA code for Shinyanga Airport?,SHY
What is the IATA code for Al Wajh Domestic Airport?,EJH
What is the IATA code for Princess Juliana International Airport?,SXM
What is the IATA code for Turku Airport?,TKU
What is the IATA code for Wapenamanda Airport?,WBM
What is the IATA code for Nephi Municipal Airport?,NPH
What is the IATA code for Union County Airport/Troy Shelton Field?,USC
What is the IATA code for Lleida–Alguaire Airport?,ILD
What is the IATA code for Maron Island Airport?,MNP
What is the IATA code for Roanoke–Blacksburg Regional Airport?,ROA
What is the IATA code for Sanga-Sanga Airport?,TWT
"What is the IATA code for Bocas del Toro ""Isla Colón"" International Airport?",BOC
What is the IATA code for Cadjehoun Airport?,COO
What is the IATA code for Divo Airport?,DIV
What is the IATA code for Big Lake Airport?,BGQ
What is the IATA code for Whalsay Airstrip?,WHS
What is the IATA code for Salamanca Airport?,SLM
What is the IATA code for Federico Fellini International Airport?,RMI
What is the IATA code for Wheeler Army Airfield?,HHI
What is the IATA code for Songyuan Chaganhu Airport?,YSQ
What is the IATA code for Jalalabad Airport?,JAA
What is the IATA code for Tamuín National Airport?,TSL
What is the IATA code for Toledo Express Airport?,TOL
What is the IATA code for Souanké Airport?,SOE
What is the IATA code for Millicent Airport?,MLR
What is the IATA code for Mbuji Mayi Airport?,MJM
What is the IATA code for Madurai Airport?,IXM
What is the IATA code for Brawley Municipal Airport?,BWC
What is the IATA code for Meucon Airport?,VNE
What is the IATA code for Leoš Janáček Airport Ostrava?,OSR
What is the IATA code for Jorge Wilstermann International Airport?,CBB
What is the IATA code for La Fría Airport?,LFR
What is the IATA code for Bamenda Airport?,BPC
What is the IATA code for Chungrebu Airport?,CVB
What is the IATA code for Pogogul Airport?,UOL
What is the IATA code for Tocumwal Airport?,TCW
What is the IATA code for Bossangoa Airport?,BSN
What is the IATA code for Libreville International Airport?,LBV
What is the IATA code for Saadah Airport?,SYE
What is the IATA code for Florence Regional Airport?,FLO
What is the IATA code for Damascus International Airport?,DAM
What is the IATA code for Matak Airport?,MWK
What is the IATA code for Yoshkar-Ola Airport?,JOK
What is the IATA code for Lhasa Gonggar Airport?,LXA
What is the IATA code for Esperance Airport?,EPR
What is the IATA code for Wake Island Airfield?,AWK
What is the IATA code for El Caraño Airport?,UIB
What is the IATA code for Vidalia Regional Airport?,VDI
What is the IATA code for Iconi Airport?,YVA
What is the IATA code for Monticello Airport?,MXC
What is the IATA code for Kelani River-Peliyagoda Waterdrome?,KEZ
What is the IATA code for Desert Rock Airport?,DRA
What is the IATA code for Sechelt Aerodrome?,YHS
What is the IATA code for Long Lellang Airport?,LGL
What is the IATA code for Abu Musa Airport?,AEU
What is the IATA code for Sitka Rocky Gutierrez Airport?,SIT
What is the IATA code for Pickens County Airport?,LQK
What is the IATA code for Bakouma Airport?,BMF
What is the IATA code for George Bush Intercontinental Airport?,IAH
What is the IATA code for Fairchild Air Force Base?,SKA
What is the IATA code for Thisted Airport?,TED
What is the IATA code for Taskul Airport?,TSK
What is the IATA code for Nevers - Fourchambault Airport?,NVS
What is the IATA code for Mansons Landing Water Aerodrome?,YMU
What is the IATA code for Sikeston Memorial Municipal Airport?,SIK
What is the IATA code for Powell River Airport?,YPW
What is the IATA code for Port Hope Simpson Airport?,YHA
What is the IATA code for Marseille Provence Airport?,MRS
What is the IATA code for Maya-Maya Airport?,BZV
What is the IATA code for Dalbandin Airport?,DBA
What is the IATA code for RAF Ascension Island?,ASI
What is the IATA code for Williams Harbour Airport?,YWM
What is the IATA code for Vadsø Airport?,VDS
What is the IATA code for Catarman National Airport?,CRM
What is the IATA code for Darwaz Airport?,DAZ
What is the IATA code for Grand Strand Airport?,CRE
What is the IATA code for Bhagatanwala Airport?,BHW
What is the IATA code for Qimei Airport?,CMJ
What is the IATA code for Redwood Falls Municipal Airport?,RWF
What is the IATA code for Ahuas Airport?,AHS
What is the IATA code for Kozani National Airport?,KZI
What is the IATA code for Wanigela Airport?,AGL
What is the IATA code for Param Airport?,PPX
What is the IATA code for Bolovip Airport?,BVP
What is the IATA code for Hawthorne Municipal Airport?,HHR
What is the IATA code for Chutes-des-Passes/Lac Margane Water Aerodrome?,YWQ
What is the IATA code for Beaver Airport?,WBQ
What is the IATA code for Molokai Airport?,MKK
What is the IATA code for Kalakaket Creek Air Station?,KKK
What is the IATA code for Jomsom Airport?,JMO
What is the IATA code for Monastir Habib Bourguiba International Airport?,MIR
What is the IATA code for Guarapari Airport?,GUZ
What is the IATA code for Kwethluk Airport?,KWT
What is the IATA code for Kihihi Airstrip?,KHX
What is the IATA code for Esperadinha Airport?,BVR
What is the IATA code for Boutilimit Airport?,OTL
What is the IATA code for Toamasina Airport?,TMM
What is the IATA code for Immokalee Regional Airport?,IMM
What is the IATA code for Salina Regional Airport?,SLN
What is the IATA code for Ketchikan Harbor Seaplane Base?,WFB
What is the IATA code for Rowan County Airport?,SRW
"What is the IATA code for Tromsø Airport, Langnes?",TOS
What is the IATA code for San Andros Airport?,SAQ
What is the IATA code for Brest Airport?,BQT
What is the IATA code for Heho Airport?,HEH
What is the IATA code for Patreksfjörður Airport?,PFJ
What is the IATA code for Tapuruquara Airport?,IRZ
What is the IATA code for Mokhotlong Airport?,MKH
What is the IATA code for Quetta International Airport?,UET
What is the IATA code for São Jorge Airport?,SJZ
What is the IATA code for Fort Scott Municipal Airport?,FSK
What is the IATA code for Kissimmee Gateway Airport?,ISM
What is the IATA code for Muskegon County Airport?,MKG
What is the IATA code for Kandep Airport?,KDP
What is the IATA code for NAS Patuxent River?,NHK
What is the IATA code for Juan H. White Airport?,CAQ
What is the IATA code for Sri Guru Ram Dass Jee International Airport?,ATQ
What is the IATA code for Ai-Ais Airport?,AIW
What is the IATA code for Pukapuka Island Airport?,PZK
What is the IATA code for Taupō Airport?,TUO
What is the IATA code for Christmas Creek Airport?,CXQ
What is the IATA code for Uvol Airport?,UVO
What is the IATA code for Bakel Airport?,BXE
What is the IATA code for Umba Airport?,UMC
What is the IATA code for Osijek Airport?,OSI
What is the IATA code for Khasab Airport?,KHS
What is the IATA code for Davenport Downs Airport?,DVP
What is the IATA code for Sandspit Airport?,YZP
What is the IATA code for Ouarzazate Airport?,OZZ
What is the IATA code for Hargeisa International Airport?,HGA
What is the IATA code for Grabtsevo Airport?,KLF
What is the IATA code for PAF Base Kohat?,OHT
What is the IATA code for Tom Price Airport?,TPR
What is the IATA code for Edwards Air Force Base?,EDW
What is the IATA code for Northern Peninsula Airport?,ABM
What is the IATA code for Independence Municipal Airport?,IDP
What is the IATA code for Richard Toll Airport?,RDT
What is the IATA code for Woodie Woodie Airport?,WWI
What is the IATA code for Orchid Beach Airport?,OKB
What is the IATA code for Akjoujt Airport?,AJJ
What is the IATA code for M. R. Štefánik Airport?,BTS
What is the IATA code for Sarasota–Bradenton International Airport?,SRQ
What is the IATA code for Mati Airport?,MXI
What is the IATA code for Mount Hagen Airport?,HGU
What is the IATA code for Hunt Field?,LND
What is the IATA code for Inishmaan Aerodrome?,IIA
What is the IATA code for Presidencia Roque Sáenz Peña Airport?,PRQ
What is the IATA code for Cape Newenham LRRS Airport?,EHM
What is the IATA code for Dien Bien Phu Airport?,DIN
What is the IATA code for Show Low Regional Airport?,SOW
What is the IATA code for Charlotte Amalie Harbor Seaplane Base?,SPB
What is the IATA code for Gaziantep Oğuzeli International Airport?,GZT
What is the IATA code for McAllen Miller International Airport?,MFE
What is the IATA code for Sangster International Airport?,MBJ
What is the IATA code for Yogyakarta International Airport?,YIA
What is the IATA code for Al Bayda Airport?,BYD
What is the IATA code for Abeid Amani Karume International Airport?,ZNZ
What is the IATA code for Fond du Lac County Airport?,FLD
What is the IATA code for Montevideo–Chippewa County Airport?,MVE
What is the IATA code for Ravenna Airport?,RAN
What is the IATA code for Clark International Airport?,CRK
What is the IATA code for Opapimiskan Lake Airport?,YBS
What is the IATA code for Alberto Alcolumbre International Airport?,MCP
What is the IATA code for Cap Skirring Airport?,CSK
What is the IATA code for Carolina Airport?,CLN
What is the IATA code for Wedau Airport?,WED
What is the IATA code for Les Sables-d'Olonne – Talmont Airport?,LSO
What is the IATA code for Amook Bay Seaplane Base?,AOS
What is the IATA code for Matsu Nangan Airport?,LZN
What is the IATA code for Salem Airport?,SXV
What is the IATA code for Gulu Airport?,ULU
What is the IATA code for Indira Gandhi International Airport?,DEL
What is the IATA code for Minot Air Force Base?,MIB
What is the IATA code for Pond Inlet Airport?,YIO
What is the IATA code for Comiso Airport?,CIY
What is the IATA code for Omkalai Airport?,OML
What is the IATA code for Orsk Airport?,OSW
What is the IATA code for Bitburg Airport?,BBJ
What is the IATA code for Sioux Falls Regional Airport?,FSD
What is the IATA code for Juan Mendoza Airport?,ORU
What is the IATA code for Perpignan–Rivesaltes Airport?,PGF
What is the IATA code for Radom Airport?,RDO
What is the IATA code for Kurnool Airport?,KJB
What is the IATA code for Benina International Airport?,BEN
What is the IATA code for Creil Air Base?,CSF
What is the IATA code for Park Township Airport?,HLM
What is the IATA code for Nottingham Airport?,NQT
What is the IATA code for Stavropol Shpakovskoye Airport?,STW
What is the IATA code for Flat Airport?,FLT
What is the IATA code for Tchibanga Airport?,TCH
What is the IATA code for San Pedro de Urabá Airport?,NPU
What is the IATA code for Semnan Municipal Airport?,SNX
What is the IATA code for Roosevelt Municipal Airport?,ROL
What is the IATA code for Yanbu Airport?,YNB
What is the IATA code for Kanpur Airport?,KNU
What is the IATA code for Newry Airport?,NRY
What is the IATA code for Seville Airport?,SVQ
What is the IATA code for Chongqing Jiangbei International Airport?,CKG
What is the IATA code for Santa Bárbara de Barinas Airport?,SBB
What is the IATA code for Pine Ridge Airport?,XPR
What is the IATA code for Rarotonga International Airport?,RAR
What is the IATA code for Melbourne Airport?,MEL
What is the IATA code for Cicia Airport?,ICI
What is the IATA code for Leknes Airport?,LKN
What is the IATA code for Cache Creek Airport?,YZA
What is the IATA code for Hyvinkää Airfield?,HYV
What is the IATA code for Hattiesburg Bobby L. Chain Municipal Airport?,HBG
What is the IATA code for Te Anau Airport?,TEU
What is the IATA code for Trincomalee Harbour Seaplane Base?,THW
What is the IATA code for Tetiaroa Airport?,TTI
What is the IATA code for Atuona Airport?,AUQ
What is the IATA code for Artesia Municipal Airport?,ATS
What is the IATA code for Caquetania Airport?,CQT
What is the IATA code for Sunan Shuofang International Airport?,WUX
What is the IATA code for Mount Magnet Airport?,MMG
What is the IATA code for Fletcher Field?,CKM
What is the IATA code for José Galera dos Santos Airport?,TRQ
What is the IATA code for Tarbela Dam Airport?,TLB
"What is the IATA code for Copenhagen Airport, Kastrup?",CPH
What is the IATA code for Zhoushan Putuoshan Airport?,HSN
What is the IATA code for Karonga Airport?,KGJ
What is the IATA code for Wānaka Airport?,WKA
What is the IATA code for Dayton–Wright Brothers Airport?,MGY
What is the IATA code for Köthen Airport?,KOQ
What is the IATA code for Batticaloa International Airport?,BTC
What is the IATA code for Milas–Bodrum Airport?,BJV
What is the IATA code for Repulse Bay Airport?,YUT
What is the IATA code for Connemara Airport?,NNR
What is the IATA code for Öndörkhaan Airport?,UNR
What is the IATA code for Gold Beach Municipal Airport?,GOL
What is the IATA code for Swansea Airport?,SWS
What is the IATA code for Sevastopol International Airport?,UKS
What is the IATA code for Geçitkale Air Base?,GEC
What is the IATA code for Yantai Penglai International Airport?,YNT
What is the IATA code for Hampton Municipal Airport?,HPT
What is the IATA code for Imperial County Airport?,IPL
What is the IATA code for Port Lions Airport?,ORI
What is the IATA code for Cataratas del Iguazú International Airport?,IGR
What is the IATA code for Baghdad International Airport?,BGW
What is the IATA code for Chongqing Wushan Airport?,WSK
What is the IATA code for New Moon Airport?,NMP
What is the IATA code for Songea Airport?,SGX
What is the IATA code for Wonopito Airport?,LWE
What is the IATA code for Bandar Lengeh Airport?,BDH
What is the IATA code for United States Air Force Academy Airfield?,AFF
What is the IATA code for South Wood County Airport?,ISW
What is the IATA code for Nizhnevartovsk Airport?,NJC
What is the IATA code for Bonnyville Airport?,YBY
What is the IATA code for Ossima Airport?,OSG
What is the IATA code for Wexford County Airport?,CAD
What is the IATA code for Kobe Airport?,UKB
What is the IATA code for Kanas Airport?,KJI
What is the IATA code for Wyndham Airport?,WYN
What is the IATA code for La Aurora International Airport?,GUA
What is the IATA code for St. Thomas Municipal Airport?,YQS
What is the IATA code for Kikwit Airport?,KKW
What is the IATA code for Corpus Christi International Airport?,CRP
What is the IATA code for Umiat Airport?,UMT
What is the IATA code for Oxnard Airport?,OXR
What is the IATA code for Biaru Airport?,BRP
What is the IATA code for Alzintan Airport?,ZIS
What is the IATA code for Ashburton Aerodrome?,ASG
What is the IATA code for Wuyishan Airport?,WUS
What is the IATA code for Noida International Airport?,DXN
What is the IATA code for Tinker Air Force Base?,TIK
What is the IATA code for Reyes Murillo Airport?,NQU
What is the IATA code for Santa Catalina Airport?,SCA
What is the IATA code for Pobedilovo Airport?,KVX
What is the IATA code for RAF Marham?,KNF
What is the IATA code for Warangal Airport?,WGC
What is the IATA code for Kahramanmaraş Airport?,KCM
What is the IATA code for Pangoa Airport?,PGB
What is the IATA code for Beni Airport?,BNC
What is the IATA code for Batom Airport?,BXM
What is the IATA code for Canavieiras Airport?,CNV
What is the IATA code for Lekana Airport?,LKC
What is the IATA code for Kangding Airport?,KGT
What is the IATA code for Middlemount Airport?,MMM
What is the IATA code for Kurundi Airport?,KRD
What is the IATA code for Asau Airport?,AAU
What is the IATA code for Hercílio Luz International Airport?,FLN
What is the IATA code for Volgodonsk Airport?,VLK
What is the IATA code for Catumbela Airport?,CBT
What is the IATA code for Piarco International Airport?,POS
What is the IATA code for Mayaguana Airport?,MYG
What is the IATA code for Palmer Municipal Airport?,PAQ
What is the IATA code for Montgomery County Airpark?,GAI
What is the IATA code for Marshall Islands International Airport?,MAJ
What is the IATA code for metropolitan area1?,PAR
What is the IATA code for Paris–Le Bourget Airport?,LBG
What is the IATA code for Brainerd Lakes Regional Airport?,BRD
What is the IATA code for Nambucca Heads Airport?,NBH
What is the IATA code for Bornholm Airport?,RNN
What is the IATA code for Bahía Cupica Airport?,BHF
What is the IATA code for Ciudad Real Central Airport?,CQM
What is the IATA code for Axum Airport?,AXU
What is the IATA code for Sidi Barrani Airport?,SQK
What is the IATA code for Lanai Airport?,LNY
What is the IATA code for Ouagadougou Airport?,OUA
What is the IATA code for Shelbyville Municipal Airport?,SYI
What is the IATA code for Cherkasy International Airport?,CKC
What is the IATA code for Teniente R. Marsh Airport?,TNM
What is the IATA code for Gaya Airport?,GAY
What is the IATA code for Long Island Airport?,LSJ
What is the IATA code for Greater Portsmouth Regional Airport?,PMH
What is the IATA code for Atikokan Municipal Airport?,YIB
What is the IATA code for Kōchi Ryōma Airport?,KCZ
What is the IATA code for Emden Airport?,EME
What is the IATA code for Albert Lea Municipal Airport?,AEL
What is the IATA code for Soure Airport?,SFK
What is the IATA code for Birch Creek Airport?,KBC
What is the IATA code for Bushehr Airport?,BUZ
What is the IATA code for Tanbar Airport?,TXR
What is the IATA code for Los Alamos County Airport?,LAM
What is the IATA code for Edward River Airport?,EDR
What is the IATA code for Makoua Airport?,MKJ
What is the IATA code for Iliamna Airport?,ILI
What is the IATA code for Blackall Airport?,BKQ
What is the IATA code for DuPage Airport?,DPA
What is the IATA code for Harare International Airport?,HRE
What is the IATA code for Sokol Airport?,GDX
What is the IATA code for Barksdale Air Force Base?,BAD
What is the IATA code for Stevens Point Municipal Airport?,STE
What is the IATA code for Buraimi Airport?,RMB
What is the IATA code for Jalaluddin Airport?,GTO
What is the IATA code for Middleton Island Airport?,MDO
What is the IATA code for Keesler Air Force Base?,BIX
What is the IATA code for Concord Municipal Airport?,CON
What is the IATA code for Muynak Airport?,MOK
What is the IATA code for Jask Airport?,JSK
What is the IATA code for Alpe d'Huez Airport?,AHZ
What is the IATA code for Entrance Island Seaplane Base?,HBH
What is the IATA code for Kipnuk Airport?,KPN
What is the IATA code for Ust-Kuyga Airport?,UKG
What is the IATA code for Anthony Lagoon Airport?,AYL
What is the IATA code for Tefé Airport?,TFF
What is the IATA code for Belmonte Airport?,BVM
What is the IATA code for Wichita Dwight D. Eisenhower National Airport?,ICT
What is the IATA code for MBS International Airport?,MBS
What is the IATA code for Yuruf Airport?,RUF
What is the IATA code for Uyuni Airport?,UYU
What is the IATA code for Alberni Valley Regional Airport?,YPB
What is the IATA code for Koyukuk Airport?,KYU
What is the IATA code for Bentota River Airport?,BJT
What is the IATA code for Pilanesberg International Airport?,NTY
What is the IATA code for Dodoima Airport?,DDM
What is the IATA code for General Wayne A. Downing Peoria International Airport?,PIA
What is the IATA code for Moyale Airport?,OYL
What is the IATA code for La Herrera Airport?,HRR
What is the IATA code for Oakland County International Airport?,PTK
What is the IATA code for Loei Airport?,LOE
What is the IATA code for Middle Georgia Regional Airport?,MCN
What is the IATA code for Charlo Airport?,YCL
What is the IATA code for Kamphaeng Saen Airport?,KDT
What is the IATA code for Hendrik Van Eck Airport?,PHW
What is the IATA code for Aurangabad Airport?,IXU
What is the IATA code for Chernofski Harbor Seaplane Base?,KCN
What is the IATA code for Decatur County Industrial Air Park?,BGE
What is the IATA code for Rubem Berta International Airport?,URG
What is the IATA code for Roy Hurd Memorial Airport?,MIF
What is the IATA code for Chisana Airport?,CZN
What is the IATA code for Ozar Airport?,ISK
What is the IATA code for William T. Piper Memorial Airport?,LHV
What is the IATA code for Langimar Airport?,LNM
What is the IATA code for Kauhava Airfield?,KAU
What is the IATA code for Truscott-Mungalalu Airport?,TTX
What is the IATA code for Dr. Antonio Nicolás Briceño Airport?,VLV
What is the IATA code for Benjamín Rivera Noriega Airport?,CPX
What is the IATA code for Kaadedhdhoo Airport?,KDM
What is the IATA code for Gan International Airport?,GAN
What is the IATA code for Al Najaf International Airport?,NJF
What is the IATA code for Puerto Barrios Airport?,PBR
What is the IATA code for Kamaran Downs Airport?,KDS
What is the IATA code for RAF Lossiemouth?,LMO
What is the IATA code for Deputado Luís Eduardo Magalhães International Airport?,SSA
What is the IATA code for Kwai Harbour Airport?,KWR
What is the IATA code for Frankfurt Airport?,FRA
What is the IATA code for Tyler Pounds Regional Airport?,TYR
What is the IATA code for Kitoi Bay Seaplane Base?,KKB
What is the IATA code for Wa Airport?,WZA
What is the IATA code for Achinsk Airport?,ACS
What is the IATA code for Maués Airport?,MBZ
What is the IATA code for Mongo Airport?,MVO
What is the IATA code for Bindlacher Berg Airport?,BYU
What is the IATA code for San Juan  Seaplane Base?,UGI
What is the IATA code for Cradock Airport?,CDO
What is the IATA code for Richards Bay Airport?,RCB
What is the IATA code for Wilwal International Airport?,JIJ
What is the IATA code for Tuzla International Airport?,TZL
What is the IATA code for Chu Lai International Airport?,VCL
What is the IATA code for Perryville Airport?,KPV
What is the IATA code for Woja Airport?,WJA
What is the IATA code for Suia-Missu Airport?,SWM
What is the IATA code for Kennett Memorial Airport?,KNT
What is the IATA code for Mokuti Lodge Airport?,OKU
What is the IATA code for Allama Iqbal International Airport?,LHE
What is the IATA code for Velikiye Luki Airport?,VLU
What is the IATA code for Dixie Airport?,DXD
What is the IATA code for Bhavnagar Airport?,BHU
What is the IATA code for Fuma Airport?,FUM
What is the IATA code for Eastern WV Regional Airport?,MRB
What is the IATA code for Khashm el Girba Airport?,GBU
What is the IATA code for Bajawa Soa Airport?,BJW
What is the IATA code for La Grande/Union County Airport?,LGD
What is the IATA code for Union Glacier Blue-Ice Runway?,UGL
What is the IATA code for Dehong Mangshi Airport?,LUM
What is the IATA code for Sub Teniente Nestor Arias Airport?,SNF
What is the IATA code for Grand Canyon Bar 10 Airport?,GCT
What is the IATA code for Hagfors Airport?,HFS
What is the IATA code for Ely Airport?,ELY
What is the IATA code for Tarakbits Airport?,TRJ
What is the IATA code for Momeik Airport?,MOE
What is the IATA code for Morondava Airport?,MOQ
What is the IATA code for Kasabonika Airport?,XKS
What is the IATA code for Nouméa Magenta Airport?,GEA
What is the IATA code for Murcia–San Javier Airport?,MJV
What is the IATA code for Richard Pearse Airport?,TIU
What is the IATA code for Oshakati Airport?,OHI
What is the IATA code for Manuel Carlos Piar Guayana Airport?,PZO
What is the IATA code for Oakdale Airport?,ODC
What is the IATA code for Lampang Airport?,LPT
What is the IATA code for Aktobe Airport?,AKX
What is the IATA code for Lee Gilmer Memorial Airport?,GVL
What is the IATA code for Glengyle Airport?,GLG
What is the IATA code for Zhangjiakou Ningyuan Airport?,ZQZ
What is the IATA code for Mzuzu Airport?,ZZU
What is the IATA code for Osaka International Airport?,ITM
What is the IATA code for Gordil Airport?,GDI
What is the IATA code for NOLF Imperial Beach?,NRS
What is the IATA code for Asapa Airport?,APP
What is the IATA code for Évreux-Fauville Air Base?,EVX
What is the IATA code for Flin Flon Airport?,YFO
What is the IATA code for Port Simpson Water Aerodrome?,YPI
What is the IATA code for Tambohorano Airport?,WTA
What is the IATA code for Ouani Airport?,AJN
What is the IATA code for Valle del Conlara Airport?,RLO
What is the IATA code for Cassidy International Airport?,CXI
What is the IATA code for Franklin County Airport?,UOS
What is the IATA code for Tauta Airport?,TUT
What is the IATA code for Madivaru Airport?,LMV
What is the IATA code for Impfondo Airport?,ION
What is the IATA code for Herat International Airport?,HEA
What is the IATA code for Marfa Municipal Airport?,MRF
What is the IATA code for Ontario International Airport?,ONT
What is the IATA code for Méribel Altiport?,MFX
What is the IATA code for Yiwu Airport?,YIW
What is the IATA code for Kenora Airport?,YQK
What is the IATA code for Out Skerries Airport?,OUK
What is the IATA code for Friday Harbor Seaplane Base?,FBS
What is the IATA code for Ban Huoeisay Airport?,HOE
What is the IATA code for Pukarua Airport?,PUK
What is the IATA code for Hill City Municipal Airport?,HLC
What is the IATA code for Tureia Airport?,ZTA
What is the IATA code for Malta Airport?,MLK
What is the IATA code for Woodford Aerodrome?,WFD
What is the IATA code for Devonport Airport?,DPO
What is the IATA code for Abu Simbel Airport?,ABS
What is the IATA code for Mont Tremblant International Airport?,YTM
What is the IATA code for Roskilde Airport?,RKE
What is the IATA code for Ekuk Airport?,KKU
What is the IATA code for Tancredo Thomas de Faria Airport?,GPB
What is the IATA code for Babo Airport?,BXB
What is the IATA code for Dr. Augusto Roberto Fuster International Airport?,PJC
What is the IATA code for Hawabango Airport?,HWA
What is the IATA code for Erfurt–Weimar Airport?,ERF
What is the IATA code for Ralph M. Calhoun Memorial Airport?,TAL
What is the IATA code for Jasper Airport?,YJA
What is the IATA code for St. Marys Municipal Airport?,STQ
What is the IATA code for Mackay Airport?,MKY
What is the IATA code for Lappeenranta Airport?,LPP
What is the IATA code for Daly River Airport?,DVR
What is the IATA code for Heide–Büsum Airport?,HEI
What is the IATA code for Witu Airport?,WIU
What is the IATA code for Frank Miloye Milenkowichi–Marília State Airport?,MII
What is the IATA code for Cangyuan Washan Airport?,CWJ
What is the IATA code for Blackwell–Tonkawa Municipal Airport?,BWL
What is the IATA code for Armando Schwarck Airport?,LPJ
What is the IATA code for Corumbá International Airport?,CMG
What is the IATA code for Estherville Municipal Airport?,EST
What is the IATA code for Rivne International Airport?,RWN
What is the IATA code for Assab International Airport?,ASA
What is the IATA code for Ondangwa Airport?,OND
What is the IATA code for Monroe County Airport?,BMG
What is the IATA code for Capital City Airport?,HAR
What is the IATA code for South Naknek Airport?,WSN
What is the IATA code for Antrim County Airport?,ACB
What is the IATA code for Calbayog Airport?,CYP
What is the IATA code for Golfo de Morrosquillo Airport?,TLU
What is the IATA code for Cururupu Airport?,CPU
What is the IATA code for Fort Sumner Municipal Airport?,FSU
What is the IATA code for Sullivan County Airport?,SIV
What is the IATA code for Los Cabos International Airport?,SJD
What is the IATA code for Albacete Airport?,ABC
What is the IATA code for Nambaiyufa Airport?,NBA
What is the IATA code for Yandina Airport?,XYA
What is the IATA code for Tengah Air Base?,TGA
What is the IATA code for Kiryat Shmona Airport?,KSW
What is the IATA code for Berdiansk Airport?,ERD
What is the IATA code for A.L. Mangham Jr. Regional Airport?,OCH
What is the IATA code for Akureyri Airport?,AEY
What is the IATA code for Jacquinot Bay Airport?,JAQ
What is the IATA code for Siwa Oasis North Airport?,SEW
What is the IATA code for Dharavandhoo Airport?,DRV
What is the IATA code for Neom Bay Airport?,NUM
What is the IATA code for Bonaventure Airport?,YVB
What is the IATA code for Las Cruces Airport?,SNT
What is the IATA code for Greater Binghamton Airport?,BGM
What is the IATA code for Sacramento International Airport?,SMF
What is the IATA code for Kandahar International Airport?,KDH
What is the IATA code for Sambava Airport?,SVB
What is the IATA code for Page Municipal Airport?,PGA
What is the IATA code for Roy Otten Memorial Airfield?,VRS
What is the IATA code for Okushiri Airport?,OIR
What is the IATA code for Monkey Bay Airport?,MYZ
What is the IATA code for Tabuk Regional Airport?,TUU
What is the IATA code for Yutian Wanfang Airport?,YTW
What is the IATA code for Gewayantana Airport?,LKA
What is the IATA code for NATO Air Base Geilenkirchen?,GKE
What is the IATA code for Bozeman Yellowstone International Airport?,BZN
What is the IATA code for José Leonardo Chirino Airport?,CZE
What is the IATA code for Thargomindah Airport?,XTG
What is the IATA code for Miami Municipal Airport?,MIO
What is the IATA code for Oram Airport?,RAX
What is the IATA code for Wonju Airport?,WJU
What is the IATA code for Hihifo Airport?,WLS
What is the IATA code for Murray Island Airport?,MYI
What is the IATA code for Mutare Airport?,UTA
What is the IATA code for Ashgabat International Airport?,ASB
What is the IATA code for Hengyang Nanyue Airport?,HNY
What is the IATA code for Natchez–Adams County Airport?,HEZ
What is the IATA code for Saül Airport?,XAU
What is the IATA code for Stuart Island Airpark?,SSW
What is the IATA code for Mayor General FAP Armando Revoredo Iglesias Airport?,CJA
What is the IATA code for Foshan Shadi Airport?,FUO
What is the IATA code for Gainesville Regional Airport?,GNV
What is the IATA code for Imane Airport?,IMN
What is the IATA code for Chuuk International Airport?,TKK
"What is the IATA code for Tartagal ""General Enrique Mosconi"" Airport?",TTG
What is the IATA code for Lengbati Airport?,LNC
What is the IATA code for Oki Airport?,OKI
What is the IATA code for N'djili Airport?,FIH
What is the IATA code for Girdwood Airport?,AQY
What is the IATA code for Doncaster Sheffield Airport?,DSA
What is the IATA code for Karasburg Airport?,KAS
What is the IATA code for Jinan Yaoqiang International Airport?,TNA
What is the IATA code for Levelock Airport?,KLL
What is the IATA code for Rach Gia Airport?,VKG
What is the IATA code for Qarn Alam Airport?,RNM
What is the IATA code for Chhatrapati Shivaji International Airport?,BOM
What is the IATA code for Sahabat Airport?,SXS
What is the IATA code for Karasabai Airport?,KRG
What is the IATA code for Ted Stevens Anchorage International Airport?,ANC
What is the IATA code for Baton Rouge Metropolitan Airport?,BTR
What is the IATA code for Kindersley Regional Airport?,YKY
What is the IATA code for Wuhu Xuanzhou Airport?,WHA
What is the IATA code for Narita International Airport?,NRT
"What is the IATA code for Notodden Airport, Tuven?",NTB
What is the IATA code for RAF Brize Norton?,BZZ
What is the IATA code for Nelson Airport?,NSN
What is the IATA code for Francisco Correa da Cruz Airport?,HUW
What is the IATA code for Kismayo Airport?,KMU
What is the IATA code for Sialkot International Airport?,SKT
What is the IATA code for Tikchik Lodge Seaplane Base?,KTH
What is the IATA code for Mostaganem Airport?,MQV
What is the IATA code for Enniskillen/St Angelo Airport?,ENK
What is the IATA code for Key Lake Airport?,YKJ
What is the IATA code for Francisco Beltrão Airport?,FBE
What is the IATA code for Raiatea Airport?,RFP
What is the IATA code for Elliot Lake Municipal Airport?,YEL
What is the IATA code for Empangeni Airport?,EMG
What is the IATA code for Paradise River Airport?,YDE
What is the IATA code for Cupul National Airport?,TZM
What is the IATA code for Samsun-Çarşamba Airport?,SZF
What is the IATA code for Nipa Airport?,NPG
What is the IATA code for Moabi Airport?,MGX
What is the IATA code for Orocue Airport?,ORC
What is the IATA code for Greenbrier Valley Airport?,LWB
What is the IATA code for Mulu Airport?,MZV
What is the IATA code for Dongara Airport?,DOX
What is the IATA code for Kavala International Airport?,KVA
What is the IATA code for Oudomsay Airport?,ODY
What is the IATA code for Sfax–Thyna International Airport?,SFA
What is the IATA code for Yap International Airport?,YAP
What is the IATA code for Woitape Airport?,WTP
What is the IATA code for Tsaratanana Airport?,TTS
What is the IATA code for NAES Lakehurst?,NEL
What is the IATA code for Yongai Airport?,KGH
What is the IATA code for Bimin Airport?,BIZ
What is the IATA code for Arboletes Airport?,ARO
What is the IATA code for Dolbeau-Saint-Félicien Airport?,YDO
What is the IATA code for Pacific City State Airport?,PFC
What is the IATA code for San Juan de Marcona Airport?,SJA
What is the IATA code for Le Puy – Loudes Airport?,LPY
What is the IATA code for Orléans – Saint-Denis-de-l'Hôtel Airport?,ORE
What is the IATA code for Olyokminsk Airport?,OLZ
What is the IATA code for Barimunya Airport?,BYP
What is the IATA code for Hanksville Airport?,HVE
What is the IATA code for Gebe Airport?,GEB
What is the IATA code for Quanzhou Jinjiang International Airport?,JJN
What is the IATA code for Warraber Island Airport?,SYU
What is the IATA code for Jijel Ferhat Abbas Airport?,GJL
What is the IATA code for Maxwell Air Force Base?,MXF
What is the IATA code for Plovdiv Airport?,PDV
What is the IATA code for Aseki Airport?,AEK
What is the IATA code for Alberto Lleras Camargo Airport?,SOX
What is the IATA code for Lamar Municipal Airport?,LAA
What is the IATA code for Mostépha Ben Boulaid Airport?,BLJ
What is the IATA code for Magdeburg–Cochstedt Airport?,CSO
What is the IATA code for Ventspils International Airport?,VNT
What is the IATA code for Bear Creek 3 Airport?,BCC
What is the IATA code for Quillayute Airport?,UIL
What is the IATA code for Zamboanga International Airport?,ZAM
What is the IATA code for Newark Liberty International Airport?,EWR
What is the IATA code for Hewanorra International Airport?,UVF
What is the IATA code for Saibai Island Airport?,SBR
What is the IATA code for Coimbra Airport?,CBP
What is the IATA code for Beersheba Airport?,BEV
What is the IATA code for Verona Villafranca Airport?,VRN
What is the IATA code for Gage Airport?,GAG
What is the IATA code for Qaanaaq Airport?,NAQ
What is the IATA code for Najran Domestic Airport?,EAM
What is the IATA code for Barnaul Airport?,BAX
What is the IATA code for Guerima Airport?,GMC
What is the IATA code for Abou-Deïa Airport?,AOD
What is the IATA code for Port-de-Paix Airport?,PAX
What is the IATA code for General Santos International Airport?,GES
What is the IATA code for Karlskoga Airport?,KSK
What is the IATA code for Weipa Airport?,WEI
What is the IATA code for Spartanburg Downtown Memorial Airport?,SPA
What is the IATA code for Kostanay Airport?,KSN
What is the IATA code for Lake Simcoe Regional Airport?,YLK
What is the IATA code for Grundarfjörður Airport?,GUU
What is the IATA code for Marin County Airport?,NOT
What is the IATA code for Craig Cove Airport?,CCV
What is the IATA code for Sanfebagar Airport?,FEB
What is the IATA code for Virginia Tech Montgomery Executive Airport?,BCB
What is the IATA code for Ulyanovsk Baratayevka Airport?,ULV
What is the IATA code for Koolatah Airport?,KOH
What is the IATA code for Maganja da Costa Airport?,MJS
What is the IATA code for Bradley International Airport?,BDL
"What is the IATA code for Stavanger Airport, Sola?",SVG
What is the IATA code for Tolmachevo Airport?,OVB
What is the IATA code for Miami University Airport?,OXD
What is the IATA code for Egegik Airport?,EGX
What is the IATA code for Cape Girardeau Regional Airport?,CGI
What is the IATA code for Gayndah Airport?,GAH
What is the IATA code for Labo Airport?,OZC
What is the IATA code for Kamiraba Airport?,KJU
What is the IATA code for Terapo Airport?,TEO
What is the IATA code for Afonso Pena International Airport?,CWB
What is the IATA code for Mbandaka Airport?,MDK
What is the IATA code for Xieng Khouang Airport?,XKH
What is the IATA code for Tiko Airport?,TKC
What is the IATA code for Palm Island Airport?,PLI
What is the IATA code for Tres Arroyos Airport?,OYO
What is the IATA code for Siasi Airport?,SSV
What is the IATA code for Mustique Airport?,MQS
What is the IATA code for Petit Jean Park Airport?,MPJ
What is the IATA code for Okoyo Airport?,OKG
What is the IATA code for Dubrovnik Airport?,DBV
What is the IATA code for Wales Airport?,WAA
What is the IATA code for Río Amazonas Airport?,PTZ
What is the IATA code for Fort Severn Airport?,YER
What is the IATA code for Tatakoto Airport?,TKV
What is the IATA code for Wenshan Puzhehei Airport?,WNH
What is the IATA code for Berlin Brandenburg Airport?,BER
What is the IATA code for Meridian Regional Airport?,MEI
What is the IATA code for Davison Army Airfield?,DAA
What is the IATA code for Jonesboro Municipal Airport?,JBR
What is the IATA code for Beijing Nanyuan Airport?,NAY
What is the IATA code for Sherbrooke Airport?,YSC
What is the IATA code for Mapoda Airport?,MPF
What is the IATA code for Culberson County Airport?,VHN
What is the IATA code for Yancheng Nanyang International Airport?,YNZ
What is the IATA code for Kirundo Airport?,KRE
What is the IATA code for Sleetmute Airport?,SLQ
What is the IATA code for Altus/Quartz Mountain Regional Airport?,AXS
What is the IATA code for Daocheng Yading Airport?,DCY
What is the IATA code for Port Sudan New International Airport?,PZU
What is the IATA code for Karup Airport?,KRP
What is the IATA code for Francisco Carle Airport?,JAU
What is the IATA code for Okadama Airport?,OKD
What is the IATA code for Santa Rosa International Airport?,ETR
What is the IATA code for Frederick Regional Airport?,FDR
What is the IATA code for Al Alamain International Airport?,DBB
What is the IATA code for Rebun Airport?,RBJ
What is the IATA code for Aden International Airport?,ADE
What is the IATA code for Killeen Regional Airport/Robert Gray Army Airfield?,GRK
What is the IATA code for Pisa International Airport?,PSA
What is the IATA code for Dakhla Oasis Airport?,DAK
What is the IATA code for Kaikoura Aerodrome?,KBZ
What is the IATA code for Kyzyl Airport?,KYZ
What is the IATA code for Sloulin Field International Airport?,ISN
What is the IATA code for Tabiteuea South Airport?,TSU
What is the IATA code for Bialla Airport?,BAA
What is the IATA code for Bozoum Airport?,BOZ
What is the IATA code for Las Khorey Airport?,LKR
What is the IATA code for Arthur N. Neu Airport?,CIN
What is the IATA code for Sardeh Band Airport?,SBF
What is the IATA code for Pô Airport?,PUP
What is the IATA code for Buffalo Range Airport?,BFO
What is the IATA code for Mindiptana Airport?,MDP
What is the IATA code for Goodland Municipal Airport?,GLD
What is the IATA code for Alitak Seaplane Base?,ALZ
What is the IATA code for Castaway Island Seaplane Base?,CST
What is the IATA code for Chippewa County International Airport?,CIU
What is the IATA code for Ndendé Airport?,KDN
What is the IATA code for Kompiam Airport?,KPM
What is the IATA code for Thandwe Airport?,SNW
What is the IATA code for Mizan Teferi Airport?,MTF
What is the IATA code for Tommanggong Airport?,TMG
What is the IATA code for Gatokae Aerodrome?,GTA
What is the IATA code for Djambala Airport?,DJM
What is the IATA code for Heligoland Airfield?,HGL
What is the IATA code for Tiruchirappalli International Airport?,TRZ
What is the IATA code for Obbia Airport?,CMO
What is the IATA code for Fougamou Airport?,FOU
What is the IATA code for Sharana Airstrip/Forward Operating Base Sharana?,OAS
What is the IATA code for Foya Airport?,FOY
What is the IATA code for Khwahan Airport?,KWH
What is the IATA code for Yichang Sanxia Airport?,YIH
What is the IATA code for Big Trout Lake Airport?,YTL
What is the IATA code for Stephens Island Airport?,STF
What is the IATA code for Erik Nielsen Whitehorse International Airport?,YXY
What is the IATA code for Nervino Airport?,NVN
What is the IATA code for Palmas–Brigadeiro Lysias Rodrigues Airport?,PMW
What is the IATA code for Southdowns Airport?,KIW
What is the IATA code for David Wayne Hooks Memorial Airport?,DWH
What is the IATA code for Bhuj Airport/Bhuj Rudra Mata Air Force Base?,BHJ
What is the IATA code for Ali-Sabieh Airport?,AII
What is the IATA code for Tancredo Neves International Airport?,CNF
What is the IATA code for Tungsten  Airport?,TNS
What is the IATA code for Darbhanga Airport?,DBR
What is the IATA code for Atauro Airport?,AUT
What is the IATA code for Salzburg Airport?,SZG
What is the IATA code for Quaqtaq Airport?,YQC
What is the IATA code for Injune Airport?,INJ
What is the IATA code for Beihai Fucheng Airport?,BHY
What is the IATA code for Grand Geneva Resort Airport?,XES
What is the IATA code for Loiyangalani Airport?,LOY
What is the IATA code for Moundou Airport?,MQQ
What is the IATA code for Paiela Airport?,PLE
What is the IATA code for Turbat International Airport?,TUK
What is the IATA code for Ángel Albino Corzo International Airport?,TGZ
What is the IATA code for Pago Pago International Airport?,PPG
What is the IATA code for Candilejas Airport?,CJD
What is the IATA code for Jorge Jiménez Cantú National Airport?,AZP
What is the IATA code for Cortland County Airport?,CTX
What is the IATA code for Lübeck Airport?,LBC
What is the IATA code for NAS Fort Worth JRB/ Carswell Field?,FWH
What is the IATA code for Lake Macquarie Airport?,BEO
What is the IATA code for Chiayi Airport?,CYI
What is the IATA code for Benson Municipal Airport?,BBB
What is the IATA code for Delaware Coastal Airport?,GED
What is the IATA code for St. Catharines/Niagara District Airport?,YCM
What is the IATA code for Pilot Point Airport?,PIP
What is the IATA code for Cat Cay Airport?,CXY
What is the IATA code for Wilkes-Barre/Scranton International Airport?,AVP
What is the IATA code for Redcliffe Airport?,RCL
What is the IATA code for Dinwiddie County Airport?,PTB
What is the IATA code for Niuatoputapu Airport?,NTT
What is the IATA code for Umiujaq Airport?,YUD
What is the IATA code for Drysdale River Airport?,DRY
What is the IATA code for Elizabethtown Regional Airport?,EKX
What is the IATA code for Faz Taua Airport?,PDF
What is the IATA code for Sendai Airport?,SDJ
What is the IATA code for El Lencero Airport?,JAL
What is the IATA code for Lianyungang Baitabu Airport?,LYG
What is the IATA code for John Greif II Airport?,SPR
What is the IATA code for Bezmer Air Base?,JAM
What is the IATA code for Tapini Airport?,TPI
What is the IATA code for Gewoia Airport?,GEW
What is the IATA code for Concord Regional Airport?,USA
What is the IATA code for Charlottetown Airport?,YYG
What is the IATA code for Eureka Airport?,EUE
What is the IATA code for Yam Island Airport?,XMY
What is the IATA code for Pukatja Airport?,ERB
What is the IATA code for Midland International Air and Space Port?,MAF
What is the IATA code for Lakefield Airport?,LFP
What is the IATA code for Lukulu Airport?,LXU
What is the IATA code for Carmen de Patagones Airport?,CPG
What is the IATA code for Tamana Airport?,TMN
What is the IATA code for Papa Westray Airport?,PPW
What is the IATA code for Iranshahr Airport?,IHR
What is the IATA code for Bulagtai Airport?,UGT
What is the IATA code for Quoin Hill Airfield?,UIQ
What is the IATA code for Ghazni Airport?,GZI
What is the IATA code for West Kootenay Regional Airport?,YCG
What is the IATA code for Palma Airport?,LMZ
What is the IATA code for Hornafjörður Airport?,HFN
What is the IATA code for Oktyabrsky Airport?,OKT
What is the IATA code for Gjögur Airport?,GJR
What is the IATA code for Ein Yahav Airfield?,EIY
What is the IATA code for Tsetserleg Airport?,TSZ
What is the IATA code for Griffiss International Airport?,RME
What is the IATA code for F. D. Roosevelt Airport?,EUX
What is the IATA code for Tekadu Airport?,TKB
What is the IATA code for Anthony Municipal Airport?,ANY
What is the IATA code for Timimoun Airport?,TMX
What is the IATA code for Vancouver Harbour Flight Centre?,CXH
What is the IATA code for Waterloo Airport?,WLO
What is the IATA code for La Chorrera Airport?,LCR
What is the IATA code for Rochester Airport?,RCS
What is the IATA code for Colby Municipal Airport?,CBK
What is the IATA code for Chatham Seaplane Base?,CYM
What is the IATA code for Vunisea Airport?,KDV
What is the IATA code for Broadus Airport?,BDX
What is the IATA code for Panzhihua Bao'anying Airport?,PZI
What is the IATA code for Puerto Lempira Airport?,PEU
What is the IATA code for Mocímboa da Praia Airport?,MZB
What is the IATA code for Angel Fire Airport?,AXX
What is the IATA code for Olomouc Airport?,OLO
What is the IATA code for Ellington Field?,EFD
What is the IATA code for Bowman Municipal Airport?,BWM
What is the IATA code for Novo Aripuanã Airport?,NVP
What is the IATA code for Fuzuli International Airport?,FZL
What is the IATA code for Cochrane Aerodrome?,YCN
What is the IATA code for Iowa Falls Municipal Airport?,IFA
What is the IATA code for Erldunda Airport?,EDD
