question,answers
"Who is the author of the book ""Prince Caspian""?",C.S. Lewis
"Who is the author of the book ""Camp Princess 2: Unicorns? Get Real!""?",Kathryn Lasky
"Who is the author of the book ""At Last Comes Love""?",Mary Balogh
"Who is the author of the book ""Rick Steves' Tour: Appian Way, Rome""?",Rick Steves
"Who is the author of the book ""Armageddon: The Musical""?",Robert Rankin
"Who is the author of the book ""Hölderlin, Kleist, and Nietzsche: The Struggle with the Daemon""?",Stefan Zweig
"Who is the author of the book ""Plot & Structure: Techniques and Exercises for Crafting a Plot That Grips Readers from Start to Finish""?",James Scott Bell
"Who is the author of the book ""Toilers of the Sea Part 1""?",Victor Hugo
"Who is the author of the book ""Dark Sacred Night""?",Michael Connelly
"Who is the author of the book ""All They Need""?",Sarah Mayberry
"Who is the author of the book ""Ulysses: The 1922 Text""?",James Joyce
"Who is the author of the book ""In Pursuit of Peace: 21 Ways to Conquer Anxiety, Fear, and Discontentment""?",Joyce Meyer
"Who is the author of the book ""Forgiven""?",Karen Kingsbury
"Who is the author of the book ""Visions of Cody""?",Jack Kerouac
"Who is the author of the book ""Bleach―ブリーチ― 49 [Burīchi 49]""?",Tite Kubo
"Who is the author of the book ""Dreams of Earth and Sky""?",Freeman Dyson
"Who is the author of the book ""Alice's Adventures in Wonderland and Through the Looking-Glass: With an Excerpt from the Life and Letters of Lewis Carroll""?",Lewis Carroll
"Who is the author of the book ""Faceless Killers""?",Henning Mankell
"Who is the author of the book ""The Myth of the Spoiled Child: Coddled Kids, Helicopter Parents, and Other Phony Crises""?",Alfie Kohn
"Who is the author of the book ""Elements of the Philosophy of Right""?",Georg Wilhelm Friedrich Hegel
"Who is the author of the book ""A Whisper to the Living""?",Stuart M. Kaminsky
"Who is the author of the book ""Thomas Pynchon""?",Joseph W. Slade
"Who is the author of the book ""A Wilder Rose""?",Susan Wittig Albert
"Who is the author of the book ""Enid Blyton: The Biography""?",Barbara Stoney
"Who is the author of the book ""Buffalo Bill Cody: The Man Behind the Legend""?",Robert A. Carter
"Who is the author of the book ""Goodbye Columbus""?",Philip Roth
"Who is the author of the book ""Rules of Engagement: An Anthology""?",Stephanie Laurens
"Who is the author of the book ""The Dharma Bums""?",Jack Kerouac
"Who is the author of the book ""Living Color: Painting, Writing, and the Bones of Seeing""?",Natalie Goldberg
"Who is the author of the book ""The Information: A History, a Theory, a Flood""?",James Gleick
"Who is the author of the book ""The Sisters: The Saga of the Mitford Family""?",Mary S. Lovell
"Who is the author of the book ""Pandora""?",Anne Rice
"Who is the author of the book ""The Partly Cloudy Patriot""?",Sarah Vowell
"Who is the author of the book ""Bean There, Done That""?",Sandra Balzo
"Who is the author of the book ""Grits (Girls Raised in the South) Guide to Life""?",Deborah Ford
"Who is the author of the book ""The Battle of Corrin""?",Brian Herbert
"Who is the author of the book ""Perfidia""?",James Ellroy
"Who is the author of the book ""Up Country""?",Nelson DeMille
"Who is the author of the book ""Leonardo's Swans""?",Karen Essex
"Who is the author of the book ""Lawn Boy Returns""?",Gary Paulsen
"Who is the author of the book ""Introduction to Lexivism""?",Alexander Lloyd Curran
"Who is the author of the book ""Unknown""?",Rachel Caine
"Who is the author of the book ""Something Strange and Deadly""?",Susan Dennard
"Who is the author of the book ""When the Wind Blows""?",James Patterson
"Who is the author of the book ""Red Scare in the Green Mountains: The McCarthy Era in Vermont 1946-1960""?",Rick Winston
"Who is the author of the book ""The 1002nd Book to Read Before You Die""?",M.J. Nicholls
"Who is the author of the book ""Mr. Harrison's Confessions""?",Elizabeth Gaskell
"Who is the author of the book ""The Sacredness of Questioning Everything""?",David Dark
"Who is the author of the book ""Sita""?",Kate Millett
"Who is the author of the book ""The Supergirls: Fashion, Feminism, Fantasy, and the History of Comic Book Heroines""?",Mike Madrid
"Who is the author of the book ""The Master of Ballantrae""?",Robert Louis Stevenson
"Who is the author of the book ""The Lake of Souls""?",Darren Shan
"Who is the author of the book ""Breathe: One woman's journey to save her husband and herself""?",Barbara Thornbury
"Who is the author of the book ""Kink""?",Nikki Sex
"Who is the author of the book ""Some Inspiration for the Overenthusiastic""?",Bauvard
"Who is the author of the book ""The Impostor""?",Celeste Bradley
"Who is the author of the book ""Hear the Wind Sing""?",Haruki Murakami
"Who is the author of the book ""An Object Of Beauty""?",Steve Martin
"Who is the author of the book ""The Imagination""?",Jean-Paul Sartre
"Who is the author of the book ""Complicity""?",Iain M. Banks
"Who is the author of the book ""The Road to Daybreak: A Spiritual Journey""?",Henri J.M. Nouwen
"Who is the author of the book ""Ben Folds Five - The Unauthorized Biography of Reinhold Messner""?",Ben Folds
"Who is the author of the book ""Becoming Wise: An Inquiry into the Mystery and Art of Living""?",Krista Tippett
"Who is the author of the book ""Be Obedient (Genesis 12-25): Learning the Secret of Living by Faith""?",Warren W. Wiersbe
"Who is the author of the book ""Island of the Blue Dolphins""?",Scott O'Dell
"Who is the author of the book ""Two by Two""?",Nicholas Sparks
"Who is the author of the book ""La Fanfarlo""?",Charles Baudelaire
"Who is the author of the book ""The Run-Out Groove""?",Andrew Cartmel
"Who is the author of the book ""Resurrection Man""?",Sean Stewart
"Who is the author of the book ""The Collector of Dying Breaths""?",M.J. Rose
"Who is the author of the book ""Notebooks 1935-1942""?",Albert Camus
"Who is the author of the book ""Winner Lose All""?",Timothy Zahn
"Who is the author of the book ""Murder in the Mystery Suite""?",Ellery Adams
"Who is the author of the book ""A Star in the Face of the Sky""?",David Haynes
"Who is the author of the book ""The Ballad of Lucy Whipple""?",Karen Cushman
"Who is the author of the book ""The Grace of Repentance (Today's Issues""?",Sinclair B. Ferguson
"Who is the author of the book ""Doce hombres comunes y corrientes: Cómo el Maestro formó a sus discípulos para la grandeza, y lo que Él quiere hacer contigo""?",John F. MacArthur Jr.
"Who is the author of the book ""Wild Mind: Living the Writer's Life""?",Natalie Goldberg
"Who is the author of the book ""Because of Winn-Dixie""?",Kate DiCamillo
"Who is the author of the book ""Stranded with a Billionaire""?",Jessica Clare
"Who is the author of the book ""The Sheik and the Bought Bride""?",Susan Mallery
"Who is the author of the book ""Brothers, We Are Not Professionals: A Plea to Pastors for Radical Ministry""?",John Piper
"Who is the author of the book ""When the Snow Fell""?",Henning Mankell
"Who is the author of the book ""The Story of Don Quixote""?",Cervantes Saavedra Miguel de
"Who is the author of the book ""Hannah's List""?",Debbie Macomber
"Who is the author of the book ""Hospital Sketches""?",Louisa May Alcott
"Who is the author of the book ""Pavilion of Women""?",Pearl S. Buck
"Who is the author of the book ""Armageddon""?",Leon Uris
"Who is the author of the book ""The Social Sex: A History of Female Friendship""?",Marilyn Yalom
"Who is the author of the book ""Infamous""?",Cecily von Ziegesar
"Who is the author of the book ""A Clockwork Orange""?",Anthony Burgess
"Who is the author of the book ""The Devil's Chessboard: Allen Dulles and the Rise of America's Secret Government""?",David Talbot
"Who is the author of the book ""Flaubert's Parrot""?",Julian Barnes
"Who is the author of the book ""Paris""?",Edward Rutherfurd
"Who is the author of the book ""Henry VIII""?",William Shakespeare
"Who is the author of the book ""A Discovery of Witches""?",Deborah Harkness
"Who is the author of the book ""Collected Shorter Plays""?",Samuel Beckett
"Who is the author of the book ""Experience the Impossible: Simple Ways to Unleash Heaven's Power on Earth""?",Bill Johnson
"Who is the author of the book ""Once Upon a Time""?",Francine Pascal
"Who is the author of the book ""The Footprints of God: A Novel""?",Greg Iles
"Who is the author of the book ""The Sagan Diary""?",John Scalzi
"Who is the author of the book ""Light""?",M. John Harrison
"Who is the author of the book ""V for Vendetta, Vol. III of X""?",Alan Moore
"Who is the author of the book ""Across the Wall: A Tale of the Abhorsen and Other Stories""?",Garth Nix
"Who is the author of the book ""Carry On""?",Rainbow Rowell
"Who is the author of the book ""Imperfect Birds""?",Anne Lamott
"Who is the author of the book ""Enchantments""?",Kathryn Harrison
"Who is the author of the book ""Fullmetal Alchemist""?",Hiromu Arakawa
"Who is the author of the book ""Jonathan Livingston Seagull: A story""?",Richard Bach
"Who is the author of the book ""Dance of the Happy Shades""?",Alice Munro
"Who is the author of the book ""The Work of Christ: What the Events of Jesus' Life Mean for You""?",R.C. Sproul
"Who is the author of the book ""The Value of X""?",Poppy Z. Brite
"Who is the author of the book ""My Nine Lives: Chapters of a Possible Past""?",Ruth Prawer Jhabvala
"Who is the author of the book ""The Best Horror of the Year: 2""?",Ellen Datlow
"Who is the author of the book ""William Shakespeare""?",Victor Hugo
"Who is the author of the book ""The Goddess Rules""?",Clare Naylor
"Who is the author of the book ""Who Will Cry When You Die?: Life Lessons From The Monk Who Sold His Ferrari""?",Robin S. Sharma
"Who is the author of the book ""Gone For Soldiers""?",Jeff Shaara
"Who is the author of the book ""Poseidon's Arrow""?",Clive Cussler
"Who is the author of the book ""Surprised by Suffering""?",R.C. Sproul
"Who is the author of the book ""Wir Philologen - Friedrich Nietzsche: Wir Philologen Friedrich Nietzsche Volltext""?",Friedrich Wilhelm Nietzsche
"Who is the author of the book ""Wild Ride""?",Jennifer Crusie
"Who is the author of the book ""No Ordinary Love""?",Mary Balogh
"Who is the author of the book ""Men in the Off Hours""?",Anne Carson
"Who is the author of the book ""No In Between""?",Lisa Renee Jones
"Who is the author of the book ""Vingt mille lieues sous les mers : tome 2""?",Jules Verne
"Who is the author of the book ""The Fry Chronicles""?",Stephen Fry
"Who is the author of the book ""This Storm""?",James Ellroy
"Who is the author of the book ""Underdogs""?",Markus Zusak
"Who is the author of the book ""Onward: Cultivating Emotional Resilience in Educators""?",Elena Aguilar
"Who is the author of the book ""Throwing the Elephant""?",Stanley Bing
"Who is the author of the book ""The Bermudez Triangle""?",Maureen Johnson
"Who is the author of the book ""Sherlock Holmes""?",Arthur Conan Doyle
"Who is the author of the book ""The Complete Works of Ralph Waldo Emerson & Henry David Thoreau""?",Ralph Waldo Emerson
"Who is the author of the book ""How to Be a Heroine: Or, What I've Learned from Reading too Much""?",Samantha Ellis
"Who is the author of the book ""Engineering Infinity""?",Charles Stross
"Who is the author of the book ""The Elfstones of Shannara""?",Terry Brooks
"Who is the author of the book ""Woman Hater""?",Diana Palmer
"Who is the author of the book ""The Great Escape: Health, Wealth, and the Origins of Inequality""?",Angus Deaton
"Who is the author of the book ""A Walk in Wolf Wood""?",Mary Stewart
"Who is the author of the book ""Major Trends in Jewish Mysticism""?",Gershom Scholem
"Who is the author of the book ""The Intellectual Origins of the European Reformation""?",Alister E. McGrath
"Who is the author of the book ""The Kiss""?",Danielle Steel
"Who is the author of the book ""The Open Boat and Other Stories""?",Stephen Crane
"Who is the author of the book ""Leaving""?",Karen Kingsbury
"Who is the author of the book ""City of Golden Shadow""?",Tad Williams
"Who is the author of the book ""United States of Banana""?",Giannina Braschi
"Who is the author of the book ""No Is Not Enough: Resisting Trump’s Shock Politics and Winning the World We Need""?",Naomi Klein
"Who is the author of the book ""Total Recall""?",Philip K. Dick
"Who is the author of the book ""Roger's Profanisaurus: The Magna Farta.""?",VIZ
"Who is the author of the book ""Maigret in New York: Inspector Maigret #27""?",Georges Simenon
"Who is the author of the book ""Sidney Sheldon's The Tides of Memory""?",Sidney Sheldon
"Who is the author of the book ""Ruth: Under the Wings of God""?",John Piper
"Who is the author of the book ""Go Pro - 7 Steps to Becoming a Network Marketing Professional""?",Eric Worre
"Who is the author of the book ""Everybody's Fool""?",Richard Russo
"Who is the author of the book ""The Wrong Highlander""?",Lynsay Sands
"Who is the author of the book ""Of Human Freedom""?",Epictetus
"Who is the author of the book ""Until the End""?",Christopher Pike
"Who is the author of the book ""Don't Look Back""?",Jennifer L. Armentrout
"Who is the author of the book ""The Quest""?",Nelson DeMille
"Who is the author of the book ""Get Me Out of Here: My Recovery from Borderline Personality Disorder""?",Rachel Reiland
"Who is the author of the book ""Twelve Ordinary Men""?",John F. MacArthur Jr.
"Who is the author of the book ""Yon Ill Wind""?",Piers Anthony
"Who is the author of the book ""The Hunt for Red October""?",Tom Clancy
"Who is the author of the book ""Written in My Own Heart's Blood""?",Diana Gabaldon
"Who is the author of the book ""Choose Love Book of Prayers""?",Stormie Omartian
"Who is the author of the book ""The Fourth Durango""?",Ross Thomas
"Who is the author of the book ""The Spider's War""?",Daniel Abraham
"Who is the author of the book ""The Frightful First World War""?",Terry Deary
"Who is the author of the book ""Traité sur la tolérance, à l'occasion de la mort de Jean Calas""?",Voltaire
"Who is the author of the book ""Alec Baldwin Doesn't Love Me and Other Trials from My Queer Life""?",Michael Thomas Ford
"Who is the author of the book ""Dreaming in French: The Paris Years of Jacqueline Bouvier Kennedy, Susan Sontag, and Angela Davis""?",Alice Kaplan
"Who is the author of the book ""Oz: The Complete Collection""?",L. Frank Baum
"Who is the author of the book ""Number9Dream""?",David Mitchell
"Who is the author of the book ""The Duchess of Malfi""?",John Webster
"Who is the author of the book ""An Event in Autumn: A Kurt Wallander Mystery""?",Henning Mankell
"Who is the author of the book ""Was the Cat in the Hat Black?: The Hidden Racism of Children's Literature, and the Need for Diverse Books""?",Philip Nel
"Who is the author of the book ""Las leyes de la frontera""?",Javier Cercas
"Who is the author of the book ""Demonic: How the Liberal Mob is Endangering America""?",Ann Coulter
"Who is the author of the book ""In the Wind""?",Bijou Hunter
"Who is the author of the book ""The Possessed""?",Fyodor Dostoyevsky
"Who is the author of the book ""Rick Bet Blank""?",Jarod Kintz
"Who is the author of the book ""Miramar""?",Naguib Mahfouz
"Who is the author of the book ""From Cliche To Archetype""?",Marshall McLuhan
"Who is the author of the book ""The Little Paris Bookshop""?",Nina George
"Who is the author of the book ""The Love of the Last Tycoon""?",F. Scott Fitzgerald
"Who is the author of the book ""How They Met, and Other Stories""?",David Levithan
"Who is the author of the book ""The Assassination of Julius Caesar: A People's History of Ancient Rome""?",Michael Parenti
"Who is the author of the book ""Moonlit Nights""?",Jacob Parr
"Who is the author of the book ""Love Out Loud: 365 Devotions for Loving God, Loving Yourself and Loving Others""?",Joyce Meyer
"Who is the author of the book ""The Blue Girl""?",Charles De Lint
"Who is the author of the book ""The Respectable Prostitute/Lucifer and the Lord/In Camera""?",Jean-Paul Sartre
"Who is the author of the book ""Letters of Elizabeth Barrett Browning to Mary Russell Mitford, 1836-1854""?",Elizabeth Barrett Browning
"Who is the author of the book ""The Novel: An Alternative History: Beginnings to 1600""?",Steven Moore
"Who is the author of the book ""Otra vez el mar""?",Reinaldo Arenas
"Who is the author of the book ""The Last Continent""?",Terry Pratchett
"Who is the author of the book ""The Metaphysical Club""?",Louis Menand
"Who is the author of the book ""The First Four Years""?",Laura Ingalls Wilder
"Who is the author of the book ""Endangered Species""?",Gene Wolfe
"Who is the author of the book ""On Becoming a Leader Revised Edition""?",Warren G. Bennis
"Who is the author of the book ""Kissing Fish: christianity for people who don't like christianity""?",Roger Wolsey
"Who is the author of the book ""The Half Has Never Been Told: Slavery and the Making of American Capitalism""?",Edward E. Baptist
"Who is the author of the book ""Julieta: Three Stories That Inspired the Movie""?",Alice Munro
"Who is the author of the book ""Why Orwell Matters""?",Christopher Hitchens
"Who is the author of the book ""Fanshawe""?",Nathaniel Hawthorne
"Who is the author of the book ""Tender Triumph""?",Judith McNaught
"Who is the author of the book ""Love Never Dies""?",Christina Dodd
"Who is the author of the book ""Magellan""?",Stefan Zweig
"Who is the author of the book ""Operation Goodwood""?",Sara Sheridan
"Who is the author of the book ""Holy Skirts: A Novel of a Flamboyant Woman Who Risked All for Art""?",Rene Steinke
"Who is the author of the book ""Sex God: Exploring the Endless Connections Between Sexuality and Spirituality""?",Rob Bell
"Who is the author of the book ""The Fermata""?",Nicholson Baker
"Who is the author of the book ""Changed Into His Likeness""?",Watchman Nee
"Who is the author of the book ""Suzanne's Diary for Nicholas""?",James Patterson
"Who is the author of the book ""Odd and the Frost Giants""?",Neil Gaiman
"Who is the author of the book ""Friday Night Lights: A Town, a Team, and a Dream""?",H.G. Bissinger
"Who is the author of the book ""Elite""?",Mercedes Lackey
"Who is the author of the book ""Hide and Seek""?",Ian Rankin
"Who is the author of the book ""Oh, The Places You'll Go!""?",Dr. Seuss
"Who is the author of the book ""Josephine the Singer, or the Mouse Folk""?",Franz Kafka
"Who is the author of the book ""Keto Clarity: Your Definitive Guide to the Benefits of a Low-Carb, High-Fat Diet""?",Jimmy Moore
"Who is the author of the book ""The Water Room""?",Christopher Fowler
"Who is the author of the book ""Only Beloved""?",Mary Balogh
"Who is the author of the book ""Daily Habits: How To Win Your Day: Your Days Define Your Destiny""?",Prashanth Savanur
"Who is the author of the book ""Dragon and Soldier""?",Timothy Zahn
"Who is the author of the book ""Club Dead""?",Charlaine Harris
"Who is the author of the book ""Manalive""?",G.K. Chesterton
"Who is the author of the book ""A Love to Call Her Own""?",Marilyn Pappano
"Who is the author of the book ""Deliver Us from Evil""?",David Baldacci
"Who is the author of the book ""De amor y sombra""?",Isabel Allende
"Who is the author of the book ""Family First: Your Step-by-Step Plan for Creating a Phenomenal Family""?",Phillip C. McGraw
"Who is the author of the book ""White""?",Bret Easton Ellis
"Who is the author of the book ""Nate Saint: Operation Auca""?",Nancy Drummond
"Who is the author of the book ""Great novelists and their novels;: Essays on the ten greatest novels of the world, and the men and women who wrote them""?",W. Somerset Maugham
"Who is the author of the book ""Jason""?",Laurell K. Hamilton
"Who is the author of the book ""Eight or Nine Wise Words about Letter-Writing""?",Lewis Carroll
"Who is the author of the book ""History of the Jews""?",Paul Johnson
"Who is the author of the book ""The Money Culture""?",Michael Lewis
"Who is the author of the book ""The Pursuit of Marriage""?",Victoria Alexander
"Who is the author of the book ""Blossom Street Brides""?",Debbie Macomber
"Who is the author of the book ""Motown: Music, Money, Sex, and Power""?",Gerald Posner
"Who is the author of the book ""UNDER THE VOLCANO""?",Malcolm Lowry
"Who is the author of the book ""The Case for Trump""?",Victor Davis Hanson
"Who is the author of the book ""1776""?",David McCullough
"Who is the author of the book ""A Year in Provence""?",Peter Mayle
"Who is the author of the book ""The Annotated Alice: The Definitive Edition""?",Lewis Carroll
"Who is the author of the book ""The Ragged Trousered Philanthropists""?",Robert Tressell
"Who is the author of the book ""Time to Murder and Create""?",Lawrence Block
"Who is the author of the book ""The Great American Novel""?",Philip Roth
"Who is the author of the book ""Code Name Cassandra""?",Meg Cabot
"Who is the author of the book ""Babysitter's Club Collection (Books 1-4)""?",Ann M. Martin
"Who is the author of the book ""South of the Border, West of the Sun""?",Haruki Murakami
"Who is the author of the book ""NIV/The Message Parallel Bible""?",Anonymous
"Who is the author of the book ""Introducing Philosophy Through Pop Culture: From Socrates to South Park, Hume to House""?",William Irwin
"Who is the author of the book ""Masterly Batting: 100 Great Test Innings""?",David Frith
"Who is the author of the book ""Trick or Treatment: The Undeniable Facts about Alternative Medicine""?",Simon Singh
"Who is the author of the book ""Running Barefoot""?",Amy Harmon
"Who is the author of the book ""The Hot Zone: The Terrifying True Story of the Origins of the Ebola Virus""?",Richard Preston
"Who is the author of the book ""The Snow Spider""?",Jenny Nimmo
"Who is the author of the book ""Hellhole""?",Brian Herbert
"Who is the author of the book ""Psychology and the Occult""?",C.G. Jung
"Who is the author of the book ""Crunch Time""?",Diane Mott Davidson
"Who is the author of the book ""To Green Angel Tower, Part 2""?",Tad Williams
"Who is the author of the book ""ACCESS DENIED For Reasons Of National Security: Documented Journey From CIA Mind Control Slave To U.S. Government Whistleblower""?",Cathy O'Brien
"Who is the author of the book ""Act Natural: A Cultural History of Misadventures in Parenting""?",Jennifer Traig
"Who is the author of the book ""Year of Yes: How to Dance It Out, Stand In the Sun and Be Your Own Person""?",Shonda Rhimes
"Who is the author of the book ""Coyote's Mate""?",Lora Leigh
"Who is the author of the book ""Cold-Hearted Rake""?",Lisa Kleypas
"Who is the author of the book ""Her Last Goodbye""?",Melinda Leigh
"Who is the author of the book ""How to Cure a Fanatic""?",Amos Oz
"Who is the author of the book ""The Hollow Men""?",T.S. Eliot
"Who is the author of the book ""Bob und wie er die Welt sieht: Neue Abenteuer mit dem Streuner""?",James Bowen
"Who is the author of the book ""A Scandal in Bohemia (Adventure)""?",Sir Arthur Conan Doyle
"Who is the author of the book ""The Fifth Column and Four Stories of the Spanish Civil War""?",Ernest Hemingway
"Who is the author of the book ""Prodigal Son""?",Danielle Steel
"Who is the author of the book ""El tango de la Guardia Vieja""?",Arturo Pérez-Reverte
"Who is the author of the book ""Henry V""?",Shakespeare William
"Who is the author of the book ""Love Show""?",Audrey Bell
"Who is the author of the book ""Hiroshima Mon Amour""?",Marguerite Duras
"Who is the author of the book ""Oracle Bones: A Journey Between China's Past and Present""?",Peter Hessler
"Who is the author of the book ""Electric Universe: How Electricity Switched on the Modern World""?",David Bodanis
"Who is the author of the book ""Broken Knight""?",L.J. Shen
"Who is the author of the book ""The Case of the Horrified Heirs""?",Erle Stanley Gardner
"Who is the author of the book ""Knulp""?",Hermann Hesse
"Who is the author of the book ""Facts Concerning The Late Arthur Jermyn and his Family""?",H.P. Lovecraft
"Who is the author of the book ""Forty Stories""?",Donald Barthelme
"Who is the author of the book ""The Complete Anas of Thomas Jefferson""?",Thomas Jefferson
"Who is the author of the book ""The End of Eternity""?",Isaac Asimov
"Who is the author of the book ""Easy Pickings""?",C.E. Murphy
"Who is the author of the book ""Woman and Nature: The Roaring Inside Her""?",Susan Griffin
"Who is the author of the book ""Breaking the Idols of Your Heart: How to Navigate the Temptations of Life""?",Dan B. Allender
"Who is the author of the book ""Moral Politics: How Liberals and Conservatives Think, Third Edition""?",George Lakoff
"Who is the author of the book ""Songs""?",Bruce Springsteen
"Who is the author of the book ""Paul: A Man of Grace and Grit""?",Charles R. Swindoll
"Who is the author of the book ""Your Blues Ain't Like Mine""?",Bebe Moore Campbell
"Who is the author of the book ""No Time to Say Goodbye: A Memoir of a Life in Foster Care""?",John William Tuohy
"Who is the author of the book ""The Curious Incident Of The Dog In The Night Time""?",Mark Haddon
"Who is the author of the book ""The Obsession""?",Nora Roberts
"Who is the author of the book ""Leroy Ninker Saddles Up""?",Kate DiCamillo
"Who is the author of the book ""You Know Where to Find Me""?",Rachel Cohn
"Who is the author of the book ""Shadow Keeper""?",Christine Feehan
"Who is the author of the book ""Nemesis Games""?",James S.A. Corey
"Who is the author of the book ""The Date Fruit Elegies""?",John Olivares Espinoza
"Who is the author of the book ""Books of the Western Canon: 797 Great Books by 204 Essential Authors""?",Harold Bloom
"Who is the author of the book ""The Golf Omnibus""?",P.G. Wodehouse
"Who is the author of the book ""Cosmic Horizons: Astronomy at the Cutting Edge""?",Neil deGrasse Tyson
"Who is the author of the book ""Family Album""?",Danielle Steel
"Who is the author of the book ""Unashamed""?",Lecrae Moore
"Who is the author of the book ""The Best Science Fiction and Fantasy of the Year, Volume 6""?",Libba Bray
"Who is the author of the book ""Men on Men 5: Best New Gay Fiction""?",David Rakoff
"Who is the author of the book ""Murder Mysteries""?",Neil Gaiman
"Who is the author of the book ""History of the Decline and Fall of the Roman Empire, Vol. 1""?",Edward Gibbon
"Who is the author of the book ""USA""?",Terry Deary
"Who is the author of the book ""Risked""?",Margaret Peterson Haddix
"Who is the author of the book ""Radical Freedom: A Guide to Authentic Living""?",Joan D. Chittister
"Who is the author of the book ""Jesus, Interrupted: Revealing the Hidden Contradictions in the Bible & Why We Don't Know About Them""?",Bart D. Ehrman
"Who is the author of the book ""Queen Margot, or Marguerite de Valois""?",Alexandre Dumas
"Who is the author of the book ""Food for Thought - 365 Christian Quotes to start your day with""?",Nicholas Appleyard
"Who is the author of the book ""My Invented Country: A Nostalgic Journey Through Chile""?",Isabel Allende
"Who is the author of the book ""The Confessions of Nat Turner""?",William Styron
"Who is the author of the book ""The Phoenix Endangered""?",Mercedes Lackey
"Who is the author of the book ""Purple Hibiscus""?",Chimamanda Ngozi Adichie
"Who is the author of the book ""Wild Magic""?",Tamora Pierce
"Who is the author of the book ""The Black Goddess and the Unseen Real: Our Uncommon Senses and Their Common Sense""?",Peter Redgrove
"Who is the author of the book ""The Haunted Mask II""?",R.L. Stine
"Who is the author of the book ""Mostly Harmless""?",Douglas Adams
"Who is the author of the book ""Mackenzie's Mountain""?",Linda Howard
"Who is the author of the book ""The Black Box""?",Michael Connelly
"Who is the author of the book ""Maine""?",J Courtney Sullivan
"Who is the author of the book ""En memoria de Paulina""?",Adolfo Bioy Casares
"Who is the author of the book ""Dagon et autres nouvelles de terreur""?",H.P. Lovecraft
"Who is the author of the book ""Walter Benjamin or Towards a Revolutionary Criticism""?",Terry Eagleton
"Who is the author of the book ""The Naughtiest Girl in the School""?",Enid Blyton
"Who is the author of the book ""A Question of Belief""?",Donna Leon
"Who is the author of the book ""Anne of Green Gables Boxed Set""?",L.M. Montgomery
"Who is the author of the book ""Shattered Bonds: The Color Of Child Welfare""?",Dorothy Roberts
"Who is the author of the book ""Ordeal by Innocence""?",Agatha Christie
"Who is the author of the book ""High Lonesome: Selected Stories, 1966-2006""?",Joyce Carol Oates
"Who is the author of the book ""The Attorney""?",Steve Martini
"Who is the author of the book ""Bleach, Volume 05""?",Tite Kubo
"Who is the author of the book ""Bloodhound""?",Tamora Pierce
"Who is the author of the book ""True Legend""?",Mike Lupica
"Who is the author of the book ""Be a People Person""?",John C. Maxwell
"Who is the author of the book ""The Impossible: A Story of Rats followed by Dianus and by The Oresteia""?",Georges Bataille
"Who is the author of the book ""The Passion""?",Jeanette Winterson
"Who is the author of the book ""Saving Faith""?",David Baldacci
"Who is the author of the book ""Player Piano""?",Kurt Vonnegut
"Who is the author of the book ""The Making of the English Working Class""?",E.P. Thompson
"Who is the author of the book ""Star Wars: The Clone Wars: No Prisoners""?",Karen Traviss
"Who is the author of the book ""Colombiano""?",Rusty Young
"Who is the author of the book ""Traitor to His Class: The Privileged Life and Radical Presidency of Franklin Delano Roosevelt""?",H.W. Brands
"Who is the author of the book ""Euclid's Window: The Story of Geometry from Parallel Lines to Hyperspace""?",Leonard Mlodinow
"Who is the author of the book ""Rhinoceros and Other Plays""?",Eugène Ionesco
"Who is the author of the book ""Leap""?",Terry Tempest Williams
"Who is the author of the book ""Dombey and Son""?",Charles Dickens
"Who is the author of the book ""Les Misérables: Volume Two""?",Victor Hugo
"Who is the author of the book ""True Light""?",Terri Blackstock
"Who is the author of the book ""Strange Girl""?",Christopher Pike
"Who is the author of the book ""The Freedom Maze""?",Delia Sherman
"Who is the author of the book ""Flashman in the Great Game: A Novel""?",George MacDonald Fraser
"Who is the author of the book ""Population Control: How Corporate Owners Are Killing Us""?",Jim Marrs
"Who is the author of the book ""Perchance to Dream""?",Lisa Mantchev
"Who is the author of the book ""Circle of Gold""?",Diana Palmer
"Who is the author of the book ""Polar Bears""?",Mark Haddon
"Who is the author of the book ""Ride the Dark Trail""?",Louis L'Amour
"Who is the author of the book ""Momentos estelares de la humanidad: Catorce miniaturas históricas""?",Stefan Zweig
"Who is the author of the book ""Big Jack""?",J.D. Robb
"Who is the author of the book ""Lost Memory of Skin""?",Russell Banks
"Who is the author of the book ""A Fifty-Year Silence: Love, War, and a Ruined House in France""?",Miranda Richmond Mouillot
"Who is the author of the book ""Foundation's Edge""?",Isaac Asimov
"Who is the author of the book ""A Traveller in Romance: Uncollected Writings, 1901-1964""?",W. Somerset Maugham
"Who is the author of the book ""Dark Magic""?",Christine Feehan
"Who is the author of the book ""Guardian Demon""?",Meljean Brook
"Who is the author of the book ""Dream on""?",Sarah Mlynowski
"Who is the author of the book ""Bleach―ブリーチ― 41 [Burīchi 41]""?",Tite Kubo
"Who is the author of the book ""Kill Shot""?",Vince Flynn
"Who is the author of the book ""God's Debris: A Thought Experiment""?",Scott Adams
"Who is the author of the book ""Mockingbird Wish Me Luck""?",Charles Bukowski
"Who is the author of the book ""No Excuses!""?",Wayne W. Dyer
"Who is the author of the book ""Valiant: A Modern Tale of Faerie""?",Holly Black
"Who is the author of the book ""The Devil Finds Work""?",James Baldwin
"Who is the author of the book ""Courtesan""?",Diane Haeger
"Who is the author of the book ""Christine Feehan Ghostwalkers Novels 6-9""?",Christine Feehan
"Who is the author of the book ""Shock!""?",Graham Greene
"Who is the author of the book ""CliffsNotes on Heller's Catch-22""?",Joseph Heller
"Who is the author of the book ""Job: A Comedy of Justice""?",Robert A. Heinlein
"Who is the author of the book ""Fate Knows Best""?",Alanea Alder
"Who is the author of the book ""Tools of Titans: The Tactics, Routines, and Habits of Billionaires, Icons, and World-Class Performers""?",Timothy Ferriss
"Who is the author of the book ""The Elements of Expression: Putting Thoughts into Words""?",Arthur Plotnik
"Who is the author of the book ""Murphy""?",Samuel Beckett
"Who is the author of the book ""The Beatles: The Biography""?",Bob Spitz
"Who is the author of the book ""A Stricken Field""?",Martha Gellhorn
"Who is the author of the book ""Trentatré""?",Mirya
"Who is the author of the book ""The Story of Ireland: A History of the Irish People""?",Neil Hegarty
"Who is the author of the book ""Strange Pilgrims""?",Gabriel Garcí­a Márquez
"Who is the author of the book ""Técnicas prohibidas de Persuasión, manipulación e influencia usando patrones de lenguaje y técnicas de PNL (2a Edición): Cómo persuadir, influenciar y ... patrones de lenguaje y PNL""?",Steve Allen
"Who is the author of the book ""Thrive""?",Krista Ritchie
"Who is the author of the book ""Anne of Green Gables: 13 Books [Annotated]""?",L.M. Montgomery
"Who is the author of the book ""Reasons to Live""?",Amy Hempel
"Who is the author of the book ""Things I Wish I'd Known Before We Got Married""?",Gary Chapman
"Who is the author of the book ""The Science of Sherlock Holmes: From Baskerville Hall to the Valley of Fear, the Real Forensics Behind the Great Detective's Greatest Cases""?",E.J. Wagner
"Who is the author of the book ""The Man Who Came Uptown""?",George Pelecanos
"Who is the author of the book ""Georgette Heyer""?",Jennifer Kloester
"Who is the author of the book ""A New History of Western Philosophy""?",Anthony Kenny
"Who is the author of the book ""The Absolutist""?",John Boyne
"Who is the author of the book ""Dead Man's Folly""?",Agatha Christie
"Who is the author of the book ""Los barcos se pierden en tierra: Textos y artículos sobre barcos, mares y marinos""?",Arturo Pérez-Reverte
"Who is the author of the book ""The Bloody Chamber and Other Stories""?",Angela Carter
"Who is the author of the book ""The Queen of Kentucky""?",Alecia Whitaker
"Who is the author of the book ""I Sing the Body Electric! & Other Stories""?",Ray Bradbury
"Who is the author of the book ""Annie's Baby: The Diary of Anonymous, A Pregnant Teenager""?",Beatrice Sparks
"Who is the author of the book ""Unto Us a Son Is Given""?",Donna Leon
"Who is the author of the book ""A Host of Furious Fancies""?",Mercedes Lackey
"Who is the author of the book ""Devil's Gate""?",Clive Cussler
"Who is the author of the book ""9 Letters""?",Blake Austin
"Who is the author of the book ""Join Me!""?",Danny Wallace
"Who is the author of the book ""Must Love Dragons""?",Stephanie Rowe
"Who is the author of the book ""The Crimson Petal And The White""?",Michel Faber
"Who is the author of the book ""Thunderball""?",Ian Fleming
"Who is the author of the book ""Fireflies""?",David Morrell
"Who is the author of the book ""Keep It Shut: What to Say, How to Say It, and When to Say Nothing at All""?",Karen Ehman
"Who is the author of the book ""The Outsiders""?",S. E. Hinton
"Who is the author of the book ""Defending Your Faith: An Introduction to Apologetics""?",R.C. Sproul
"Who is the author of the book ""In the Beginning: The Story of the King James Bible and How It Changed a Nation, a Language, and a Culture""?",Alister E. McGrath
"Who is the author of the book ""Bryant & May and The Bleeding Heart""?",Christopher Fowler
"Who is the author of the book ""War and Peace""?",Leo Tolstoy
"Who is the author of the book ""Changes in the Land: Indians, Colonists, and the Ecology of New England""?",William Cronon
"Who is the author of the book ""The Right Moves""?",Emma Hart
"Who is the author of the book ""His Last Bow""?",Arthur Conan Doyle
"Who is the author of the book ""Messenger of Truth""?",Jacqueline Winspear
"Who is the author of the book ""Evil Under the Sun""?",Agatha Christie
"Who is the author of the book ""Born in the USA: How a Broken Maternity System Must Be Fixed to Put Women and Children First""?",Marsden Wagner
"Who is the author of the book ""Help Thanks Wow: The Three Essential Prayers""?",Anne Lamott
"Who is the author of the book ""The End of the World News""?",Anthony Burgess
"Who is the author of the book ""Jane Austen For Dummies""?",Joan Elizabeth Klingel Ray
"Who is the author of the book ""Fevre Dream""?",George R.R. Martin
"Who is the author of the book ""The Faerie Queene""?",Edmund Spenser
"Who is the author of the book ""Caroline: Little House, Revisited""?",Sarah Miller
"Who is the author of the book ""The Art of Action: 8 Ways to Initiate & Activate Forward Momentum for Positive Impact""?",Susan C. Young
"Who is the author of the book ""The Fall of a Sparrow""?",Robert Hellenga
"Who is the author of the book ""The Porn Critic""?",Jonathan Lethem
"Who is the author of the book ""Kitchen Confidential: Adventures in the Culinary Underbelly""?",Anthony Bourdain
"Who is the author of the book ""Van je familie moet je het hebben""?",David Sedaris
"Who is the author of the book ""A Feast For Crows""?",George R.R. Martin
"Who is the author of the book ""Shopaholic to the Rescue""?",Sophie Kinsella
"Who is the author of the book ""The Little Drummer Girl""?",John le Carré
"Who is the author of the book ""The Heaviest Corner on Earth""?",Nadria Tucker
"Who is the author of the book ""Valley of Silence""?",Nora Roberts
"Who is the author of the book ""The Crisis of Islam: Holy War and Unholy Terror""?",Bernard Lewis
"Who is the author of the book ""Alchemical Studies""?",C.G. Jung
"Who is the author of the book ""Destination Void""?",Frank Herbert
"Who is the author of the book ""The Book of Man: Readings on the Path to Manhood""?",William J. Bennett
"Who is the author of the book ""The Sum of Our Days: A Memoir""?",Isabel Allende
"Who is the author of the book ""As the Pig Turns""?",M.C. Beaton
"Who is the author of the book ""Shibumi""?",Trevanian
"Who is the author of the book ""Rogue Lawyer""?",John Grisham
"Who is the author of the book ""Bhagavad-gita As It Is""?",Anonymous
"Who is the author of the book ""Slapstick, or Lonesome No More!""?",Kurt Vonnegut
"Who is the author of the book ""The Cypress House""?",Michael Koryta
"Who is the author of the book ""A Ponte para a eternidade""?",Richard Bach
"Who is the author of the book ""No Man's Mistress""?",Mary Balogh
"Who is the author of the book ""Believing God Day by Day: Growing Your Faith All Year Long""?",Beth Moore
"Who is the author of the book ""In Pharaoh's Army: Memories of the Lost War""?",Tobias Wolff
"Who is the author of the book ""The CIA Doctors: Human Rights Violations By American Psychiatrists""?",Colin A. Ross
"Who is the author of the book ""Bleach―ブリーチ― 53 [Burīchi 53]""?",Tite Kubo
"Who is the author of the book ""Discipline Without Damage: How to Get Your Kids to Behave Without Messing Them Up""?",Vanessa Lapointe
"Who is the author of the book ""The Sweetness at the Bottom of the Pie""?",Alan Bradley
"Who is the author of the book ""Being a Dad Who Leads""?",John F. MacArthur Jr.
"Who is the author of the book ""The Holy or the Broken""?",Alan Light
"Who is the author of the book ""The Coldest Girl in Coldtown: Free Preview Edition: The First 8 Chapters""?",Holly Black
"Who is the author of the book ""Saint Thomas Aquinas and Saint Francis of Assisi""?",G. K. Chesterton
"Who is the author of the book ""The Power Of Babel: A Natural History of Language""?",John McWhorter
"Who is the author of the book ""The Anne Stories (Anne of Green Gables, #1-3, 5, 7-8)""?",L.M. Montgomery
"Who is the author of the book ""The Virgin's Lover""?",Philippa Gregory
"Who is the author of the book ""Long Quiet Highway: Waking Up in America""?",Natalie Goldberg
"Who is the author of the book ""Soldiers Three""?",Rudyard Kipling
"Who is the author of the book ""The Witness""?",Nora Roberts
"Who is the author of the book ""Marley and Me: Life and Love With the World's Worst Dog""?",John Grogan
"Who is the author of the book ""The Flowers of Evil & Paris Spleen""?",Charles Baudelaire
"Who is the author of the book ""How to Ruin My Teenage Life""?",Simone Elkeles
"Who is the author of the book ""The Children of Abraham: Judaism, Christianity, Islam""?",F.E. Peters
"Who is the author of the book ""Jim Butcher's The Dresden Files: Storm Front, Volume 1: The Gathering Storm""?",Jim Butcher
"Who is the author of the book ""The Complete Little Women Series""?",Louisa May Alcott
"Who is the author of the book ""Summa Philosophica""?",Peter Kreeft
"Who is the author of the book ""The Works of Gilbert Keith Chesterton""?",G.K. Chesterton
"Who is the author of the book ""Gentle Warrior""?",Julie Garwood
"Who is the author of the book ""The Irrational Season""?",Madeleine L'Engle
"Who is the author of the book ""The Daemon Knows: Literary Greatness and the American Sublime""?",Harold Bloom
"Who is the author of the book ""Super Structure: The Key to Unleashing the Power of Story""?",James Scott Bell
"Who is the author of the book ""The Cat in the Hat""?",Dr. Seuss
"Who is the author of the book ""The Bell""?",Iris Murdoch
"Who is the author of the book ""She's the Boss""?",Lisa Lim
"Who is the author of the book ""The Book of Merlyn""?",T.H. White
"Who is the author of the book ""Winter: Five Windows on the Season""?",Adam Gopnik
"Who is the author of the book ""Flowers of Evil and Other Works/Les Fleurs du Mal et Oeuvres Choisies : A Dual-Language Book (Dover Foreign Language Study Guides)""?",Charles Baudelaire
"Who is the author of the book ""The Confessions of Saint Augustine""?",Saint Augustine of Hippo
"Who is the author of the book ""A Summer to Die""?",Lois Lowry
"Who is the author of the book ""Jack of Spades""?",Joyce Carol Oates
"Who is the author of the book ""Bel Canto""?",Ann Patchett
"Who is the author of the book ""The Collected Poetry of Malcolm Lowry""?",Malcolm Lowry
"Who is the author of the book ""Traitors' Gate""?",Kate Elliott
"Who is the author of the book ""Death of a Celebrity""?",M.C. Beaton
"Who is the author of the book ""Lords And Ladies""?",Terry Pratchett
"Who is the author of the book ""The Lion Hunter""?",Elizabeth Wein
"Who is the author of the book ""A Short, Sharp Shock""?",Kim Stanley Robinson
"Who is the author of the book ""Discourse on the Origin of Inequality""?",Jean-Jacques Rousseau
"Who is the author of the book ""Maverick""?",Lora Leigh
"Who is the author of the book ""Killing Floor""?",Lee Child
"Who is the author of the book ""Sherlock Holmes: The Complete Novels and Stories, Volume I""?",Arthur Conan Doyle
"Who is the author of the book ""Dead Witch Walking""?",Kim Harrison
"Who is the author of the book ""Straw for the Fire: From the Notebooks of Theodore Roethke""?",Theodore Roethke
"Who is the author of the book ""The Secret Island""?",Enid Blyton
"Who is the author of the book ""The End of the Beginning: Being the Adventures of a Small Snail""?",Avi
"Who is the author of the book ""Naughtiest Girl Collection""?",Enid Blyton
"Who is the author of the book ""Christmas Revels""?",Mary Jo Putney
"Who is the author of the book ""Personal Development for Smart People: The Conscious Pursuit of Personal Growth""?",Steve Pavlina
"Who is the author of the book ""Out of Africa / Shadows on the Grass""?",Isak Dinesen
"Who is the author of the book ""The Protector's War""?",S.M. Stirling
"Who is the author of the book ""Shakespeare Wrote for Money""?",Nick Hornby
"Who is the author of the book ""Interzone""?",William S. Burroughs
"Who is the author of the book ""Odas de Ricardo Reis""?",Fernando Pessoa
"Who is the author of the book ""The Jesus I Never Knew""?",Philip Yancey
"Who is the author of the book ""Afterworlds""?",Scott Westerfeld
"Who is the author of the book ""Hold Me Tight: Seven Conversations for a Lifetime of Love""?",Sue Johnson
"Who is the author of the book ""Free Fall in Crimson""?",John D. MacDonald
"Who is the author of the book ""Rita Hayworth and Shawshank Redemption: A Story from Different Seasons""?",Stephen King
"Who is the author of the book ""Rudyard Kipling's Tales of Horror and Fantasy""?",Rudyard Kipling
"Who is the author of the book ""Into the Garden""?",V.C. Andrews
"Who is the author of the book ""Rise of a Merchant Prince""?",Raymond E. Feist
"Who is the author of the book ""Heir of Novron""?",Michael J. Sullivan
"Who is the author of the book ""The Demon-Haunted World: Science as a Candle in the Dark""?",Carl Sagan
"Who is the author of the book ""Manage Your Day-To-Day: Build Your Routine, Find Your Focus, and Sharpen Your Creative Mind""?",Jocelyn K. Glei
"Who is the author of the book ""Aftermath""?",Peter Robinson
"Who is the author of the book ""The Beggar, The Thief and the Dogs, Autumn Quail""?",Naguib Mahfouz
"Who is the author of the book ""The Same Stuff as Stars""?",Katherine Paterson
"Who is the author of the book ""Race Matters""?",Cornel West
"Who is the author of the book ""Boss Man""?",Diana Palmer
"Who is the author of the book ""Why I Left Harry's All-Night Hamburgers""?",Lawrence Watt-Evans
"Who is the author of the book ""The Callahan Touch""?",Spider Robinson
"Who is the author of the book ""The Innovator's Dilemma with Award-Winning Harvard Business Review Article ?how Will You Measure Your Life""?",Clayton M. Christensen
"Who is the author of the book ""Your Presentation is a Joke: Using Humor to Maximize Your Impact""?",Marshall Chiles
"Who is the author of the book ""Breaking Open the Head: A Psychedelic Journey into the Heart of Contemporary Shamanism""?",Daniel Pinchbeck
"Who is the author of the book ""The Tyranny of Experts: Economists, Dictators, and the Forgotten Rights of the Poor""?",William Easterly
"Who is the author of the book ""Bellwether""?",Connie Willis
"Who is the author of the book ""Watch Wolf""?",Kathryn Lasky
"Who is the author of the book ""Independence Day: Bascombe Trilogy (2)""?",Richard Ford
"Who is the author of the book ""Madam, Will You Talk?""?",Mary Stewart
"Who is the author of the book ""Black Dogs""?",Ian McEwan
"Who is the author of the book ""Revolutions in Reverse: Essays on Politics, Violence, Art, and Imagination""?",David Graeber
"Who is the author of the book ""The Shelfless Book: How We Made Our First Million on Kindle""?",Bob Mayer
"Who is the author of the book ""One Summer: America 1927""?",Bill Bryson
"Who is the author of the book ""Maggie's Dad""?",Diana Palmer
"Who is the author of the book ""Low Midnight""?",Carrie Vaughn
"Who is the author of the book ""The Science of Meditation: How to Change Your Brain, Mind and Body""?",Daniel Goleman
"Who is the author of the book ""Friends Divided: John Adams and Thomas Jefferson""?",Gordon S. Wood
"Who is the author of the book ""Losing Mum and Pup""?",Christopher Buckley
"Who is the author of the book ""Annihilation""?",Drew Karpyshyn
"Who is the author of the book ""My Life as an Experiment""?",A.J. Jacobs
"Who is the author of the book ""Be Careful What You Wish For""?",Jeffrey Archer
"Who is the author of the book ""Proofiness: The Dark Arts of Mathematical Deception""?",Charles Seife
"Who is the author of the book ""Good Husband Material""?",Susan Mallery
"Who is the author of the book ""El Ingenioso Hidalgo Don Quijote de La Mancha, 15""?",Miguel de Cervantes Saavedra
"Who is the author of the book ""The Beginning""?",Catherine Coulter
"Who is the author of the book ""The Rise and Fall of the Great Powers""?",Paul Kennedy
"Who is the author of the book ""Space""?",James A. Michener
"Who is the author of the book ""We Are Always Watching""?",Hunter Shea
"Who is the author of the book ""Saint""?",A. Zavarelli
"Who is the author of the book ""The Athena Project""?",Brad Thor
"Who is the author of the book ""Virtual Unreality: Just Because the Internet Told You, How Do You Know It's True?""?",Charles Seife
"Who is the author of the book ""Swimming Lessons""?",Mary Alice Monroe
"Who is the author of the book ""The Spiral Dance: A Rebirth of the Ancient Religions of the Great Goddess""?",Starhawk
"Who is the author of the book ""Elske""?",Cynthia Voigt
"Who is the author of the book ""Another Life: A Memoir of Other People""?",Michael Korda
"Who is the author of the book ""Autumn Bones""?",Jacqueline Carey
"Who is the author of the book ""Skin in the Game: The Hidden Asymmetries in Daily Life""?",Nassim Nicholas Taleb
"Who is the author of the book ""Absaroka Ambush / Courage of the Mountain Man""?",William W. Johnstone
"Who is the author of the book ""Paper Girls, Vol. 6""?",Brian K. Vaughan
"Who is the author of the book ""You Can Understand The Bible: A Practical Guide to Each Book in the Bible""?",Peter Kreeft
"Who is the author of the book ""Fire Study""?",Maria V. Snyder
"Who is the author of the book ""Jimmy Corrigan: El Chico más Listo del Mundo""?",Chris Ware
"Who is the author of the book ""A Stillness at Appomattox: The Army of the Potomac Trilogy""?",Bruce Catton
"Who is the author of the book ""Healing and Recovery""?",David R. Hawkins
"Who is the author of the book ""Pathfinder""?",Orson Scott Card
"Who is the author of the book ""Bir Cöküsün Öyküsü""?",Stefan Zweig
"Who is the author of the book ""Mere Apologetics: How to Help Seekers and Skeptics Find Faith""?",Alister E. McGrath
"Who is the author of the book ""The Solace Of Leaving Early""?",Haven Kimmel
"Who is the author of the book ""Piercing the Darkness""?",Frank E. Peretti
"Who is the author of the book ""Like Love""?",Ed McBain
"Who is the author of the book ""God's Generals Why They Succeeded and Why Some Fail""?",Roberts Liardon
"Who is the author of the book ""Song of the Silent Snow""?",Hubert Selby Jr.
"Who is the author of the book ""A Day to Pick Your Own Cotton""?",Michael R. Phillips
"Who is the author of the book ""Whiskey Tango Foxtrot""?",David Shafer
"Who is the author of the book ""Cleopatra""?",H. Rider Haggard
"Who is the author of the book ""Angel's Peak""?",Robyn Carr
"Who is the author of the book ""When Baghdad Ruled the Muslim World: The Rise and Fall of Islam's Greatest Dynasty""?",Hugh Kennedy
"Who is the author of the book ""Psychology of the Future: Lessons from Modern Consciousness Research""?",Joseph Campbell
"Who is the author of the book ""Cruel Intent""?",J.A. Jance
"Who is the author of the book ""The Second Confession""?",Rex Stout
"Who is the author of the book ""The Origins of Totalitarianism""?",Hannah Arendt
"Who is the author of the book ""Wolves of the Beyond""?",Kathryn Lasky
"Who is the author of the book ""Ravensong""?",T.J. Klune
"Who is the author of the book ""Night Film""?",Marisha Pessl
"Who is the author of the book ""Tough Shit: Life Advice from a Fat, Lazy Slob Who Did Good""?",Kevin Smith
"Who is the author of the book ""Being Perfect""?",Anna Quindlen
"Who is the author of the book ""Hey Rube: Blood Sport, the Bush Doctrine, and the Downward Spiral of Dumbness: Modern History from the ESPN.com Sports Desk""?",Hunter S. Thompson
"Who is the author of the book ""D Is For Deadbeat""?",Sue Grafton
"Who is the author of the book ""Meditations and Devotions of the Late Cardinal Newman""?",John Henry Newman
"Who is the author of the book ""Onward: Engaging the Culture without Losing the Gospel""?",Russell D. Moore
"Who is the author of the book ""The School of Greatness: A Real-World Guide to Living Bigger, Loving Deeper, and Leaving a Legacy""?",Lewis Howes
"Who is the author of the book ""Zen and the Art of Writing and the Joy of Writing: Two Essays""?",Ray Bradbury
"Who is the author of the book ""Magic Strikes""?",Ilona Andrews
"Who is the author of the book ""Once Was Lost""?",Sara Zarr
"Who is the author of the book ""The First World War: A Complete History""?",Martin Gilbert
"Who is the author of the book ""Aurora Leigh and Other Poems""?",Elizabeth Barrett Browning
"Who is the author of the book ""The Black Cauldron""?",Lloyd Alexander
"Who is the author of the book ""The Superhero Reader""?",Charles Hatfield
"Who is the author of the book ""The Art of Always Being Right""?",Arthur Schopenhauer
"Who is the author of the book ""The Monk Who Sold His Ferrari: A Fable About Fulfilling Your Dreams & Reaching Your Destiny""?",Robin S. Sharma
"Who is the author of the book ""Why Won’t You Apologize?: Healing Big Betrayals and Everyday Hurts""?",Harriet Lerner
"Who is the author of the book ""They Both Die at the End""?",Adam Silvera
"Who is the author of the book ""Blackberry Pie Murder""?",Joanne Fluke
"Who is the author of the book ""Sleeping Murder""?",Agatha Christie
"Who is the author of the book ""Liar's Poker""?",Michael Lewis
"Who is the author of the book ""Hogwarts: An Incomplete and Unreliable Guide""?",J.K. Rowling
"Who is the author of the book ""Almost Heaven""?",Judith McNaught
"Who is the author of the book ""Remember Tuesday Morning""?",Karen Kingsbury
"Who is the author of the book ""Boy on a Wire""?",Jon Doust
"Who is the author of the book ""On Becoming a Leader""?",Warren G. Bennis
"Who is the author of the book ""Jesus and the Eyewitnesses: The Gospels as Eyewitness Testimony""?",Richard Bauckham
"Who is the author of the book ""The Reluctant Reformer""?",Lynsay Sands
"Who is the author of the book ""Shadowbahn""?",Steve Erickson
"Who is the author of the book ""Genius: The Life and Science of Richard Feynman""?",James Gleick
"Who is the author of the book ""The Temple of My Familiar""?",Alice Walker
"Who is the author of the book ""Girl in a Cage""?",Jane Yolen
"Who is the author of the book ""Darkness Visible""?",William Golding
"Who is the author of the book ""Bloodfever""?",Karen Marie Moning
"Who is the author of the book ""The Assassin and the Underworld""?",Sarah J. Maas
"Who is the author of the book ""Letters from Lizzie""?",Nancy B. Brewer
"Who is the author of the book ""Flood Tide""?",Clive Cussler
"Who is the author of the book ""My not so perfect life ; The Twelve dogs of Christmas ; Don't you cry ; Home sweet home""?",Sophie Kinsella
"Who is the author of the book ""Pandemic: Tracking Contagions, from Cholera to Ebola and Beyond""?",Sonia Shah
"Who is the author of the book ""What Is Faith?""?",R.C. Sproul
"Who is the author of the book ""Cosmopolitanism: Ethics in a World of Strangers""?",Kwame Anthony Appiah
"Who is the author of the book ""Before the Poison""?",Peter Robinson
"Who is the author of the book ""TARZAN OF THE APES SERIES - Complete Collection: 25 Novels in One Volume (Illustrated): The Return of Tarzan, The Beasts of Tarzan, The Son of Tarzan, ... Lion, Tarzan the Terrible and many more""?",Edgar Rice Burroughs
"Who is the author of the book ""Father Goriot""?",Honoré de Balzac
"Who is the author of the book ""The Once and Future King: Camelot""?",T. H. White
"Who is the author of the book ""Be Extraordinary: The Greatness Guide Book Two: 101 More Insights to Get You to World Class: Bk. 2""?",Robin S. Sharma
"Who is the author of the book ""Un viaje de diez metros""?",Richard C. Morais
"Who is the author of the book ""The Penelopiad: The Myth of Penelope and Odysseus""?",Margaret Atwood
"Who is the author of the book ""The Adams-Jefferson Letters: The Complete Correspondence Between Thomas Jefferson and Abigail and John Adams""?",John Adams
"Who is the author of the book ""So You've Been Publicly Shamed""?",Jon Ronson
"Who is the author of the book ""The Golden Compass""?",Philip Pullman
"Who is the author of the book ""Parade's End: Based on the Novel""?",Tom Stoppard
"Who is the author of the book ""Christmas Eve at Friday Harbor""?",Lisa Kleypas
"Who is the author of the book ""The Guilty""?",David Baldacci
"Who is the author of the book ""Eight Months on Ghazzah Street""?",Hilary Mantel
"Who is the author of the book ""Sunset Express: An Elvis Cole Novel""?",Robert Crais
"Who is the author of the book ""The Varieties of Religious Experience""?",William James
"Who is the author of the book ""The Scourge of Muirwood""?",Jeff Wheeler
"Who is the author of the book ""Lettres à Milena""?",Franz Kafka
"Who is the author of the book ""Jesus-Shock""?",Peter Kreeft
"Who is the author of the book ""Wealth, Poverty and Politics: An International Perspective""?",Thomas Sowell
"Who is the author of the book ""Ursula K. Le Guin: Conversations on Writing""?",Ursula K. Le Guin
"Who is the author of the book ""King Charles II""?",Antonia Fraser
"Who is the author of the book ""Miss Me Not""?",Tiffany King
"Who is the author of the book ""Los Cantos de Jesús: Un año de devocionales diarios en Los Salmos""?",Timothy J. Keller
"Who is the author of the book ""A Boy's Will""?",Robert Frost
"Who is the author of the book ""Un paseo para recordar""?",Nicholas Sparks
"Who is the author of the book ""When Computers Were Human""?",David Alan Grier
"Who is the author of the book ""Hunchback of Notre Dame""?",Victor Hugo
"Who is the author of the book ""Under the Volcano""?",Malcolm Lowry
"Who is the author of the book ""Already Dead""?",Charlie Huston
"Who is the author of the book ""The Killer Angels: The Classic Novel of the Civil War""?",Michael Shaara
"Who is the author of the book ""The Classic Philip Jose Farmer 1952-1964""?",Philip José Farmer
"Who is the author of the book ""Before She Met Me""?",Julian Barnes
"Who is the author of the book ""Corey to the Rescue!""?",Meg Kimball
"Who is the author of the book ""Teaching the Dog to Read""?",Jonathan Carroll
"Who is the author of the book ""The Seer of Shadows""?",Avi
"Who is the author of the book ""Play the Piano Drunk Like a Percussion Instrument Until the Fingers Begin to Bleed a Bit""?",Charles Bukowski
"Who is the author of the book ""The Secret Power of Speaking God's Word""?",Joyce Meyer
"Who is the author of the book ""One""?",Richard Bach
"Who is the author of the book ""CSI Miami: Heat Wave""?",Max Allan Collins
"Who is the author of the book ""Anxious for Nothing: Finding Calm in a Chaotic World""?",Max Lucado
"Who is the author of the book ""Demian. Die Geschichte von Emil Sinclairs Jugend""?",Hermann Hesse
"Who is the author of the book ""Flatland / Sphereland""?",Edwin A. Abbott
"Who is the author of the book ""Lizzie After the War""?",Nancy B. Brewer
"Who is the author of the book ""69""?",Ryū Murakami
"Who is the author of the book ""Russka: The Novel of Russia""?",Edward Rutherfurd
"Who is the author of the book ""O, Juliet""?",Robin Maxwell
"Who is the author of the book ""Of a Fire on the Moon""?",Norman Mailer
"Who is the author of the book ""The King's Curse""?",Philippa Gregory
"Who is the author of the book ""Diamonds in the Shadow""?",Caroline B. Cooney
"Who is the author of the book ""Top Secret Twenty-one""?",Janet Evanovich
"Who is the author of the book ""Slumberland""?",Paul Beatty
"Who is the author of the book ""The Rock Orchard""?",Paula Wall
"Who is the author of the book ""Around The World In 80 Days, From The Earth To The Moon Direct, 200, 000 Leagues Under The Sea""?",Jules Verne
"Who is the author of the book ""The Second Coming""?",Walker Percy
"Who is the author of the book ""Death of a Naturalist""?",Seamus Heaney
"Who is the author of the book ""Christmas with Anne and Other Holiday Stories""?",L.M. Montgomery
"Who is the author of the book ""Down the Rabbit Hole: Curious Adventures and Cautionary Tales of a Former Playboy Bunny""?",Holly Madison
"Who is the author of the book ""Living the Lord's Prayer""?",David Timms
"Who is the author of the book ""True Colors""?",Karen Traviss
"Who is the author of the book ""Bitcoin Billionaires""?",Ben Mezrich
"Who is the author of the book ""Blood Born""?",Linda Howard
"Who is the author of the book ""Righteous""?",Joe Ide
"Who is the author of the book ""Slightly Wicked""?",Mary Balogh
"Who is the author of the book ""Kim""?",Rudyard Kipling
"Who is the author of the book ""Sadie in Love""?",Rochelle Distelheim
"Who is the author of the book ""Double Fold: Libraries and the Assault on Paper""?",Nicholson Baker
"Who is the author of the book ""Love in the Light""?",Laura Kaye
"Who is the author of the book ""Pebbles of Perception: How a Few Good Choices Make All The Difference""?",Laurence Endersen
"Who is the author of the book ""Cheat Sheet: Master Getting Things Done...In 2 Minutes - The Practical Summary of David Allen's Best Selling Book""?",2 Minute Insight
"Who is the author of the book ""The System of Objects""?",Jean Baudrillard
"Who is the author of the book ""Witness in Death""?",J.D. Robb
"Who is the author of the book ""Living Reed: A Novel of Korea""?",Pearl S. Buck
"Who is the author of the book ""The Goddess and Other Women""?",Joyce Carol Oates
"Who is the author of the book ""Five Quarters of the Orange""?",Joanne Harris
"Who is the author of the book ""Johnny's Cash and Charley's Pride: Lasting Legends and Untold Adventures in Country Music""?",Peter Cooper
"Who is the author of the book ""A Dance to the Music of Time: 2nd Movement""?",Anthony Powell
"Who is the author of the book ""The Stone Gods""?",Jeanette Winterson
"Who is the author of the book ""Piece Of My Heart""?",Peter Robinson
"Who is the author of the book ""LOUISA MAY ALCOTT Ultimate Collection: 16 Novels & 150+ Short Stories, Plays and Poems (Illustrated): Little Women, Good Wives, Little Men, Jo's Boys, ... The Abbot's Ghost, A Garland for Girls…""?",Louisa May Alcott
"Who is the author of the book ""Freedom""?",Jonathan Franzen
"Who is the author of the book ""Bailey's Café""?",Gloria Naylor
"Who is the author of the book ""Why I Write""?",George Orwell
"Who is the author of the book ""Third Year at Malory Towers (Malory Towers""?",Enid Blyton
"Who is the author of the book ""No Ordinary Genius: The Illustrated Richard Feynman""?",Richard P. Feynman
"Who is the author of the book ""The Monk Who Sold His Ferrari: A Fable About Fulfilling Your Dreams and Reaching Your Destiny""?",Robin S. Sharma
"Who is the author of the book ""Yours Until Dawn""?",Teresa Medeiros
"Who is the author of the book ""Stealing America: What My Experience with Criminal Gangs Taught Me about Obama, Hillary, and the Democratic Party""?",Dinesh D'Souza
"Who is the author of the book ""Live And Let Die""?",Ian Fleming
"Who is the author of the book ""De la Terre a la Lune""?",Jules Verne
"Who is the author of the book ""The Complete Anne of Green Gables""?",L.M. Montgomery
"Who is the author of the book ""Leonardo's Mountain of Clams and the Diet of Worms: Essays on Natural History""?",Stephen Jay Gould
"Who is the author of the book ""My Mortal Enemy""?",Willa Cather
"Who is the author of the book ""The Dead Man in Indian Creek""?",Mary Downing Hahn
"Who is the author of the book ""The Beginning of Everything""?",Robyn Schneider
"Who is the author of the book ""The Worm Ouroboros [Illustrated]""?",E.R. Eddison
"Who is the author of the book ""Cartas a Clara""?",Juan Rulfo
"Who is the author of the book ""Poems and Essays""?",Edgar Allan Poe
"Who is the author of the book ""Business for Bohemians: Freedom Through Creativity""?",Tom Hodgkinson
"Who is the author of the book ""The Thanatos Syndrome""?",Walker Percy
"Who is the author of the book ""The Portable Stephen Crane""?",Stephen Crane
"Who is the author of the book ""Forbidden Pleasure""?",Lora Leigh
"Who is the author of the book ""Memoirs of My Life""?",Edward Gibbon
"Who is the author of the book ""The White Glove War""?",Katie Crouch & Grady Hendrix
"Who is the author of the book ""England""?",Terry Deary
"Who is the author of the book ""An Essay on Man""?",Alexander Pope
"Who is the author of the book ""La caída de Hyperion""?",Dan Simmons
"Who is the author of the book ""Not in the Flesh""?",Ruth Rendell
"Who is the author of the book ""Devices And Desires""?",P.D. James
"Who is the author of the book ""Rick Steves Barcelona""?",Rick Steves
"Who is the author of the book ""Second Form at Malory Towers (Malory Towers""?",Enid Blyton
"Who is the author of the book ""The Names of Jesus""?",Warren W. Wiersbe
"Who is the author of the book ""The Last Don""?",Mario Puzo
"Who is the author of the book ""A Bride of the Plains""?",Emmuska Orczy
"Who is the author of the book ""Stilwell and the American Experience in China: 1911-1945""?",Barbara W. Tuchman
"Who is the author of the book ""Better Than Perfect""?",Melissa Kantor
"Who is the author of the book ""The Burglar Who Liked to Quote Kipling""?",Lawrence Block
"Who is the author of the book ""The Scandal of Father Brown""?",G.K. Chesterton
"Who is the author of the book ""xxxHolic, Vol. 1""?",Clamp
"Who is the author of the book ""We Are Still Married: Stories & Letters""?",Garrison Keillor
"Who is the author of the book ""Falling Like Snowflakes""?",Denise Hunter
"Who is the author of the book ""Storm Glass""?",Maria V. Snyder
"Who is the author of the book ""Sweet Peril""?",Wendy Higgins
"Who is the author of the book ""Perfume""?",Patrick Süskind
"Who is the author of the book ""The Integration of the Personality""?",C.G. Jung
"Who is the author of the book ""Bink & Gollie""?",Kate DiCamillo
"Who is the author of the book ""Owls and Other Fantasies: Poems and Essays""?",Mary Oliver
"Who is the author of the book ""The Brontës: A Life in Letters""?",Juliet Barker
"Who is the author of the book ""El precio de la desigualdad. El 1 % de población tiene lo que el 99 % necesita""?",Joseph E. Stiglitz
"Who is the author of the book ""Almost""?",Anne Eliot
"Who is the author of the book ""Killing Rommel""?",Steven Pressfield
"Who is the author of the book ""Amerigo: A Comedy of Errors in History""?",Stefan Zweig
"Who is the author of the book ""The Baby-Sitters Club #8: Boy-Crazy Stacey""?",Ann M. Martin
"Who is the author of the book ""Secret Seven: Secret Seven Collection 2 - books 4-6""?",Enid Blyton
"Who is the author of the book ""Pardonable Lies""?",Jacqueline Winspear
"Who is the author of the book ""The Misanthrope""?",Molière
"Who is the author of the book ""Never Fall Down""?",Patricia McCormick
"Who is the author of the book ""The 12 Week Year: Get More Done in 12 Weeks than Others Do in 12 Months""?",Brian P. Moran
"Who is the author of the book ""The Children's Crusade""?",Ann Packer
"Who is the author of the book ""The Silver Chair""?",C.S. Lewis
"Who is the author of the book ""Belief or Nonbelief?""?",Umberto Eco
"Who is the author of the book ""On Writing: A Memoir of the Craft""?",Stephen King
"Who is the author of the book ""Weird Things Customers Say in Bookshops""?",Jen Campbell
"Who is the author of the book ""A Darkness Strange and Lovely""?",Susan Dennard
"Who is the author of the book ""Black Sun: Depression and Melancholia""?",Julia Kristeva
"Who is the author of the book ""The Reluctant Vampire""?",Lynsay Sands
"Who is the author of the book ""Rise of the Isle of the Lost""?",Melissa de la Cruz
"Who is the author of the book ""The Collected Poems of Rudyard Kipling""?",Rudyard Kipling
"Who is the author of the book ""Lothaire""?",Kresley Cole
"Who is the author of the book ""Think and Grow Rich: The Landmark Bestseller Now Revised and Updated for the 21st Century""?",Napoleon Hill
"Who is the author of the book ""Devil's Game""?",Joanna Wylde
"Who is the author of the book ""The Third Deadly Sin""?",Lawrence Sanders
"Who is the author of the book ""A Passionate Apprentice: The Early Journals, 1897-1909""?",Virginia Woolf
"Who is the author of the book ""Daily Reflections: A Book of Reflections by A.A. Members for A.A. Members""?",Alcoholics Anonymous
"Who is the author of the book ""Side Jobs: Stories from the Dresden Files""?",Jim Butcher
"Who is the author of the book ""Be Free (Galatians): Exchange Legalism for True Spirituality""?",Warren W. Wiersbe
"Who is the author of the book ""Of Marriageable Age""?",Sharon Maas
"Who is the author of the book ""A Worthy Pursuit""?",Karen Witemeyer
"Who is the author of the book ""The Crystal Cave""?",Mary Stewart
"Who is the author of the book ""What Janie Saw""?",Caroline B. Cooney
"Who is the author of the book ""Warrior Goddess Training: Become the Woman You Are Meant to Be""?",HeatherAsh Amara
"Who is the author of the book ""Against Our Better Judgment: The hidden history of how the U.S. was used to create Israel""?",Alison Weir
"Who is the author of the book ""God's Wisdom for a Woman's Life: Timeless Principles for Your Every Need""?",Elizabeth George
"Who is the author of the book ""Sing Down the Moon""?",Scott O'Dell
"Who is the author of the book ""Smart College Career Moves: What You Can Do Now to Make Yourself More Marketable Later""?",Michael J. Russ
"Who is the author of the book ""How to Turn Down a Billion Dollars: The Snapchat Story""?",Billy Gallagher
"Who is the author of the book ""Swim Back to Me""?",Ann Packer
"Who is the author of the book ""Free Air""?",Sinclair Lewis
"Who is the author of the book ""Why Zebras Don't Get Ulcers: The Acclaimed Guide to Stress, Stress-Related Diseases, and Coping""?",Robert M. Sapolsky
"Who is the author of the book ""The Cat Who Wasn't There""?",Lilian Jackson Braun
"Who is the author of the book ""Fruits Basket, Vol. 6""?",Natsuki Takaya
"Who is the author of the book ""The Hooker and the Hermit""?",Penny Reid
"Who is the author of the book ""The Bronze Bow""?",Elizabeth George Speare
"Who is the author of the book ""The Consolations of Philosophy / Status Anxiety""?",Alain de Botton
"Who is the author of the book ""The Perils of Morning Coffee""?",Alexander McCall Smith
"Who is the author of the book ""Living Beyond Your Feelings: Controlling Emotions So They Don't Control You""?",Joyce Meyer
"Who is the author of the book ""For One More Day""?",Mitch Albom
"Who is the author of the book ""Travel Team""?",Mike Lupica
"Who is the author of the book ""Autobiography of a Fat Bride: True Tales of a Pretend Adulthood""?",Laurie Notaro
"Who is the author of the book ""Boom!""?",Mark Haddon
"Who is the author of the book ""Love Bites""?",Lynsay Sands
"Who is the author of the book ""H.G. Wells Reader: A Complete Anthology from Science Fiction to Social Satire""?",H. G. Wells
"Who is the author of the book ""Full Black""?",Brad Thor
"Who is the author of the book ""Science and Psychic Phenomena: The Fall of the House of Skeptics""?",Christopher David Carter
"Who is the author of the book ""Undaunted""?",Diana Palmer
"Who is the author of the book ""The Art of Woo: Using Strategic Persuasion to Sell Your Ideas""?",G.Richard Shell
"Who is the author of the book ""I Heard That Song Before""?",Mary Higgins Clark
"Who is the author of the book ""Blood Feud""?",Alyxandra Harvey
"Who is the author of the book ""Scattered Shadows: A Memoir of Blindness and Vision""?",John Howard Griffin
"Who is the author of the book ""Murder Is Easy""?",Agatha Christie
"Who is the author of the book ""Where There's Smoke""?",Jodi Picoult
"Who is the author of the book ""Warcraft: Durotan""?",Christie Golden
"Who is the author of the book ""The Runaway""?",Martina Cole
"Who is the author of the book ""Normal People""?",Sally Rooney
"Who is the author of the book ""Homilies on the First Epistle of John""?",Augustine of Hippo
"Who is the author of the book ""Summer Moonshine""?",P.G. Wodehouse
"Who is the author of the book ""Lethal""?",Sandra Brown
"Who is the author of the book ""Sentimental Education Vol 1""?",Gustave Flaubert
"Who is the author of the book ""Nauti and Wild""?",Lora Leigh
"Who is the author of the book ""The Gospel According to Job""?",Mike Mason
"Who is the author of the book ""Stolen Kisses""?",Suzanne Enoch
"Who is the author of the book ""The Complete Idiot's Guide to Beekeeping""?",H.G. Bissinger
"Who is the author of the book ""Complete Works of Johannes Vermeer""?",Johannes Vermeer
"Who is the author of the book ""Night Fall""?",Nelson DeMille
"Who is the author of the book ""Airel: The Awakening""?",Aaron Patterson
"Who is the author of the book ""The Two Gentlemen of Verona""?",William Shakespeare
"Who is the author of the book ""Star Island""?",Carl Hiaasen
"Who is the author of the book ""سخط""?",Philip Roth
"Who is the author of the book ""Ants at Work: How an Insect Society is Organized""?",Deborah M. Gordon
"Who is the author of the book ""Everyday Grace""?",Marianne Williamson
"Who is the author of the book ""A Arte da Guerra""?",Sun-Tzu
"Who is the author of the book ""The Dragon Reborn""?",Robert Jordan
"Who is the author of the book ""So, You Want To Be Like Christ?: Eight Essentials to Get You There""?",Charles R. Swindoll
"Who is the author of the book ""Skin and Bones""?",Sherry Shahan
"Who is the author of the book ""Just One Drop""?",Quinn Loftis
"Who is the author of the book ""Promiscuities""?",Naomi Wolf
"Who is the author of the book ""How to Change Your Mind""?",Michael Pollan
"Who is the author of the book ""The Art of War: Complete Texts and Commentaries""?",Sun Tzu
"Who is the author of the book ""The Man Who Invented Christmas: How Charles Dickens's A Christmas Carol Rescued His Career and Revived Our Holiday Spirits""?",Les Standiford
"Who is the author of the book ""Paradise Restored: A Biblical Theology of Dominion""?",David Chilton
"Who is the author of the book ""A Woman's Heart""?",Beth Moore
"Who is the author of the book ""Seventh Son""?",Orson Scott Card
"Who is the author of the book ""Adeline: A Novel of Virginia Woolf""?",Norah Vincent
"Who is the author of the book ""Daphna""?",Edmund Spenser
"Who is the author of the book ""The Trials of Roderick Spode, ""The Human Ant""?",David Mamet
"Who is the author of the book ""Antony and Cleopatra""?",William Shakespeare
"Who is the author of the book ""The Handmaid's Tale""?",Margaret Atwood
"Who is the author of the book ""The Opposite of Fate: Memories of a Writing Life""?",Amy Tan
"Who is the author of the book ""Complete Collection Of H.P.Lovecraft - 150 eBooks With 100+ Audio Book Links""?",H.P. Lovecraft
"Who is the author of the book ""Las lecturas diarias de Maxwell""?",John C. Maxwell
"Who is the author of the book ""The Shadow Of The Wind""?",Carlos Ruiz Zafón
"Who is the author of the book ""The Seven Capital Sins""?",Fulton J. Sheen
"Who is the author of the book ""Downfall""?",J.A. Jance
"Who is the author of the book ""El manager al minuto: El método gerencial más popular del mundo""?",Kenneth H. Blanchard
"Who is the author of the book ""Leading with a Limp: Take Full Advantage of Your Most Powerful Weakness""?",Dan B. Allender
"Who is the author of the book ""Spirited Away, Volume 1""?",Hayao Miyazaki
"Who is the author of the book ""The Elements of Investing""?",Burton G. Malkiel
"Who is the author of the book ""Dearest Friend: A Life of Abigail Adams""?",Lynne Withey
"Who is the author of the book ""Sacred Games""?",Vikram Chandra
"Who is the author of the book ""Happily Ever After""?",Charles de Lint
"Who is the author of the book ""Million Dollar Habits: Practical, Proven, Power Practices to Double and Triple Your Income""?",Brian Tracy
"Who is the author of the book ""Illuminata: A Return to Prayer""?",Marianne Williamson
"Who is the author of the book ""The Edge of Desire""?",Stephanie Laurens
"Who is the author of the book ""Maisie Dobbs Bundle #3: The Mapping of Love and Death and A Lesson in Secrets: Books 7 and 8 in the New York Times Bestselling Series""?",Jacqueline Winspear
"Who is the author of the book ""A Touch Of Love""?",Jonathan Coe
"Who is the author of the book ""The Literary Ladies' Guide to the Writing Life""?",Nava Atlas
"Who is the author of the book ""The House of mirth""?",Edith Wharton
"Who is the author of the book ""Cinnamon""?",Neil Gaiman
"Who is the author of the book ""The Young Elites""?",Marie Lu
"Who is the author of the book ""Trinity""?",Leon Uris
"Who is the author of the book ""The Civil War Trilogy: Gods and Generals / The Killer Angels / The Last Full Measure""?",Jeff Shaara
"Who is the author of the book ""Welcome to Temptation""?",Jennifer Crusie
"Who is the author of the book ""Portrait Inside My Head""?",Phillip Lopate
"Who is the author of the book ""Queen Of The Night""?",J.A. Jance
"Who is the author of the book ""The Dark Before Dawn""?",Laurie Stevens
"Who is the author of the book ""Homicide: A Year on the Killing Streets""?",David Simon
"Who is the author of the book ""Lenin's Tomb: The Last Days of the Soviet Empire""?",David Remnick
"Who is the author of the book ""Self""?",Yann Martel
"Who is the author of the book ""Shadowfell""?",Juliet Marillier
"Who is the author of the book ""The Lollipop Shoes""?",Joanne Harris
"Who is the author of the book ""Be Worshipful (Psalms 1-89): Glorifying God for Who He Is""?",Warren W. Wiersbe
"Who is the author of the book ""The Heretic Emperor""?",Paul Christensen
"Who is the author of the book ""Dream Warrior""?",Sherrilyn Kenyon
"Who is the author of the book ""A Lowcountry Heart: Reflections on a Writing Life""?",Pat Conroy
"Who is the author of the book ""Learned Optimism: How to Change Your Mind and Your Life""?",Martin E.P. Seligman
"Who is the author of the book ""The Bellringer""?",William Timothy Murray
"Who is the author of the book ""The Case Of The Vagabond Virgin""?",Erle Stanley Gardner
"Who is the author of the book ""Fifty Writers on Fifty Shades of Grey""?",M.J. Rose
"Who is the author of the book ""Candide and Other Tales""?",Voltaire
"Who is the author of the book ""Nixon Agonistes: The Crisis of the Self-Made Man""?",Garry Wills
"Who is the author of the book ""The Kraken Project""?",Douglas Preston
"Who is the author of the book ""Some of the Best from Tor.com: 2014""?",Ellen Datlow
"Who is the author of the book ""Hot Night in the City""?",Trevanian
"Who is the author of the book ""Black Out""?",Lisa Unger
"Who is the author of the book ""The Hollows Insider""?",Kim Harrison
"Who is the author of the book ""Fat Is the New 30: The Sweet Potato Queens' Guide to Coping with (the crappy parts of) Life""?",Jill Conner Browne
"Who is the author of the book ""What Hath God Wrought: The Transformation of America, 1815-1848""?",Daniel Walker Howe
"Who is the author of the book ""Last Train to Paradise: Henry Flagler and the Spectacular Rise and Fall of the Railroad that Crossed an Ocean""?",Les Standiford
"Who is the author of the book ""Now I'll Tell You Everything""?",Phyllis Reynolds Naylor
"Who is the author of the book ""The Mystery of the Spiteful Letters""?",Enid Blyton
"Who is the author of the book ""The Second Chances Collection: Never Again Good-bye, When Dreams Cross, Blind Trust, Broken Wings""?",Terri Blackstock
"Who is the author of the book ""Antigona""?",Slavoj Žižek
"Who is the author of the book ""Mystic River""?",Dennis Lehane
"Who is the author of the book ""Becoming Myself: A Psychiatrist's Memoir""?",Irvin D. Yalom
"Who is the author of the book ""ABBA 1, World 0""?",Chuck Klosterman
"Who is the author of the book ""One Faithful Life, Ebook: A Harmony of the Life and Letters of Paul""?",John F. MacArthur Jr.
"Who is the author of the book ""Pulp Culture: Hardboiled Fiction and the Cold War""?",Woody Haut
"Who is the author of the book ""Dark Companion""?",Marta Acosta
"Who is the author of the book ""Sagarana""?",João Guimarães Rosa
"Who is the author of the book ""Bob Dylan in America""?",Sean Wilentz
"Who is the author of the book ""The Importance of Being Earnest and Other Plays""?",Oscar Wilde
"Who is the author of the book ""Lost Illusions""?",Honoré de Balzac
"Who is the author of the book ""No Holding Back: The Autobiography""?",Michael Holding
"Who is the author of the book ""The October List""?",Jeffery Deaver
"Who is the author of the book ""Carbono alterado""?",Richard K. Morgan
"Who is the author of the book ""Mardi and a Voyage Thither""?",Herman Melville
"Who is the author of the book ""The Mourning Hours""?",Paula Treick DeBoard
"Who is the author of the book ""Bleach―ブリーチ― 33 [Burīchi 33]""?",Tite Kubo
"Who is the author of the book ""The Zero Marginal Cost Society: The Internet of Things, the Collaborative Commons, and the Eclipse of Capitalism""?",Jeremy Rifkin
"Who is the author of the book ""The Art of Teaching""?",Jay Parini
"Who is the author of the book ""The United States Constitution""?",United States
"Who is the author of the book ""Grace for the Moment: Inspirational Thoughts for Each Day of the Year, Volume 1""?",Max Lucado
"Who is the author of the book ""Imaginary Lands""?",Robin McKinley
"Who is the author of the book ""Because She Loves Me""?",Mark Edwards
"Who is the author of the book ""The Island of Excess Love""?",Francesca Lia Block
"Who is the author of the book ""Song for the Basilisk""?",Patricia A. McKillip
"Who is the author of the book ""The Victoria Vanishes""?",Christopher Fowler
"Who is the author of the book ""Shakespearean Negotiations: The Circulation of Social Energy in Renaissance England""?",Stephen Greenblatt
"Who is the author of the book ""The Left Behind Collection""?",Tim LaHaye
"Who is the author of the book ""Lhind the Spy""?",Sherwood Smith
"Who is the author of the book ""The Small Big: Small Changes That Spark Big Influence""?",Robert B. Cialdini
"Who is the author of the book ""How It Is""?",Samuel Beckett
"Who is the author of the book ""The Complete Poems""?",D.H. Lawrence
"Who is the author of the book ""How to Measure Anything: Finding the Value of ""Intangibles"" in Business""?",Douglas W. Hubbard
"Who is the author of the book ""El cuerpo perfecto en cuatro horas""?",Timothy Ferris
"Who is the author of the book ""Infiltration: The Plot to Destroy the Church from Within""?",Dr. Taylor Reed Marshall
"Who is the author of the book ""The Last Temptation""?",Val McDermid
"Who is the author of the book ""Memories of a Catholic Girlhood""?",Mary McCarthy
"Who is the author of the book ""Meditation for Fidgety Skeptics: A 10% Happier How-To Book""?",Dan Harris
"Who is the author of the book ""Leaving Before the Rains Come""?",Alexandra Fuller
"Who is the author of the book ""We Should All Be Feminists""?",Chimamanda Ngozi Adichie
"Who is the author of the book ""The Christmas Hope""?",Donna VanLiere
"Who is the author of the book ""Black Panther: World of Wakanda #1""?",Ta-Nehisi Coates
"Who is the author of the book ""Springwater""?",Linda Lael Miller
"Who is the author of the book ""Stand Still Like the Hummingbird""?",Henry Miller
"Who is the author of the book ""With Speed and Violence: Why Scientists Fear Tipping Points in Climate Change""?",Fred Pearce
"Who is the author of the book ""The Next Queen of Heaven""?",Gregory Maguire
"Who is the author of the book ""A orillas del río Piedra me senté y lloré""?",Paulo Coelho
"Who is the author of the book ""Malone Dies""?",Samuel Beckett
"Who is the author of the book ""Thief of Time""?",Terry Pratchett
"Who is the author of the book ""Gold Dust Woman: The Biography of Stevie Nicks""?",Steven Davis
"Who is the author of the book ""Paradise Valley""?",Robyn Carr
"Who is the author of the book ""Zami: A New Spelling of My Name""?",Audre Lorde
"Who is the author of the book ""From the Mixed-Up Files of Mrs. Basil E. Frankweiler""?",E L Konigsburg
"Who is the author of the book ""Los hermanos Karamazov""?",Fyodor Dostoyevsky
"Who is the author of the book ""Victoria's Daughters""?",Jerrold M. Packard
"Who is the author of the book ""Fail, Fail Again, Fail Better: Wise Advice for Leaning into the Unknown""?",Pema Chödrön
"Who is the author of the book ""Sweet Salt Air""?",Barbara Delinsky
"Who is the author of the book ""Heretic""?",Bernard Cornwell
"Who is the author of the book ""The Sketch Book by Washington Irving with Sketch of the Author's Life, and Compositional, Critical and Explanatory Notes / By G.A. Chase""?",Washington Irving
"Who is the author of the book ""The World Doesn't End""?",Charles Simic
"Who is the author of the book ""Lucy Maud Montgomery Short Stories: 1896 to 1901""?",L.M. Montgomery
"Who is the author of the book ""Intruder in the Dust""?",William Faulkner
"Who is the author of the book ""Have Space Suit-Will Travel""?",Robert A. Heinlein
"Who is the author of the book ""The Story of the Siren""?",E.M. Forster
"Who is the author of the book ""The Council of the Cursed""?",Peter Tremayne
"Who is the author of the book ""The You I Never Knew""?",Susan Wiggs
"Who is the author of the book ""You Can't Keep a Good Woman Down: Short Stories""?",Alice Walker
"Who is the author of the book ""I Know Why the Caged Bird Sings""?",Maya Angelou
"Who is the author of the book ""Islam: A Short History""?",Karen Armstrong
"Who is the author of the book ""Una historia de Dios: 4000 años de búsqueda en el judaísmo, el cristianismo y el islam""?",Karen Armstrong
"Who is the author of the book ""The Way of the Superior Man""?",David Deida
"Who is the author of the book ""The Laws of Love: Creating the Relationship of Your Dreams""?",Chris Prentiss
"Who is the author of the book ""Adam Bede""?",George Eliot
"Who is the author of the book ""Eight Blonde Dolls""?",Bobby Underwood
"Who is the author of the book ""Old Friends""?",Tracy Kidder
"Who is the author of the book ""The Beautiful Struggle: A Father, Two Sons, and an Unlikely Road to Manhood""?",Ta-Nehisi Coates
"Who is the author of the book ""Ready For Anything: 52 productivity principles for work and life""?",David Allen
"Who is the author of the book ""The Gods of Riverworld""?",Philip José Farmer
"Who is the author of the book ""The Beat Goes On""?",Ian Rankin
"Who is the author of the book ""The Gangs of New York""?",Herbert Asbury
"Who is the author of the book ""Her Body and Other Parties""?",Carmen Maria Machado
"Who is the author of the book ""Breaking Bread: Insurgent Black Intellectual Life""?",Cornel West
"Who is the author of the book ""Death of a Salesman: Text and Criticism""?",Arthur Miller
"Who is the author of the book ""The Geek Feminist Revolution""?",Kameron Hurley
"Who is the author of the book ""Their Virgin Concubine""?",Shayla Black
"Who is the author of the book ""The Power of Vulnerability: Teachings of Authenticity, Connections and Courage""?",Brené Brown
"Who is the author of the book ""How to Be Here: A Guide to Creating a Life Worth Living""?",Rob Bell
"Who is the author of the book ""In Search of Lost Time [volumes 1 to 7]""?",Marcel Proust
"Who is the author of the book ""Esther: It's Tough Being a Woman [With 6 DVDs and Leader Guide, Member Book]""?",Beth Moore
"Who is the author of the book ""Something I've Been Meaning to Tell You: 13 Stories""?",Alice Munro
"Who is the author of the book ""The Marian Option: God’s Solution to a Civilization in Crisis""?",Carrie Gress
"Who is the author of the book ""Heirs of the King: Living the Beatitudes""?",Warren W. Wiersbe
"Who is the author of the book ""The Art Of Getting Things Done: The Secret Of Highly Effective People.""?",Manoranjan Kumar
"Who is the author of the book ""Dandy""?",Jan Guillou
"Who is the author of the book ""Don Quijote de la Mancha 2""?",Miguel de Cervantes Saavedra
"Who is the author of the book ""The Room""?",Hubert Selby Jr.
"Who is the author of the book ""The Innovators: How a Group of Hackers, Geniuses, and Geeks Created the Digital Revolution""?",Walter Isaacson
"Who is the author of the book ""Secret Sisters of the Salty Sea""?",Lynne Rae Perkins
"Who is the author of the book ""Jesus: The Greatest Life of All""?",Charles R. Swindoll
"Who is the author of the book ""The Lonely Hearts Hotel""?",Heather O'Neill
"Who is the author of the book ""The Sleep Tight Motel""?",Lisa Unger
"Who is the author of the book ""The Man Who Followed Jack Kerouac""?",Christina Westover
"Who is the author of the book ""First Comes Love""?",Emily Giffin
"Who is the author of the book ""Deadlock""?",James Scott Bell
"Who is the author of the book ""En busca de la felycidad""?",Chris Gardner
"Who is the author of the book ""The Cruel Way: Switzerland to Afghanistan in a Ford, 1939""?",Ella Maillart
"Who is the author of the book ""Lateral Thinking: Creativity Step by Step""?",Edward de Bono
"Who is the author of the book ""From Socrates to Sartre: The Philosophic Quest""?",T.Z. Lavine
"Who is the author of the book ""Joyland""?",Stephen King
"Who is the author of the book ""Essentials of Classic Italian Cooking""?",Marcella Hazan
"Who is the author of the book ""From the Moment We Met""?",Marina Adair
"Who is the author of the book ""Journey""?",Danielle Steel
"Who is the author of the book ""It's Not About Perfect: Competing for My Country and Fighting for My Life""?",Shannon Miller
"Who is the author of the book ""Experiences in translation""?",Umberto Eco
"Who is the author of the book ""Crimini e misfatti""?",Woody Allen
"Who is the author of the book ""At Home in Stone Creek""?",Linda Lael Miller
"Who is the author of the book ""By Grand Central Station I Sat Down and Wept""?",Elizabeth Smart
"Who is the author of the book ""Order 66:""?",Karen Traviss
"Who is the author of the book ""The Day Room""?",Don DeLillo
"Who is the author of the book ""The Magic World""?",E. Nesbit
"Who is the author of the book ""Risvegli""?",Oliver Sacks
"Who is the author of the book ""The Power of a Praying® Wife""?",Stormie Omartian
"Who is the author of the book ""Breakable""?",Tammara Webber
"Who is the author of the book ""The Consolations of Philosophy""?",Alain de Botton
"Who is the author of the book ""The Time of the Assassins:  a Study of Rimbaud""?",Henry Miller
"Who is the author of the book ""Little Miss Stoneybrook... and Dawn""?",Ann M. Martin
"Who is the author of the book ""Obras Completas de Julio Verne""?",Jules Verne
"Who is the author of the book ""Caught Stealing""?",Charlie Huston
"Who is the author of the book ""The White Devil""?",John Webster
"Who is the author of the book ""The Decline and Fall of the American Empire""?",Gore Vidal
"Who is the author of the book ""Firefly Beach""?",Luanne Rice
"Who is the author of the book ""Home Girls: A Black Feminist Anthology""?",Alice Walker
"Who is the author of the book ""Broken Republic: Three Essays""?",Arundhati Roy
"Who is the author of the book ""Nothing's Fair in Fifth Grade""?",Barthe DeClements
"Who is the author of the book ""Wolves of the Calla""?",Roland Deschain (Stephen King)
"Who is the author of the book ""Darkwater: Voices from Within the Veil""?",W.E.B. Du Bois
"Who is the author of the book ""Stories of Invention, Told by Inventors and their Friends""?",Edward Everett Hale
"Who is the author of the book ""Bad Boys Online""?",Erin McCarthy
"Who is the author of the book ""Do It Anyway: The New Generation of Activists""?",Courtney E. Martin
"Who is the author of the book ""Eichmann in Jerusalem - A Report on the Banality of Evil""?",Hannah Arendt
"Who is the author of the book ""Seven Dirty Words: The Life and Crimes of George Carlin""?",James Sullivan
"Who is the author of the book ""Louisiana's Way Home""?",Kate DiCamillo
"Who is the author of the book ""Diana: The Goddess Who Hunts Alone""?",Carlos Fuentes
"Who is the author of the book ""Call Them by Their True Names: American Crises""?",Rebecca Solnit
"Who is the author of the book ""Ennead 1/On the Life of Plotinus""?",A.H. Armstrong
"Who is the author of the book ""Secrets of a Freelance Writer, Third Edition: How to Make $100,000 a Year or More""?",Robert W. Bly
"Who is the author of the book ""Forest Mage""?",Robin Hobb
"Who is the author of the book ""Edgar Allan Poe: Selected Poems""?",Edgar Allan Poe
"Who is the author of the book ""The Bonfire of the Vanities""?",Tom Wolfe
"Who is the author of the book ""The Girl in Room Fourteen""?",Carol Drinkwater
"Who is the author of the book ""Testaments Betrayed: An Essay in Nine Parts""?",Milan Kundera
"Who is the author of the book ""On Bullshit""?",Harry G. Frankfurt
"Who is the author of the book ""Thus Spoke Zarathustra""?",Friedrich Nietzsche
"Who is the author of the book ""The Shackleton Sabotage""?",Gertrude Chandler Warner
"Who is the author of the book ""El Poder Contra La Fuerza""?",David R. Hawkins
"Who is the author of the book ""The Culture Clash""?",Jean Donaldson
"Who is the author of the book ""Jane Austen's Letters""?",Jane Austen
"Who is the author of the book ""Rant: An Oral Biography of Buster Casey""?",Chuck Palahniuk
"Who is the author of the book ""The Mind Parasites""?",Colin Wilson
"Who is the author of the book ""Prison Notebooks: Volume I""?",Antonio Gramsci
"Who is the author of the book ""Blonde Hair, Blue Eyes""?",Karin Slaughter
"Who is the author of the book ""The Darkness that Comes Before""?",R. Scott Bakker
"Who is the author of the book ""Indian Summer""?",William Dean Howells
"Who is the author of the book ""Der Butt""?",Günter Grass
"Who is the author of the book ""Kiss My Asterisk: A Feisty Guide to Punctuation and Grammar""?",Jenny Baranick
"Who is the author of the book ""Dearie: The Remarkable Life of Julia Child""?",Bob Spitz
"Who is the author of the book ""Defiance of Eagles""?",William W. Johnstone
"Who is the author of the book ""The Barbizon Diaries: A Meditation on Will, Purpose, and the Value Of Stories""?",James A. Owen
"Who is the author of the book ""Sometimes a Rogue""?",Mary Jo Putney
"Who is the author of the book ""Unbridled""?",Young
"Who is the author of the book ""I Funny: A Middle School Story""?",James Patterson
"Who is the author of the book ""Sebastopol in December""?",Leo Tolstoy
"Who is the author of the book ""Sometimes I Think I Hear My Name""?",Avi
"Who is the author of the book ""Ephesians: New Testament Commentary""?",John F. MacArthur Jr.
"Who is the author of the book ""Trojan women: The Trojan women by Euripedes, and Helen, and Orestes by Ritsos""?",Euripides
"Who is the author of the book ""Hold Me Tight: Your Guide to the Most Successful Approach to Building Loving Relationships""?",Sue Johnson
"Who is the author of the book ""Possession: A Romance""?",A.S. Byatt
"Who is the author of the book ""Destined for War: Can America and China Escape Thucydides’s Trap?""?",Graham Allison
"Who is the author of the book ""Mike, Mike & Me""?",Wendy Markham
"Who is the author of the book ""Evening""?",Susan Minot
"Who is the author of the book ""A Brief Life of Christ""?",Fulton J. Sheen
"Who is the author of the book ""MADAME BOVARY (Bilingual Edition: English-French): A Classic of French Literature from the prolific French writer, known for Salammbô, Sentimental Education, ... et Pécuchet, November and Three Tales""?",Gustave Flaubert
"Who is the author of the book ""Desire Caught by the Tail""?",Pablo Picasso
"Who is the author of the book ""Killing Pablo: The Hunt for the World's Greatest Outlaw""?",Mark Bowden
"Who is the author of the book ""Captives of the Southwest""?",Noel Marie Fletcher
"Who is the author of the book ""Liderar é influenciar - Seja agente de transformação positiva em qualquer ambiente""?",John C. Maxwell
"Who is the author of the book ""March Upcountry""?",David Weber
"Who is the author of the book ""In the Beginning""?",Chaim Potok
"Who is the author of the book ""The World of David Walliams 4 Book Collection: Gangsta Granny / The Boy in the Dress / Mr Stink / The Boy in the Dress""?",David Walliams
"Who is the author of the book ""The Bargain""?",Mary Jo Putney
"Who is the author of the book ""Two-Minute Drill""?",Mike Lupica
"Who is the author of the book ""Lip Service""?",Susan Mallery
"Who is the author of the book ""The Grim Grotto""?",Lemony Snicket
"Who is the author of the book ""How to Eat""?",Nigella Lawson
"Who is the author of the book ""Saved from What?""?",R. C. Sproul
"Who is the author of the book ""Foundation: The History of England from Its Earliest Beginnings to the Tudors""?",Peter Ackroyd
"Who is the author of the book ""Digestive Health with REAL Food""?",Jacob Aglaee
"Who is the author of the book ""The Undrowned Child""?",Michelle Lovric
"Who is the author of the book ""A Brief History of Vice: How Bad Behavior Built Civilization""?",Robert Evans
"Who is the author of the book ""The Craft of Writing Science Fiction that Sells""?",Ben Bova
"Who is the author of the book ""Love and Other Wounds: Stories""?",Jordan Harper
"Who is the author of the book ""Thirteen Stories and Thirteen Epitaphs""?",William T. Vollmann
"Who is the author of the book ""The Beautiful Anthology""?",Ronlyn Domingue
"Who is the author of the book ""A Lucky Life Interrupted: A Memoir of Hope""?",Tom Brokaw
"Who is the author of the book ""The Diana I Knew: Loving Memories of the Friendship Between an American Mother and Her Son's Nanny Who Became the Princess of Wales""?",Mary Robertson
"Who is the author of the book ""Chasing the Prophecy""?",Brandon Mull
"Who is the author of the book ""Teaching Children to Love: 80 Games and Fun Activities for Raising Balanced Children in an Unbalanced World""?",Joseph Chilton Pearce
"Who is the author of the book ""The Power of Myth""?",Joseph Campbell
"Who is the author of the book ""The Shuttle""?",Frances Hodgson Burnett
"Who is the author of the book ""The Hanging Tree""?",Ben Aaronovitch
"Who is the author of the book ""Song of the Willow""?",Charlotte McPherren
"Who is the author of the book ""Bennelong: The coming in of the Eora Sydney Cove 1788-1792""?",Keith Vincent Smith
"Who is the author of the book ""The Sky, the Stars, the Wilderness""?",Rick Bass
"Who is the author of the book ""The Last Kingdom""?",Bernard Cornwell
"Who is the author of the book ""Where We Stand: Class Matters""?",bell hooks
"Who is the author of the book ""Letters Home from Italy""?",Lisa Halvorsen
"Who is the author of the book ""Black Panther #5""?",Ta-Nehisi Coates
"Who is the author of the book ""Ocean of Blood""?",Darren Shan
"Who is the author of the book ""White Fang""?",Jack London
"Who is the author of the book ""The Jane Austen Book Club""?",Karen Joy Fowler
"Who is the author of the book ""The Uncollected David Rakoff: Including the entire text of Love, Dishonor, Marry, Die, Cherish, Perish""?",David Rakoff
"Who is the author of the book ""The Curriculum: Everything You Need to Know to Be a Master of Business Arts""?",Stanley Bing
"Who is the author of the book ""Further Fridays: Essays, Lectures, and Other Nonfiction, 1984 - 1994""?",John Barth
"Who is the author of the book ""Betrayer""?",C.J. Cherryh
"Who is the author of the book ""The Death of  Dulgath""?",Michael J. Sullivan
"Who is the author of the book ""Picasso at the Lapin Agile and Other Plays""?",Steve Martin
"Who is the author of the book ""Notes on an Exodus""?",Richard Flanagan
"Who is the author of the book ""The Motion of Puppets""?",Keith Donohue
"Who is the author of the book ""The Freedom Manifesto""?",Tom Hodgkinson
"Who is the author of the book ""Black Panther #13""?",Ta-Nehisi Coates
"Who is the author of the book ""The End of the Affair""?",Graham Greene
"Who is the author of the book ""Rain Dogs""?",Adrian McKinty
"Who is the author of the book ""A Montana Born Christmas""?",Jane Porter
"Who is the author of the book ""Wild Swans: Three Daughters of China""?",Jung Chang
"Who is the author of the book ""The Idea of Justice""?",Amartya Sen
"Who is the author of the book ""How the Hell Did This Happen?: A Cautionary Tale of American Democracy""?",P. J. O'Rourke
"Who is the author of the book ""Los días que nos separan""?",Laia Soler
"Who is the author of the book ""Help!: How to Be Slightly Happier, Slightly More Successful and Get a Bit More Done""?",Oliver Burkeman
"Who is the author of the book ""Ali and Nino""?",Kurban Said
"Who is the author of the book ""Liberty""?",Nick Webb
"Who is the author of the book ""The Heart's Victory""?",Nora Roberts
"Who is the author of the book ""Winning With People: Discover the People Principles that Work for You Every Time""?",John C. Maxwell
"Who is the author of the book ""Intuition""?",Allegra Goodman
"Who is the author of the book ""Stoic Six Pack - Meditations of Marcus Aurelius, Golden Sayings, Fragments and Discourses of Epictetus, Letters From A Stoic and The Enchiridion""?",Marcus Aurelius
"Who is the author of the book ""Dreamer's Pool""?",Juliet Marillier
"Who is the author of the book ""Nada que temer""?",Julian Barnes
"Who is the author of the book ""Mistress of the Monarchy: The Life of Katherine Swynford, Duchess of Lancaster""?",Alison Weir
"Who is the author of the book ""The Dust that Falls from Dreams""?",Louis de Bernières
"Who is the author of the book ""The Firm""?",John Grisham
"Who is the author of the book ""Innovate Like Edison: The Success System of America's Greatest Inventor""?",Michael J. Gelb
"Who is the author of the book ""A Blue So Dark""?",Holly Schindler
"Who is the author of the book ""Scarlett: The Sequel to Margaret Mitchell's Gone with the Wind Part 2""?",Alexandra Ripley
"Who is the author of the book ""The Red Notebook: True Stories""?",Paul Auster
"Who is the author of the book ""Men Without Women: Stories""?",Haruki Murakami
"Who is the author of the book ""Ice Storm""?",Anne Stuart
"Who is the author of the book ""A Possible Life""?",Sebastian Faulks
"Who is the author of the book ""Death of a Travelling Man""?",M.C. Beaton
"Who is the author of the book ""Two Hearts""?",Peter S. Beagle
"Who is the author of the book ""The Complete Stories of Truman Capote""?",Truman Capote
"Who is the author of the book ""The Undead Pool""?",Kim Harrison
"Who is the author of the book ""Tall, Dark Streak of Lightning""?",J.M. Richards
"Who is the author of the book ""You Only Live Twice""?",Ian Fleming
"Who is the author of the book ""Bombing in Belgravia""?",Samantha Silver
"Who is the author of the book ""The Short Happy Life of Francis Macomber and Other Stories""?",Ernest Hemingway
"Who is the author of the book ""The Brave Free Men""?",Jack Vance
"Who is the author of the book ""La gran búsqueda: Una historia de la economía""?",Sylvia Nasar
"Who is the author of the book ""Kitty at St Clare's""?",Enid Blyton
"Who is the author of the book ""Confederate Reckoning: Power and Politics in the Civil War South""?",Stephanie McCurry
"Who is the author of the book ""The Adventures of the Wishing-Chair""?",Enid Blyton
"Who is the author of the book ""Brida""?",Paulo Coelho
"Who is the author of the book ""Trade Wind""?",M.M. Kaye
"Who is the author of the book ""Where There is Light: Insight and Inspiration for Meeting Life's Challenges""?",Paramahansa Yogananda
"Who is the author of the book ""Not Another New Year's""?",Christie Ridgway
"Who is the author of the book ""Death of Kings""?",Bernard Cornwell
"Who is the author of the book ""Of the Nightingales That Weep""?",Katherine Paterson
"Who is the author of the book ""The Darling""?",Russell Banks
"Who is the author of the book ""Charlton Heston: Hollywood's Last Icon""?",Marc Eliot
"Who is the author of the book ""Don't Cry""?",Mary Gaitskill
"Who is the author of the book ""Someone Knows""?",Lisa Scottoline
"Who is the author of the book ""The End of All Songs""?",Michael Moorcock
"Who is the author of the book ""A Dead Man in Deptford""?",Anthony Burgess
"Who is the author of the book ""The Cat Who Knew a Cardinal""?",Lilian Jackson Braun
"Who is the author of the book ""Dancing With Demons""?",Peter Tremayne
"Who is the author of the book ""Kırmızı Saçlı Kadın""?",Orhan Pamuk
"Who is the author of the book ""Tanner's Scheme""?",Lora Leigh
"Who is the author of the book ""The Pilgrim's Progress""?",John Bunyan
"Who is the author of the book ""Make Today Count: The Secret of Your Success is Determined by Your Daily Agenda""?",John C. Maxwell
"Who is the author of the book ""The Age of Miracles: Embracing the New Midlife""?",Marianne Williamson
"Who is the author of the book ""The Evil Seed""?",Joanne Harris
"Who is the author of the book ""The Human Comedy: Selected Stories""?",Honoré de Balzac
"Who is the author of the book ""Some Prefer Nettles""?",Jun'ichirō Tanizaki
"Who is the author of the book ""Rebel""?",Bernard Cornwell
"Who is the author of the book ""Redeployment""?",Phil Klay
"Who is the author of the book ""Bookends""?",Jane Green
"Who is the author of the book ""Isaac Newton""?",James Gleick
"Who is the author of the book ""Star Wars: Tatooine Ghost""?",Troy Denning
"Who is the author of the book ""The Butterfly Effect""?",Jon Ronson
"Who is the author of the book ""The Brands Who Came For Christmas""?",Maggie Shayne
"Who is the author of the book ""Dear Ijeawele, or A Feminist Manifesto in Fifteen Suggestions""?",Chimamanda Ngozi Adichie
"Who is the author of the book ""Upstairs at the White House: My Life with the First Ladies""?",J.B. West
"Who is the author of the book ""H.M.S. Surprise""?",Patrick O'Brian
"Who is the author of the book ""Spinoza's 'Ethics': An Introduction""?",Steven M. Nadler
"Who is the author of the book ""The Assassin and the Pirate Lord""?",Sarah J. Maas
"Who is the author of the book ""Werner Herzog - A Guide for the Perplexed: Conversations with Paul Cronin""?",Paul Cronin
"Who is the author of the book ""Innocent Traitor""?",Alison Weir
"Who is the author of the book ""My Father, the Pornographer""?",Chris Offutt
"Who is the author of the book ""Fairness and Freedom: A History of Two Open Societies: New Zealand and the United States""?",David Hackett Fischer
"Who is the author of the book ""The Wayfinders: Why Ancient Wisdom Matters in the Modern World""?",Wade Davis
"Who is the author of the book ""El Corazón de Voltaire""?",Luis López Nieves
"Who is the author of the book ""Lola and the Boy Next Door""?",Stephanie Perkins
"Who is the author of the book ""Double Fudge Brownie Murder""?",Joanne Fluke
"Who is the author of the book ""The Kraken King""?",Meljean Brook
"Who is the author of the book ""Jonathan Strange i pan Norrell. Tom 3""?",Susanna Clarke
"Who is the author of the book ""The Complete Works of Artemus Ward""?",Artemus Ward
"Who is the author of the book ""The Jazz Ear: Conversations Over Music""?",Ben Ratliff
"Who is the author of the book ""The Name of the Star""?",Maureen Johnson
"Who is the author of the book ""Frequency: The Power of Personal Vibration""?",Penney Peirce
"Who is the author of the book ""Sabbaths theater""?",Philip Roth
"Who is the author of the book ""The Diogenes Trilogy: Brimstone, Dance of Death, and The Book of the Dead Omnibus""?",Douglas Preston
"Who is the author of the book ""The Age of Reform""?",Richard Hofstadter
"Who is the author of the book ""I Shall Not Be Moved""?",Maya Angelou
"Who is the author of the book ""Hooking Up""?",Tom Wolfe
"Who is the author of the book ""The Lynda Barry Experience""?",Lynda Barry
"Who is the author of the book ""Vagabond, Volume 25""?",Takehiko Inoue
"Who is the author of the book ""Odile""?",Raymond Queneau
"Who is the author of the book ""The Chronicles of Amber""?",Roger Zelazny
"Who is the author of the book ""In the Moon of Red Ponies""?",James Lee Burke
"Who is the author of the book ""The Accidental Tourist""?",Anne Tyler
"Who is the author of the book ""Paradox""?",Catherine Coulter
"Who is the author of the book ""Nights at the Circus""?",Angela Carter
"Who is the author of the book ""The Fire Inside""?",Kathryn Shay
"Who is the author of the book ""The Sportswriter""?",Richard Ford
"Who is the author of the book ""Sounds, Feelings, Thoughts:  Seventy Poems by Wislawa Szymborska""?",Wisława Szymborska
"Who is the author of the book ""Lucado 3-in-1: Traveling Light, Next Door Savior, Come Thirsty""?",Max Lucado
"Who is the author of the book ""Festive in Death""?",J.D. Robb
"Who is the author of the book ""The Sandcastle""?",Iris Murdoch
"Who is the author of the book ""Mr. Dooley in Peace and in War""?",Finley Peter Dunne
"Who is the author of the book ""Horses Make a Landscape Look More Beautiful: Poems""?",Alice Walker
"Who is the author of the book ""Sapphire Flames""?",Ilona Andrews
"Who is the author of the book ""Dream Country""?",Neil Gaiman
"Who is the author of the book ""Rule of the Bone""?",Russell Banks
"Who is the author of the book ""Carsten Curator""?",Theodor Storm
"Who is the author of the book ""Angle of Repose""?",Wallace Stegner
"Who is the author of the book ""The Simple Truth: Poems""?",Philip Levine
"Who is the author of the book ""A Man Called Peter: The Story of Peter Marshall""?",Catherine Marshall
"Who is the author of the book ""My Booky Wook""?",Russell Brand
"Who is the author of the book ""Trader Of Secrets""?",Steve Martini
"Who is the author of the book ""Seduction""?",Jean Baudrillard
"Who is the author of the book ""Cast in Honor""?",Michelle Sagara
"Who is the author of the book ""What Men Don't Tell Women""?",Roy Blount Jr.
"Who is the author of the book ""Marriage of Inconvenience""?",Penny Reid
"Who is the author of the book ""Carniepunk: The Demon Barker of Wheat Street""?",Kevin Hearne
"Who is the author of the book ""Breverton's Nautical Curiosities""?",Terry Breverton
"Who is the author of the book ""The Complete Works of Henry Wadsworth Longfellow""?",Henry Wadsworth Longfellow
"Who is the author of the book ""For the Glory of God: How Monotheism Led to Reformations, Science, Witch-Hunts, and the End of Slavery""?",Rodney Stark
"Who is the author of the book ""Beauty's Hour: A Phantasy""?",Olivia Shakespear
"Who is the author of the book ""Перебои в смерти""?",José Saramago
"Who is the author of the book ""Conversation with Goya""?",Ivo Andrić
"Who is the author of the book ""Mississippi Blood""?",Greg Iles
"Who is the author of the book ""The Power of Praying for Your Adult Children Prayer and Study Guide""?",Stormie Omartian
"Who is the author of the book ""Main Street Vegan: Everything You Need to Know to Eat Healthfully and Live Compassionately in the Real World""?",Victoria Moran
"Who is the author of the book ""Scandal in Spring""?",Lisa Kleypas
"Who is the author of the book ""The Personal Notebooks Of Thomas Hardy""?",Thomas Hardy
"Who is the author of the book ""La galaxia Gutenberg""?",Marshall McLuhan
"Who is the author of the book ""The Family""?",Mario Puzo
"Who is the author of the book ""Click: One Novel, Ten Authors""?",Nick Hornby
"Who is the author of the book ""Продавач на чудеса""?",Gabriel Garcí­a Márquez
"Who is the author of the book ""The Atrocity Archives""?",Charles Stross
"Who is the author of the book ""The River Why""?",David James Duncan
"Who is the author of the book ""Lessons in Leadership: A Weekly Reading of the Jewish Bible""?",Jonathan Sacks
"Who is the author of the book ""Men of the Otherworld""?",Kelley Armstrong
"Who is the author of the book ""The Art of Aging: A Doctor's Prescription for Well-Being""?",Sherwin B. Nuland
"Who is the author of the book ""The Cast""?",Danielle Steel
"Who is the author of the book ""Magic's Pawn""?",Mercedes Lackey
"Who is the author of the book ""Slam Dunk, Tome 1""?",Takehiko Inoue
"Who is the author of the book ""The Wizard of Karres""?",Mercedes Lackey
"Who is the author of the book ""The Adventure of the Cardboard Box""?",Arthur Conan Doyle
"Who is the author of the book ""While My Pretty One Sleeps""?",Mary Higgins Clark
"Who is the author of the book ""How Then Shall We Worship?: Biblical Principles to Guide Us Today""?",R.C. Sproul
"Who is the author of the book ""The Deepest Acceptance""?",Jeff Foster
"Who is the author of the book ""From Islam to Christ: One Woman's Path through the Riddles of God""?",Derya Little
"Who is the author of the book ""Touchstones: A Book of Daily Meditations for Men""?",Anonymous
"Who is the author of the book ""99 Coffins""?",David Wellington
"Who is the author of the book ""The Comedians""?",Graham Greene
"Who is the author of the book ""Indian Tales""?",Rudyard Kipling
"Who is the author of the book ""The Chronicles of Narnia The Lion, the Witch & the Wardrobe""?",C. S. Lewis
"Who is the author of the book ""The Call to Wonder: Loving God like a Child""?",R.C. Sproul Jr.
"Who is the author of the book ""Movie Love: Film Writings, 1988-1991""?",Pauline Kael
"Who is the author of the book ""The Broker""?",John Grisham
"Who is the author of the book ""There Was a Little Girl""?",Ed McBain
"Who is the author of the book ""Girls In Pants: The Third Summer Of The Sisterhood""?",Ann Brashares
"Who is the author of the book ""Nothing Twice: Selected Poems""?",Wisława Szymborska
"Who is the author of the book ""The Lost Symbol""?",Dan Brown
"Who is the author of the book ""Surely You're Joking, Mr. Feynman/What Do You Care What Other People Think?""?",Richard P. Feynman
"Who is the author of the book ""Whispers of Hope: 10 Weeks of Devotional Prayer""?",Beth Moore
"Who is the author of the book ""Age of Anger: A History of the Present""?",Pankaj Mishra
"Who is the author of the book ""The King of the Swords""?",Michael Moorcock
"Who is the author of the book ""Collected Works Volume 10: Collected Poetry, Part 1""?",G.K. Chesterton
"Who is the author of the book ""A Friend of the Earth""?",T. Coraghessan Boyle
"Who is the author of the book ""The Ruby Knight""?",David Eddings
"Who is the author of the book ""The Japanese Lover""?",Isabel Allende
"Who is the author of the book ""Letters to a Young Artist""?",Anna Deavere Smith
"Who is the author of the book ""Nietzsche: Philosopher, Psychologist, Antichrist""?",Walter Kaufmann
"Who is the author of the book ""The Beast""?",J.R. Ward
"Who is the author of the book ""The Collected Tales of Nikolai Gogol""?",Nikolai Gogol
"Who is the author of the book ""Be Courageous (Luke 14-24): Take Heart from Christ's Example""?",Warren W. Wiersbe
"Who is the author of the book ""The Cat Who Played Brahms""?",Lilian Jackson Braun
"Who is the author of the book ""A Suitable Vengeance""?",Elizabeth George
"Who is the author of the book ""Preacher, Volume 7: Salvation""?",Garth Ennis
"Who is the author of the book ""A Sense of Where You Are: Bill Bradley at Princeton""?",John McPhee
"Who is the author of the book ""The Call of Cthulhu and Other Weird Stories""?",H P Lovecraft
"Who is the author of the book ""The 21 Irrefutable Laws of Leadership by John C. Maxwell: Summary of the Key Ideas in One Hour or Less""?",Eighty Twenty Publishing
"Who is the author of the book ""Phenomenal Female Entrepreneurs""?",Jill Bryant
"Who is the author of the book ""One Summer: America, 1927""?",Bill Bryson
"Who is the author of the book ""Inventing a Christian America: The Myth of the Religious Founding""?",Steven K. Green
"Who is the author of the book ""The Making of Donald Trump""?",David Cay Johnston
"Who is the author of the book ""Trullion: Alastor 2262""?",Jack Vance
"Who is the author of the book ""Until We Are Free: My Fight for Human Rights in Iran""?",Shirin Ebadi
"Who is the author of the book ""Ojos de perro azul""?",Gabriel García Márquez
"Who is the author of the book ""James Baldwin: The Last Interview and Other Conversations""?",James Baldwin
"Who is the author of the book ""The True Saint Nicholas: Why He Matters to Christmas""?",William J. Bennett
"Who is the author of the book ""George Washington Is Cash Money: A No-Bullshit Guide to the United Myths of America""?",Cory O'Brien
"Who is the author of the book ""Investing For Dummies (For Dummies""?",Eric Tyson
"Who is the author of the book ""Forever Peace""?",Joe Haldeman
"Who is the author of the book ""The Violent Bear It Away""?",Flannery O'Connor
"Who is the author of the book ""Witches 101: A Witches of East End Primer""?",Melissa de la Cruz
"Who is the author of the book ""Friend Request""?",Laura Marshall
"Who is the author of the book ""Seven Tenths: The Sea and Its Thresholds""?",James Hamilton-Paterson
"Who is the author of the book ""Beogradske priče""?",Ivo Andrić
"Who is the author of the book ""Ulysses and Dubliners""?",James Joyce
"Who is the author of the book ""Lion of Macedon""?",David Gemmell
"Who is the author of the book ""Norse Mythology: The History of the Norse Pantheon and the Most Famous Myths""?",Charles River Editors
"Who is the author of the book ""EL LOBO ESTEPARIO""?",Hermann Hesse
"Who is the author of the book ""Harry Potter Series Box Set""?",J.K. Rowling
"Who is the author of the book ""Glamorama""?",Bret Easton Ellis
"Who is the author of the book ""The Lexus and the Olive Tree""?",Thomas L. Friedman
"Who is the author of the book ""Mind-Rain: Your Favorite Authors on Scott Westerfeld's Uglies Series""?",Jennifer Lynn Barnes
"Who is the author of the book ""Dear Husband""?",Joyce Carol Oates
"Who is the author of the book ""An ABC of Science Fiction""?",Kurt Vonnegut Jr
"Who is the author of the book ""The Willoughbys""?",Lois Lowry
"Who is the author of the book ""Hombres (y algunas mujeres): Cuentos que celebran el 8 de marzo""?",Rosa Montero
"Who is the author of the book ""No Good Alternative: Volume Two of Carbon Ideologies: 2""?",William T. Vollmann
"Who is the author of the book ""Berlin Diary: The Journal of a Foreign Correspondent 1934-41""?",William L. Shirer
"Who is the author of the book ""Gaze and Voice as Love Objects: [SIC 1]""?",Slavoj Žižek
"Who is the author of the book ""Throne of Stars""?",David Weber
"Who is the author of the book ""Dazzled""?",Jane Harvey-Berrick
"Who is the author of the book ""Lily and the Major""?",Linda Lael Miller
"Who is the author of the book ""History of the United States During the Administrations of James Madison""?",Henry Adams
"Who is the author of the book ""Queenie""?",Alice Munro
"Who is the author of the book ""The Monk Who Sold his Ferrari""?",Robin S. Sharma
"Who is the author of the book ""Just One Damned Thing After Another""?",Jodi Taylor
"Who is the author of the book ""V for Vendetta, Vol. II of X""?",Alan Moore
"Who is the author of the book ""Drood""?",Dan Simmons
"Who is the author of the book ""All That's Good: Recovering the Lost Art of Discernment""?",Hannah Anderson
"Who is the author of the book ""The Christian Religion An Enquiry""?",Robert Green Ingersoll
"Who is the author of the book ""Orthodoxy""?",G. K. Chesterton
"Who is the author of the book ""Rant: The Oral History of Buster Casey""?",Chuck Palahniuk
"Who is the author of the book ""Stone Cold Touch""?",Jennifer L. Armentrout
"Who is the author of the book ""Six Tudor Queens: Writing a New Story""?",Alison Weir
"Who is the author of the book ""Heartwood""?",James Lee Burke
"Who is the author of the book ""Profiles of the Future: An Inquiry Into the Limits of the Possible""?",Arthur C. Clarke
"Who is the author of the book ""The Pier Falls: And Other Stories""?",Mark Haddon
"Who is the author of the book ""Fragile""?",Lisa Unger
"Who is the author of the book ""Everything Changes""?",Jonathan Tropper
"Who is the author of the book ""Terrible Swift Sword""?",Bruce Catton
"Who is the author of the book ""Blasphemische Gedanken: Islam und Moderne""?",Slavoj Žižek
"Who is the author of the book ""Kinfolk: A Novel of China""?",Pearl S. Buck
"Who is the author of the book ""A Dog's Life: The Autobiography of a Stray""?",Ann M. Martin
"Who is the author of the book ""Champion""?",Marie Lu
"Who is the author of the book ""The Size of Thoughts: Essays and Other Lumber""?",Nicholson Baker
"Who is the author of the book ""Sea Sick""?",Iain Rob Wright
"Who is the author of the book ""Enchantment: The Art of Changing Hearts, Minds, and Actions""?",Guy Kawasaki
"Who is the author of the book ""David Ascendant""?",Brian Godawa
"Who is the author of the book ""Androcles and the Lion""?",George Bernard Shaw
"Who is the author of the book ""Jingle""?",Gordon Korman
"Who is the author of the book ""The Way of Life: Experiencing the Culture of Heaven on Earth""?",Bill Johnson
"Who is the author of the book ""Brokeback Mountain""?",Annie Proulx
"Who is the author of the book ""Blood & Beauty: The Borgias""?",Sarah Dunant
"Who is the author of the book ""Cruise Control""?",Sarah Mayberry
"Who is the author of the book ""Witch & Wizard: The Fire - Free Preview: The First 34 Chapters""?",James Patterson and Jill Dembowski
"Who is the author of the book ""The Power Of One""?",Bryce Courtenay
"Who is the author of the book ""Linotte: The Early Diary of Anais Nin""?",Anaïs Nin
"Who is the author of the book ""Anleitung zum Müßiggang""?",Tom Hodgkinson
"Who is the author of the book ""Why I'm Afraid of Bees""?",R.L. Stine
"Who is the author of the book ""The Imp of The Perverse""?",Edgar Allan Poe
"Who is the author of the book ""Accomplishing the Impossible: What God Does, What We Can Do""?",Russell M. Nelson
"Who is the author of the book ""The Shift: Taking Your Life from Ambition to Meaning""?",Wayne W. Dyer
"Who is the author of the book ""A Meeting by the River""?",Christopher Isherwood
"Who is the author of the book ""Rick Steves' Snapshot Scotland""?",Rick Steves
"Who is the author of the book ""Never Let Go of My Hand""?",Kerry E. Wagner
"Who is the author of the book ""The Halfling's Gem""?",R.A. Salvatore
"Who is the author of the book ""From Sawdust to Stardust: The Biography of DeForest Kelley""?",Terry Lee Rioux
"Who is the author of the book ""Unleash the Night""?",Sherrilyn Kenyon
"Who is the author of the book ""Dreyer’s English: An Utterly Correct Guide to Clarity and Style from the Copy Chief of Random House""?",Benjamin Dreyer
"Who is the author of the book ""Oedipe ou Le Roi boiteux""?",Jean Anouilh
"Who is the author of the book ""Atlantiskompleksi""?",Eoin Colfer
"Who is the author of the book ""Kitty Cornered: How Frannie and Five Other Incorrigible Cats Seized Control of Our House and Made It Their Home""?",Bob Tarte
"Who is the author of the book ""Detonator""?",Andy McNab
"Who is the author of the book ""Assembling California""?",John McPhee
"Who is the author of the book ""Masquerade""?",Melissa de la Cruz
"Who is the author of the book ""Be Transformed (John 13-21): Christ's Triumph Means Your Transformation""?",Warren W. Wiersbe
"Who is the author of the book ""Half Empty""?",David Rakoff
"Who is the author of the book ""Doctor Who - Le leggende di River Song""?",Steve Lyons
"Who is the author of the book ""Ne Pariez Jamais Votre Tête Au Diable Et Autres Contes Non Traduits Par Baudelaire""?",Edgar Allan Poe
"Who is the author of the book ""The Coma""?",Alex Garland
"Who is the author of the book ""Hog Pilots, Blue Water Grunts: The American Military in the Air, at Sea, and on the Ground""?",Robert D. Kaplan
"Who is the author of the book ""Underworld London: Crime and Punishment in the Capital City""?",Catharine Arnold
"Who is the author of the book ""Cold-Case Christianity: A Homicide Detective Investigates the Claims of the Gospels""?",J. Warner Wallace
"Who is the author of the book ""Harpist in the Wind""?",Patricia A. McKillip
"Who is the author of the book ""A Hole in the World: An American Boyhood""?",Richard Rhodes
"Who is the author of the book ""Going to the Territory""?",Ralph Ellison
"Who is the author of the book ""Yeraltından Notlar""?",Fyodor Dostoyevsky
"Who is the author of the book ""The Complete Uncollected Stories""?",J.D. Salinger
"Who is the author of the book ""Awful Egyptians""?",Terry Deary
"Who is the author of the book ""An Appetite for Wonder: The Making of a Scientist""?",Richard Dawkins
"Who is the author of the book ""Street Magic""?",Caitlin Kittredge
"Who is the author of the book ""Huế 1968: A Turning Point of the American War in Vietnam""?",Mark Bowden
"Who is the author of the book ""París""?",Edward Rutherfurd
"Who is the author of the book ""The Tutankhamun Affair""?",Christian Jacq
"Who is the author of the book ""The Alcoholism and Addiction Cure: A Holistic Approach to Total Recovery""?",Chris Prentiss
"Who is the author of the book ""The Adulteress""?",Philippa Carr
"Who is the author of the book ""Monster, She Wrote: The Women Who Pioneered Horror and Speculative Fiction""?",Lisa Kröger
"Who is the author of the book ""Balls To The Walls Erotica Series Books 1-3""?",Lolah Lace
"Who is the author of the book ""Patton: Blood, Guts, and Prayer""?",Michael Keane
"Who is the author of the book ""American Thighs: The Sweet Potato Queens' Guide to Preserving Your Assets""?",Jill Conner Browne
"Who is the author of the book ""Star Bright""?",Catherine Anderson
"Who is the author of the book ""The Unreal and the Real: The Selected Short Stories of Ursula K. Le Guin""?",Ursula K. Le Guin
"Who is the author of the book ""The Intuitionist""?",Colson Whitehead
"Who is the author of the book ""Desolation Island""?",Patrick O'Brian
"Who is the author of the book ""I Was Looking for a Street""?",Charles Willeford
"Who is the author of the book ""Scarcity: Why Having Too Little Means So Much""?",Sendhil Mullainathan
"Who is the author of the book ""Excursions""?",Henry David Thoreau
"Who is the author of the book ""Dance to the Music of Time""?",Anthony Powell
"Who is the author of the book ""World's Fair""?",E.L. Doctorow
"Who is the author of the book ""Every Which Way But Dead""?",Kim Harrison
"Who is the author of the book ""Bad Idea""?",Damon Suede
"Who is the author of the book ""Everything Changed When I Forgave Myself: growing up is a wonderful thing to do""?",Charlotte Eriksson
"Who is the author of the book ""The Crack in Space""?",Philip K. Dick
"Who is the author of the book ""Cool Memories""?",Jean Baudrillard
"Who is the author of the book ""Five on Finniston Farm""?",Enid Blyton
"Who is the author of the book ""Pumpkin Light""?",David Ray
"Who is the author of the book ""The Biography of Bill Gates: Secrets Behind the Success of the Microsoft Billionaire""?",Steve Walters
"Who is the author of the book ""The Secret Diary of Anne Boleyn""?",Robin Maxwell
"Who is the author of the book ""Dark Hunger""?",Christine Feehan
"Who is the author of the book ""The Uses of Anger: Women Responding to Racism""?",Audre Lorde
"Who is the author of the book ""The Opal Deception""?",Eoin Colfer
"Who is the author of the book ""Monologue of a Dog""?",Wisława Szymborska
"Who is the author of the book ""Three African-American Classics: up from Slavery, the Souls of Black Folk and Narrative of the Life of Frederick Douglass""?",W. E. B. Du Bois
"Who is the author of the book ""BattleTech: Mercenary's Star""?",William H. Keith Jr.
"Who is the author of the book ""Primavera""?",Francesca Lia Block
"Who is the author of the book ""Love and Respect: The Love She Most Desires; The Respect He Desperately Needs""?",Emerson Eggerichs
"Who is the author of the book ""На память обо мне. Повести и рассказы""?",Saul Bellow
"Who is the author of the book ""Kushiel's Mercy""?",Jacqueline Carey
"Who is the author of the book ""The Beast in the Jungle and Other Stories""?",Henry James
"Who is the author of the book ""The Ship Who Sang""?",Anne McCaffrey
"Who is the author of the book ""The Chemistry of Death""?",Simon Beckett
"Who is the author of the book ""The Theory of Moral Sentiments""?",Adam Smith
"Who is the author of the book ""Secrets of a Proper Lady""?",Victoria Alexander
"Who is the author of the book ""The Fortune of War (Aubrey/Maturin Series, Book 6)""?",Patrick O'Brian
"Who is the author of the book ""Chocolate Cream Pie Murder""?",Joanne Fluke
"Who is the author of the book ""Leaving Orbit: Notes from the Last Days of American Spaceflight""?",Margaret Lazarus Dean
"Who is the author of the book ""King Henry VI, Part 3""?",William Shakespeare
"Who is the author of the book ""The Thin Man""?",Dashiell Hammett
"Who is the author of the book ""The Enemies List""?",P.J. O'Rourke
"Who is the author of the book ""Jesus, an Obedient Son""?",Michael R. Phillips
"Who is the author of the book ""What the Waves Bring""?",Barbara Delinsky
"Who is the author of the book ""Disruptive Innovation: The Christensen Collection (the Innovator's Dilemma, the Innovator's Solution, the Innovator's DNA, and Harvard Business Review Article ""How Will You Measure Your Life?"")""?",Clayton M. Christensen
"Who is the author of the book ""ALICE'S ADVENTURES IN WONDERLAND""?",Lewis Carroll
"Who is the author of the book ""House of Stairs""?",William Sleator
"Who is the author of the book ""Holy Bible: New International Version""?",Anonymous
"Who is the author of the book ""The Only Thing Worth Dying For: How Eleven Green Berets Forged a New Afghanistan""?",Eric Blehm
"Who is the author of the book ""The Swordbearer""?",Glen Cook
"Who is the author of the book ""Jerusalem Inn""?",Martha Grimes
"Who is the author of the book ""Books of Blood: Volume Two""?",Clive Barker
"Who is the author of the book ""Love It Forward""?",Jeff Brown
"Who is the author of the book ""How to Abduct a Highland Lord""?",Karen Hawkins
"Who is the author of the book ""Liberation Day""?",Andy McNab
"Who is the author of the book ""The Rise and Fall of Black Wall Street""?",Robin Walker
"Who is the author of the book ""Some People, Places, And Things That Will Not Appear In My Next Novel""?",John Cheever
"Who is the author of the book ""Ink and Bone""?",Lisa Unger
"Who is the author of the book ""Infidel""?",Ted Dekker
"Who is the author of the book ""Baseball World Series""?",Matt Christopher
"Who is the author of the book ""Hell's Gate""?",David Weber
"Who is the author of the book ""The Kingdom on the Waves""?",M.T. Anderson
"Who is the author of the book ""The Knight of the Swords""?",Michael Moorcock
"Who is the author of the book ""The Rise of Silas Lapham""?",Howells William Dean
"Who is the author of the book ""Black Prophetic Fire""?",Cornel West
"Who is the author of the book ""Shadows in the Sun: Travels to Landscapes of Spirit and Desire""?",Wade Davis
"Who is the author of the book ""Mexico City Blues""?",Jack Kerouac
"Who is the author of the book ""Wait Till I'm Dead: Uncollected Poems""?",Allen Ginsberg
"Who is the author of the book ""Lying""?",Sam Harris
"Who is the author of the book ""Why Good People Do Bad Things: Understanding Our Darker Selves""?",James Hollis
"Who is the author of the book ""The Darkest Star""?",Jennifer L. Armentrout
"Who is the author of the book ""I See You Everywhere""?",Julia Glass
"Who is the author of the book ""Summary: Yes! - Noah Goldstein, Steve Martin and Robert Cialdini: 50 Scientifically Proven Ways To Be Persuasive""?",BusinessNews Publishing
"Who is the author of the book ""The Kill Society""?",Richard Kadrey
"Who is the author of the book ""A Man of Affairs""?",John D. MacDonald
"Who is the author of the book ""The End of Patriarchy: Radical Feminism for Men""?",Robert Jensen
"Who is the author of the book ""Get Your Hopes Up!: Expect Something Good to Happen to You Every Day""?",Joyce Meyer
"Who is the author of the book ""For Whom the Bell Tolls""?",Ernest Hemingway
"Who is the author of the book ""Stepping Heavenward""?",Elizabeth Prentiss
"Who is the author of the book ""Memorias del subsuelo""?",Fyodor Dostoyevsky
"Who is the author of the book ""Nonrequired Reading""?",Wisława Szymborska
"Who is the author of the book ""Kitty and the Dead Man's Hand""?",Carrie Vaughn
"Who is the author of the book ""Nor Crystal Tears""?",Alan Dean Foster
"Who is the author of the book ""Civilización: Occidente y el resto""?",Niall Ferguson
"Who is the author of the book ""Trust Fund""?",Stephen W. Frey
"Who is the author of the book ""The Mistaken Widow""?",Cheryl St.John
"Who is the author of the book ""Catwings""?",Ursula K. Le Guin
"Who is the author of the book ""The Cleft""?",Doris Lessing
"Who is the author of the book ""On Beauty""?",Zadie Smith
"Who is the author of the book ""The Darwath Trilogy: The Time of the Dark, The Walls of Air, and The Armies of Daylight""?",Barbara Hambly
"Who is the author of the book ""10 People Every Christian Should Know""?",Warren W. Wiersbe
"Who is the author of the book ""The Dark Side of Midnight: Featuring The Other Side of Midnight, Rage of Angels, Bloodline""?",Sidney Sheldon
"Who is the author of the book ""Grave Shadows: 5""?",Jerry B. Jenkins
"Who is the author of the book ""The Rising Sea""?",Clive Cussler
"Who is the author of the book ""When the Music's Over""?",Peter Robinson
"Who is the author of the book ""The Cat Who Went Bump in the Night & Other Mysteries""?",Angela Pepper
"Who is the author of the book ""Law and Gospel: A Theology for Sinners""?",William McDavid
"Who is the author of the book ""Election""?",Tom Perrotta
"Who is the author of the book ""African American History: A Captivating Guide to the People and Events that Shaped the History of the United States""?",Captivating History
"Who is the author of the book ""Royal Charles: Charles II and the Restoration""?",Antonia Fraser
"Who is the author of the book ""The Greatest Salesman in the World (2001): 2001 Gift Edition""?",Og Mandino
"Who is the author of the book ""The Hidden Reality: Parallel Universes and the Deep Laws of the Cosmos""?",Brian Greene
"Who is the author of the book ""The Inn at Rose Harbor""?",Debbie Macomber
"Who is the author of the book ""The Night of the Hunter""?",Davis Grubb
"Who is the author of the book ""The Taste of Innocence""?",Stephanie Laurens
"Who is the author of the book ""The Thirteenth Pearl""?",Carolyn Keene
"Who is the author of the book ""A Paradise Built in Hell""?",Rebecca Solnit
"Who is the author of the book ""Mother Night""?",Kurt Vonnegut
"Who is the author of the book ""Inspirational Quotes: Top 365 Inspirational Quotes and Motivational Quotes""?",Tudor Wild
"Who is the author of the book ""The Outlander Series 7-Book Bundle: Outlander, Dragonfly in Amber, Voyager, Drums of Autumn, The Fiery Cross, A Breath of Snow and Ashes, An Echo in the Bone""?",Diana Gabaldon
"Who is the author of the book ""If I Have a Wicked Stepmother, Where's My Prince?""?",Melissa Kantor
"Who is the author of the book ""Half a Life""?",Darin Strauss
"Who is the author of the book ""Islam in History: Ideas, People, and Events in the Middle East""?",Bernard Lewis
"Who is the author of the book ""Courting Catherine""?",Nora Roberts
"Who is the author of the book ""Bear, Otter, and the Kid""?",T.J. Klune
"Who is the author of the book ""O Melhor Livro Sobre Nada""?",Jerry Seinfeld
"Who is the author of the book ""Frost Wolf""?",Kathryn Lasky
"Who is the author of the book ""The Risk Pool""?",Richard Russo
"Who is the author of the book ""Fuzz""?",Ed McBain
"Who is the author of the book ""Amazing Grace""?",Danielle Steel
"Who is the author of the book ""The World of Samuel Beckett, 1906-1946""?",Lois Gordon
"Who is the author of the book ""Holy Envy: Finding God in the Faith of Others""?",Barbara Brown Taylor
"Who is the author of the book ""Letters to a Young Farmer: On Food, Farming, and Our Future""?",Joel Salatin
"Who is the author of the book ""Kansas City Lightning""?",Stanley Crouch
"Who is the author of the book ""Moonwalk""?",Michael Jackson
"Who is the author of the book ""Wideacre""?",Philippa Gregory
"Who is the author of the book ""Love In A Blue Time""?",Hanif Kureishi
"Who is the author of the book ""Darkness At Dawn""?",Cornell Woolrich
"Who is the author of the book ""Fantasia of the Unconscious""?",D.H. Lawrence
"Who is the author of the book ""Go the Fuck to Sleep""?",Adam Mansbach
"Who is the author of the book ""Pretties""?",Scott Westerfeld
"Who is the author of the book ""Berserker's Planet""?",Fred Saberhagen
"Who is the author of the book ""Hidden Fires""?",Sandra Brown
"Who is the author of the book ""Life Among the Lutherans""?",Garrison Keillor
"Who is the author of the book ""Arrow's Flight""?",Mercedes Lackey
"Who is the author of the book ""The Ghosts of England: A Collection of Ghost Stories across the English Nation""?",Charles River Editors
"Who is the author of the book ""Enoch Primordial""?",Brian Godawa
"Who is the author of the book ""Stopping by Woods on a Snowy Evening""?",Robert Frost
"Who is the author of the book ""Foreign Influence""?",Brad Thor
"Who is the author of the book ""The Ghost""?",Danielle Steel
"Who is the author of the book ""A Bittersweet Season: Caring for Our Aging Parents--and Ourselves""?",Jane Gross
"Who is the author of the book ""Selected Poems from Les Fleurs du mal: A Bilingual Edition""?",Charles Baudelaire
"Who is the author of the book ""The Selected Prose of Fernando Pessoa""?",Fernando Pessoa
"Who is the author of the book ""The Secret Chord""?",Geraldine Brooks
"Who is the author of the book ""On Teaching and Writing Fiction""?",Wallace Stegner
"Who is the author of the book ""The Gospel in Brief""?",Leo Tolstoy
"Who is the author of the book ""Narration: Four Lectures by Gertrude Stein""?",Gertrude Stein
"Who is the author of the book ""Death and Fame: Last Poems, 1993-1997""?",Allen Ginsberg
"Who is the author of the book ""Existential Psychology""?",Irvin D. Yalom
"Who is the author of the book ""The Very Best of Kate Elliott""?",Kate Elliott
"Who is the author of the book ""On Literature""?",Umberto Eco
"Who is the author of the book ""El amor de mi vida""?",Rosa Montero
"Who is the author of the book ""Breathing Lessons""?",Anne Tyler
"Who is the author of the book ""All Tomorrow's Parties""?",William Gibson
"Who is the author of the book ""Beach House Reunion""?",Mary Alice Monroe
"Who is the author of the book ""J.S. Mill: Philosophy in an Hour""?",Paul Strathern
"Who is the author of the book ""My Father, the Pornographer: A Memoir""?",Chris Offutt
"Who is the author of the book ""The Poisoned Crown""?",Amanda Hemingway
"Who is the author of the book ""Hand Of Evil""?",J.A. Jance
"Who is the author of the book ""Alive""?",Ha Jin
"Who is the author of the book ""The Four Conversations: Daily Communication That Gets Results""?",Jeffrey D. Ford
"Who is the author of the book ""Anne of Ingleside:""?",L.M. Montgomery
"Who is the author of the book ""Chaos: A Very Short Introduction""?",Leonard A. Smith
"Who is the author of the book ""The Improbable Rise of Singularity Girl""?",Bryce C. Anderson
"Who is the author of the book ""Angels Of Darkness""?",Ilona Andrews
"Who is the author of the book ""The Best American Essays 2011""?",Edwidge Danticat
"Who is the author of the book ""So Brave, Young and Handsome""?",Leif Enger
"Who is the author of the book ""All Flesh Is Grass""?",Clifford D. Simak
"Who is the author of the book ""Liquor""?",Poppy Z. Brite
"Who is the author of the book ""Showing Off""?",Sarah Mlynowski
"Who is the author of the book ""Network Propaganda: Manipulation, Disinformation, and Radicalization in American Politics""?",Yochai Benkler
"Who is the author of the book ""The Talisman Ring""?",Georgette Heyer
"Who is the author of the book ""Reformation Thought""?",Alister E. McGrath
"Who is the author of the book ""The American West as Living Space""?",Wallace Stegner
"Who is the author of the book ""Blue Wide Sky""?",Inglath Cooper
"Who is the author of the book ""A Quilter's Holiday""?",Jennifer Chiaverini
"Who is the author of the book ""The Family Reunion""?",T.S. Eliot
"Who is the author of the book ""League of Dragons""?",Naomi Novik
"Who is the author of the book ""Angels Twice Descending""?",Cassandra Clare
"Who is the author of the book ""The Slow Cooker Cookbook: 87 Easy, Healthy, and Delicious Recipes for Slow Cooked Meals""?",John Chatham
"Who is the author of the book ""Personal Demons""?",Lisa Desrochers
"Who is the author of the book ""The Dragon in the Sword""?",Michael Moorcock
"Who is the author of the book ""Tim Gunn: The Natty Professor: A Master Class on Mentoring, Motivating, and Making It Work!""?",Tim Gunn
"Who is the author of the book ""The Fall of Atlantis""?",Marion Zimmer Bradley
"Who is the author of the book ""Snow Kisses""?",Diana Palmer
"Who is the author of the book ""Jesus Outside the Lines: A Way Forward for Those Who Are Tired of Taking Sides""?",Scott Sauls
"Who is the author of the book ""The Case of the Reluctant Model""?",Erle Stanley Gardner
"Who is the author of the book ""Tunnels of Blood""?",Darren Shan
"Who is the author of the book ""The Secret, Book, & Scone Society""?",Ellery Adams
"Who is the author of the book ""The Myth of the Dying Church: How Christianity Is Actually Thriving in America and the World""?",Glenn T Stanton
"Who is the author of the book ""Why Golf?: The Mystery of the Game Revisited""?",Bob Cullen
"Who is the author of the book ""Desolation Angels""?",Jack Kerouac
"Who is the author of the book ""The MacEgan Brothers Series Volume 2: The Warrior's Touch\Taming Her Irish Warrior\The Warrior's Forbidden Virgin\Surrender to an Irish Warrior\Pleasured by the Viking""?",Michelle Willingham
"Who is the author of the book ""The Parrot's Lament, and Other True Tales of Animal Intrigue, Intelligence, and Ingenuity""?",Eugene Linden
"Who is the author of the book ""The Cad and the Co-Ed""?",L.H. Cosway
"Who is the author of the book ""Snowbound""?",Blake Crouch
"Who is the author of the book ""The Philosopher's Apprentice""?",James K. Morrow
"Who is the author of the book ""Empire: How Britain Made the Modern World""?",Niall Ferguson
"Who is the author of the book ""Truckers""?",Terry Pratchett
"Who is the author of the book ""A Spirituality of Living: The Henri Nouwen Spirituality Series""?",Henri J. M. Nouwen
"Who is the author of the book ""Vision of the Future""?",Timothy Zahn
"Who is the author of the book ""The Blond Baboon""?",Janwillem van de Wetering
"Who is the author of the book ""SIDDHARTHA""?",Hermann Hesse
"Who is the author of the book ""Into the Woods: Tales from the Hollows and Beyond""?",Kim Harrison
"Who is the author of the book ""Driver's Ed""?",Caroline B. Cooney
"Who is the author of the book ""Prime Time""?",Sandra Brown
"Who is the author of the book ""Secrets of Eden""?",Chris Bohjalian
"Who is the author of the book ""Darwin's Dangerous Idea: Evolution and the Meaning of Life""?",Daniel C. Dennett
"Who is the author of the book ""The Survivors Club""?",Lisa Gardner
"Who is the author of the book ""La Trilogía de la Niebla""?",Carlos Ruiz Zafón
"Who is the author of the book ""Everything You Ever Wanted to Know about Heaven-- But Never Dreamed of Asking""?",Peter Kreeft
"Who is the author of the book ""A Rocky Mountain Christmas""?",William W. Johnstone
"Who is the author of the book ""Faking It""?",Jennifer Crusie
"Who is the author of the book ""Nine Coaches Waiting""?",Mary Stewart
"Who is the author of the book ""It Ended Badly: Thirteen of the Worst Breakups in History""?",Jennifer Wright
"Who is the author of the book ""Lettres, 1900-1915""?",Henry James
"Who is the author of the book ""Ameriška metafikcija""?",John Barth
"Who is the author of the book ""Against the Empire""?",Jude Watson
"Who is the author of the book ""Apologia Pro Vita Sua - John Henry Newman (ANNOTATED) Full Version of Great Classics Work""?",John Henry Newman
"Who is the author of the book ""Freak The Mighty""?",Rodman Philbrick
"Who is the author of the book ""Cinderella""?",Walt Disney Company
"Who is the author of the book ""American Heroes: Profiles of Men and Women Who Shaped Early America""?",Edmund S. Morgan
"Who is the author of the book ""Made for Love""?",Alissa Nutting
"Who is the author of the book ""The Phenomenology of Spirit""?",Georg Wilhelm Friedrich Hegel
"Who is the author of the book ""Conspiracy of Fools""?",Kurt Eichenwald
"Who is the author of the book ""Awesome Egyptians""?",Terry Deary
"Who is the author of the book ""The Darkest Evening of the Year""?",Dean Koontz
"Who is the author of the book ""Смерть Ивана Ильича""?",Leo Tolstoy
"Who is the author of the book ""The Ladies of Missalonghi""?",Colleen McCullough
"Who is the author of the book ""Roxie and the Hooligans""?",Phyllis Reynolds Naylor
"Who is the author of the book ""A Fly on the Wall""?",E.L. Sayers
"Who is the author of the book ""The Tanners""?",Robert Walser
"Who is the author of the book ""Men and Marriage""?",George Gilder
"Who is the author of the book ""The Day Before the Revolution""?",Ursula K. Le Guin
"Who is the author of the book ""The Statesman""?",Benjamin Jowett
"Who is the author of the book ""Fullmetal Alchemist, Vol. 23""?",Hiromu Arakawa
"Who is the author of the book ""Brother Cadfael's Penance""?",Ellis Peters
"Who is the author of the book ""The Art of Getting Things Done: 10 Prolific Ways to Effectively Manage Your Time""?",Vincent Santiago
"Who is the author of the book ""Mina Wentworth and the Invisible City""?",Meljean Brook
"Who is the author of the book ""Black Dagger Brotherhood, #1-9""?",J.R. Ward
"Who is the author of the book ""The Roots of Coincidence""?",Arthur Koestler
"Who is the author of the book ""The Little Red Book of Prayers, Quotes and Meditations: A Twelve Step Guide to Prayers For Sober Recovery""?",Glenn Langohr
"Who is the author of the book ""Mountain Top Mystery""?",Gertrude Chandler Warner
"Who is the author of the book ""The Third Life Of Grange Copeland""?",Alice Walker
"Who is the author of the book ""The Evolution Of Theology: An Anthropological Study""?",Thomas Henry Huxley
"Who is the author of the book ""NYPD Red""?",James Patterson
"Who is the author of the book ""Bigger Thomas""?",Richard Wright
"Who is the author of the book ""We Live in Water: Stories""?",Jess Walter
"Who is the author of the book ""Lawless""?",Diana Palmer
"Who is the author of the book ""Darwin's Dangerous Idea: Evolution and the Meanings of Life""?",Daniel C. Dennett
"Who is the author of the book ""Farmer Giles of Ham""?",J.R.R. Tolkien
"Who is the author of the book ""Layer Cake""?",J. J. Connolly
"Who is the author of the book ""Leave It to Psmith""?",P.G. Wodehouse
"Who is the author of the book ""The Curtain: An Essay in Seven Parts""?",Milan Kundera
"Who is the author of the book ""Jane Eyre / Les Hauts de Hurle-Vent / Agnes Grey""?",Charlotte Brontë
"Who is the author of the book ""Welcome to Bordertown""?",Holly Black
"Who is the author of the book ""@NatGeo: The Most Popular Instagram Photos""?",National Geographic Society
"Who is the author of the book ""Alice's Adventures In Wonderland And Through The Looking Glass""?",Lewis Carroll
"Who is the author of the book ""The City of Devi""?",Manil Suri
"Who is the author of the book ""Rise of the Huntress""?",Joseph Delaney
"Who is the author of the book ""Blood: A Southern Fantasy""?",Michael Moorcock
"Who is the author of the book ""Memories of My Melancholy Whores""?",Gabriel García Márquez
"Who is the author of the book ""Of Mess and Moxie: Wrangling Delight Out of This Wild and Glorious Life""?",Jen Hatmaker
"Who is the author of the book ""Shoot the Piano Player""?",David Goodis
"Who is the author of the book ""Trading and Investing Reading Sampler: Volume 1""?",John Wiley and Sons
"Who is the author of the book ""City of Thieves""?",David Benioff
"Who is the author of the book ""Timeline""?",Michael Crichton
"Who is the author of the book ""The Terranauts""?",T. Coraghessan Boyle
"Who is the author of the book ""Nauti Boy""?",Lora Leigh
"Who is the author of the book ""Surrender""?",Lisa Renee Jones
"Who is the author of the book ""Kin""?",Holly Black
"Who is the author of the book ""Searoad""?",Ursula K. Le Guin
"Who is the author of the book ""El Imperio eres tú""?",Javier Moro
"Who is the author of the book ""Franklin's Folly""?",Georgina Grey
"Who is the author of the book ""The Nun""?",Denis Diderot
"Who is the author of the book ""Every Year: Short Stories""?",Cecelia Ahern
"Who is the author of the book ""Lucy Sullivan Is Getting Married""?",Marian Keyes
"Who is the author of the book ""Conversations with Kurt Vonnegut""?",Kurt Vonnegut
"Who is the author of the book ""Sometimes the Magic Works: Lessons from a Writing Life""?",Terry Brooks
"Who is the author of the book ""The Anatomy of a Moment: Thirty-Five Minutes in History and Imagination""?",Javier Cercas
"Who is the author of the book ""Both Ways is the Only Way I Want It""?",Maile Meloy
"Who is the author of the book ""The Last Apprentice: Seventh Son: Book 1 and Book 2""?",Joseph Delaney
"Who is the author of the book ""Second Wind""?",Dick Francis
"Who is the author of the book ""Bouvard and Pecuchet""?",Gustave Flaubert
"Who is the author of the book ""Flores en el ático""?",V.C. Andrews
"Who is the author of the book ""The Retribution""?",Val McDermid
"Who is the author of the book ""The Five Love Languages Singles Edition""?",Gary Chapman
"Who is the author of the book ""Mister Monday""?",Garth Nix
"Who is the author of the book ""This Lullaby""?",Sarah Dessen
"Who is the author of the book ""La lucha contra el demonio""?",Stefan Zweig
"Who is the author of the book ""Moment of Truth""?",Lisa Scottoline
"Who is the author of the book ""Open: How We’ll Work, Live and Learn In The Future""?",David Price
"Who is the author of the book ""Katherine of Aragon, the True Queen""?",Alison Weir
"Who is the author of the book ""Dealing in Futures""?",Joe Haldeman
"Who is the author of the book ""Chaotic""?",Kelley Armstrong
"Who is the author of the book ""The Lesson of Her Death""?",Jeffery Deaver
"Who is the author of the book ""The Call of the Wild/White Fang""?",Jack London
"Who is the author of the book ""I Am Malala: The Story of the Girl Who Stood Up for Education and Was Shot by the Taliban""?",Malala Yousafzai
"Who is the author of the book ""The Milagro Beanfield War""?",John Nichols
"Who is the author of the book ""Midnight Falcon""?",David Gemmell
"Who is the author of the book ""Maximum Ride, Vol. 3""?",James Patterson
"Who is the author of the book ""Monster Nation""?",David Wellington
"Who is the author of the book ""Peas & Queues: The Minefield of Modern Manners""?",Sandi Toksvig
"Who is the author of the book ""Theogony / Works and Days""?",Hesiod
"Who is the author of the book ""Robert Ludlum's Bourne Collection: 8 Great Novels""?",Robert Ludlum
"Who is the author of the book ""Plum Island""?",Nelson DeMille
"Who is the author of the book ""The Adventuress""?",Audrey Niffenegger
"Who is the author of the book ""The Door into Summer""?",Robert A. Heinlein
"Who is the author of the book ""Noah Barleywater Runs Away: A Fairytale""?",John Boyne
"Who is the author of the book ""Demon's Kiss""?",Maggie Shayne
"Who is the author of the book ""The Duck Commander Family""?",Willie Robertson
"Who is the author of the book ""Beyond Tuesday Morning""?",Karen Kingsbury
"Who is the author of the book ""Actors Anonymous: A Novel""?",James Franco
"Who is the author of the book ""Liar, Liar: The Theory, Practice and Destructive Properties of Deception""?",Gary Paulsen
"Who is the author of the book ""Dr. Haggard's Disease""?",Patrick McGrath
"Who is the author of the book ""The Importance of Being Earnest: And Other Plays""?",Oscar Wilde
"Who is the author of the book ""On Ugliness""?",Umberto Eco
"Who is the author of the book ""Love Letters in the Sand: The Love Poems of Khalil Gibran""?",Kahlil Gibran
"Who is the author of the book ""The Hellfire Club""?",Peter Straub
"Who is the author of the book ""The Man from the Diogenes Club""?",Kim Newman
"Who is the author of the book ""Abarat""?",Clive Barker
"Who is the author of the book ""Inside the Third Reich""?",Albert Speer
"Who is the author of the book ""Same Sun Here""?",Silas House
"Who is the author of the book ""Summer Rental""?",Mary Kay Andrews
"Who is the author of the book ""The Milk Train Doesn't Stop Here Anymore""?",Tennessee Williams
"Who is the author of the book ""Moloka'i""?",Alan Brennert
"Who is the author of the book ""Willing to Believe: The Controversy over Free Will""?",R.C. Sproul
"Who is the author of the book ""Caboose Mystery""?",Gertrude Chandler Warner
"Who is the author of the book ""Undercover Sex Signals: A Guide For Guys""?",Leil Lowndes
"Who is the author of the book ""Intimate Matters: A History of Sexuality in America, Third Edition""?",John D'Emilio
"Who is the author of the book ""Hellblazer: All His Engines""?",Mike Carey
"Who is the author of the book ""Siddharta""?",Hermann Hesse
"Who is the author of the book ""No Judgments""?",Meg Cabot
"Who is the author of the book ""The Journals of Susanna Moodie""?",Margaret Atwood
"Who is the author of the book ""World Brain""?",H.G. Wells
"Who is the author of the book ""Despereaux = Tale of Despereaux""?",Kate DiCamillo
"Who is the author of the book ""The Pusher""?",Ed McBain
"Who is the author of the book ""The Bloodline Feud""?",Charles Stross
"Who is the author of the book ""The Wire In The Blood""?",Val McDermid
"Who is the author of the book ""Kitty and the Silver Bullet""?",Carrie Vaughn
"Who is the author of the book ""House of Holes""?",Nicholson Baker
"Who is the author of the book ""Twilight Sleep""?",Edith Wharton
"Who is the author of the book ""Love is Stronger Than Death""?",Peter Kreeft
"Who is the author of the book ""Dinner at the Center of the Earth""?",Nathan Englander
"Who is the author of the book ""The Complete Notebooks of Henry James""?",Henry James
"Who is the author of the book ""Green Mars""?",Kim Stanley Robinson
"Who is the author of the book ""Prince of Foxes: The Best-Selling Historical Epic""?",Samuel Shellabarger
"Who is the author of the book ""Be Patient (Job): Waiting on God in Difficult Times""?",Warren W. Wiersbe
"Who is the author of the book ""Shadow Tyrants""?",Clive Cussler
"Who is the author of the book ""It's Not About The Bike: My Journey Back To Life""?",Lance Armstrong and Sally Jenkins
"Who is the author of the book ""Fragile Things: Short Fictions and Wonders""?",Neil Gaiman
"Who is the author of the book ""Size 12 and Ready to Rock""?",Meg Cabot
"Who is the author of the book ""A Fine Summer's Day""?",Charles Todd
"Who is the author of the book ""Jump Cut""?",Max Allan Collins
"Who is the author of the book ""The Book of the SubGenius : The Sacred Teachings of J.R. 'Bob' Dobbs""?",J.R. Dobbs
"Who is the author of the book ""Middle School: How I Survived Bullies, Broccoli, and Snake Hill""?",James Patterson
"Who is the author of the book ""My Life So Far""?",Jane Fonda
"Who is the author of the book ""сърцето ти нося""?",E.E. Cummings
"Who is the author of the book ""Tomb of the Golden Bird""?",Elizabeth Peters
"Who is the author of the book ""Dearly Beloved""?",Mary Jo Putney
"Who is the author of the book ""My Sister's Keeper""?",Jodi Picoult
"Who is the author of the book ""Mindfulness for Beginners""?",Jon Kabat-Zinn
"Who is the author of the book ""A Game of Thrones""?",George R. R. Martin
"Who is the author of the book ""The Lost Get-Back Boogie""?",James Lee Burke
"Who is the author of the book ""Freya of the Seven Isles""?",Joseph Conrad
"Who is the author of the book ""The Cancer Journals""?",Audre Lorde
"Who is the author of the book ""The Sadeian Woman: An Exercise in Cultural History""?",Angela Carter
"Who is the author of the book ""The Marsh King's Daughter""?",Elizabeth Chadwick
"Who is the author of the book ""The Grapes of Wrath""?",John Steinbeck
"Who is the author of the book ""Rocannon's World""?",Ursula K. Le Guin
"Who is the author of the book ""Diable, a Dog""?",Jack London
"Who is the author of the book ""Naked Economics: Undressing the Dismal Science""?",Charles Wheelan
"Who is the author of the book ""Letters""?",D.H. Lawrence
"Who is the author of the book ""The Full Cupboard of Life""?",Alexander McCall Smith
"Who is the author of the book ""The Autobiography and Correspondence of Edward Gibbon the Historian""?",Edward Gibbon
"Who is the author of the book ""Happy Money: The Science of Smarter Spending""?",Elizabeth Dunn
"Who is the author of the book ""‫السمان والخريف ‬""?",Naguib Mahfouz
"Who is the author of the book ""The Science of Philip Pullman's His Dark Materials""?",Philip Pullman
"Who is the author of the book ""Grateful: The Transformative Power of Giving Thanks""?",Diana Butler Bass
"Who is the author of the book ""Not That Bad: Dispatches from Rape Culture""?",Roxane Gay
"Who is the author of the book ""Earth in the Balance: Ecology and the Human Spirit""?",Al Gore
"Who is the author of the book ""The Naked Ape: A Zoologist's Study of the Human Animal""?",Desmond Morris
"Who is the author of the book ""Awakening Your Inner Genius""?",Sean Patrick
"Who is the author of the book ""The Haunted Man and the Ghost's Bargain""?",Charles Dickens
"Who is the author of the book ""In the Year of Our Lord: Reflections on Twenty Centuries of Church History""?",Sinclair B. Ferguson
"Who is the author of the book ""To Show and to Tell: The Craft of Literary Nonfiction""?",Phillip Lopate
"Who is the author of the book ""Inventing the Enemy: Essays""?",Umberto Eco
"Who is the author of the book ""Beyond Eden""?",Catherine Coulter
"Who is the author of the book ""El Ingenioso Hidalgo Don Quijote De La Mancha, Volume 1""?",Miguel de Cervantes Saavedra
"Who is the author of the book ""PRIMAL Unleashed""?",Jack Silkstone
"Who is the author of the book ""Change: Principles of Problem Formation and Problem Resolution""?",Paul Watzlawick
"Who is the author of the book ""Angst""?",Stefan Zweig
"Who is the author of the book ""Revelation""?",Drew Karpyshyn
"Who is the author of the book ""The Masqueraders""?",Georgette Heyer
"Who is the author of the book ""Worlds 2""?",Eric Flint
"Who is the author of the book ""Artemis Fowl and the Eternity Code""?",Eoin Colfer
"Who is the author of the book ""This Morning, This Evening, So Soon""?",James Baldwin
"Who is the author of the book ""Barn Burning and other stories""?",William Faulkner
"Who is the author of the book ""Metro Girl""?",Janet Evanovich
"Who is the author of the book ""Trapped""?",Kevin Hearne
"Who is the author of the book ""The Blue Cross: A Father Brown Mystery""?",G.K. Chesterton
"Who is the author of the book ""The Thinker's Way""?",John Chaffee
"Who is the author of the book ""Listen""?",Rene Gutteridge
"Who is the author of the book ""Mr. Monk is Cleaned Out""?",Lee Goldberg
"Who is the author of the book ""The 7 Habits of Highly Effective People""?",Stephen Covey
"Who is the author of the book ""Troll's Eye View: A Book of Villainous Tales""?",Ellen Datlow
"Who is the author of the book ""Necklace of Kisses""?",Francesca Lia Block
"Who is the author of the book ""Alacakaranlıkta Bir Öykü""?",Stefan Zweig
"Who is the author of the book ""Terminal Freeze""?",Lincoln Child
"Who is the author of the book ""The Brothers Karamazov: By Fyodor Dostoyevsky - Illustrated And Unabridged""?",Fyodor Dostoyevsky
"Who is the author of the book ""City of Truth""?",James K. Morrow
"Who is the author of the book ""Lioness Rampant""?",Tamora Pierce
"Who is the author of the book ""Unlucky 13""?",James Patterson
"Who is the author of the book ""All Stirred Up""?",Z.A. Maxfield
"Who is the author of the book ""The Star""?",Arthur C. Clarke
"Who is the author of the book ""Midnighters Manga #1""?",Scott Westerfeld
"Who is the author of the book ""Room""?",Emma Donoghue
"Who is the author of the book ""Fame""?",Karen Kingsbury
"Who is the author of the book ""Reel to Real: Race, Sex, and Class at the Movies""?",bell hooks
"Who is the author of the book ""The Firebrand""?",Marion Zimmer Bradley
"Who is the author of the book ""To Beguile a Beast""?",Elizabeth Hoyt
"Who is the author of the book ""At the End of the Century: The Stories of Ruth Prawer Jhabvala""?",Ruth Prawer Jhabvala
"Who is the author of the book ""The Starlight Crystal""?",Christopher Pike
"Who is the author of the book ""On Beulah Height""?",Reginald Hill
"Who is the author of the book ""Death of a Policeman""?",M.C. Beaton
"Who is the author of the book ""SALT Summaries, Condensed Ideas About Long-term Thinking""?",Stewart Brand
"Who is the author of the book ""Eric Brighteyes""?",H. Rider Haggard
"Who is the author of the book ""The Euro: How a Common Currency Threatens the Future of Europe""?",Joseph E. Stiglitz
"Who is the author of the book ""The Wild Ass's Skin""?",Honoré de Balzac
"Who is the author of the book ""The Beauty of the Husband: A Fictional Essay in 29 Tangos""?",Anne Carson
"Who is the author of the book ""Best New Horror 21""?",Mark Valentine
"Who is the author of the book ""Simple Times: Crafts for Poor People""?",Amy Sedaris
"Who is the author of the book ""Decoded""?",Jay-Z
"Who is the author of the book ""Taran Wanderer""?",Lloyd Alexander
"Who is the author of the book ""The Eternal Wonder""?",Pearl S. Buck
"Who is the author of the book ""Toda buena obra: Conectando tu trabajo con el de Dios""?",Timothy J. Keller
"Who is the author of the book ""The Screwtape Letters""?",C.S. Lewis
"Who is the author of the book ""Riot""?",Shashi Tharoor
"Who is the author of the book ""The Case of Charles Dexter Ward""?",H P Lovecraft
"Who is the author of the book ""The Harry Bosch Novels: The Black Echo / The Black Ice / The Concrete Blonde""?",Michael Connelly
"Who is the author of the book ""Hamilton: The Revolution""?",Jeremy McCarter
"Who is the author of the book ""Darkness Arisen""?",Stephanie Rowe
"Who is the author of the book ""Loving God with All Your Mind""?",Elizabeth George
"Who is the author of the book ""La trilogía de Nueva York""?",Paul Auster
"Who is the author of the book ""Leaders' Map""?",John D.H. Greenway
"Who is the author of the book ""The Slider Song Album""?",Marc Bolan
"Who is the author of the book ""Maru""?",Bessie Head
"Who is the author of the book ""Never Again Good-bye""?",Terri Blackstock
"Who is the author of the book ""Sharing Jesus without Freaking Out: Evangelism the Way You Were Born to Do It""?",Alvin L. Reid
"Who is the author of the book ""A Greyhound of a Girl""?",Roddy Doyle
"Who is the author of the book ""Jessi's Secret Language""?",Ann M. Martin
"Who is the author of the book ""Tailchaser's Song""?",Tad Williams
"Who is the author of the book ""Morning Yet on Creation Day: Essays""?",Chinua Achebe
"Who is the author of the book ""Centaur Aisle""?",Piers Anthony
"Who is the author of the book ""Lisa Jackson's Bentz & Montoya Bundle: Shiver, Absolute Fear, Lost Souls, Hot Blooded, Cold Blooded, Malice & Devious""?",Lisa Jackson
"Who is the author of the book ""Riptide""?",Douglas Preston Lincoln Child
"Who is the author of the book ""1493: How the Ecological Collision of Europe and the Americas Gave Rise to the Modern World""?",Charles C. Mann
"Who is the author of the book ""La elegancia del erizo""?",Muriel Barbery
"Who is the author of the book ""The Love of a Good Woman""?",Alice Munro
"Who is the author of the book ""Plague Ship[A Novel Of The Oregon Files]""?",Clive Cussler and Jack Du Brul
"Who is the author of the book ""Self-Made Men""?",Frederick Douglass
"Who is the author of the book ""The Accidental Billionaires: The Founding of Facebook, a Tale of Sex, Money, Genius, and Betrayal""?",Ben Mezrich
"Who is the author of the book ""The Leadership Ellipse: Shaping How We Lead by Who We Are""?",Robert A. Fryling
"Who is the author of the book ""This Is Push: New Stories from the Edge""?",Eireann Corrigan
"Who is the author of the book ""The Downhill Lie: A Hacker's Return to a Ruinous Sport""?",Carl Hiaasen
"Who is the author of the book ""The Pilot: A Tale of the Sea""?",James Fenimore Cooper
"Who is the author of the book ""A Grave Talent""?",Laurie R. King
"Who is the author of the book ""The Mouse That Roared Boxed Set""?",Leonard Wibberley
"Who is the author of the book ""Lord John and the Private Matter""?",Diana Gabaldon
"Who is the author of the book ""The Escape""?",David Baldacci
"Who is the author of the book ""Looking for Alaska""?",John Green
"Who is the author of the book ""Oathbreakers""?",Mercedes Lackey
"Who is the author of the book ""Simply Magic""?",Mary Balogh
"Who is the author of the book ""The Innovator's Dilemma: When New Technologies Cause Great Firms to Fail""?",Clayton M. Christensen
"Who is the author of the book ""The Tin Princess""?",Philip Pullman
"Who is the author of the book ""Chasing Hillary: Ten Years, Two Presidential Campaigns, and One Intact Glass Ceiling""?",Amy Chozick
"Who is the author of the book ""The Moonspinners""?",Mary Stewart
"Who is the author of the book ""Lust For Life""?",Irving Stone
"Who is the author of the book ""Dangerous Games""?",Margaret MacMillan
"Who is the author of the book ""Foxfire: Confessions of a Girl Gang""?",Joyce Carol Oates
"Who is the author of the book ""Hilarity Ensues""?",Tucker Max
"Who is the author of the book ""Dear Antoine: Or, the Love That Failed""?",Jean Anouilh
"Who is the author of the book ""The Adventures of Sherlock Holmes""?",Arthur Conan Doyle
"Who is the author of the book ""Not Quite a Wife""?",Mary Jo Putney
"Who is the author of the book ""Full Catastrophe Living: Using the Wisdom of Your Body and Mind to Face Stress, Pain, and Illness""?",Jon Kabat-Zinn
"Who is the author of the book ""The Second Common Reader""?",Virginia Woolf
"Who is the author of the book ""El Jardín Secreto [Versión Íntegra]""?",Frances Hodgson Burnett
"Who is the author of the book ""Tempest: All-New Tales of Valdemar""?",Mercedes Lackey
"Who is the author of the book ""Economics in One Lesson: The Shortest and Surest Way to Understand Basic Economics""?",Henry Hazlitt
"Who is the author of the book ""Put Your Dream to the Test: 10 Questions That Will Help You See It and Seize It""?",John C. Maxwell
"Who is the author of the book ""Sarah""?",Orson Scott Card
"Who is the author of the book ""Warrior Politics: Why Leadership Requires a Pagan Ethos""?",Robert D. Kaplan
"Who is the author of the book ""Rosa de fuego""?",Carlos Ruiz Zafón
"Who is the author of the book ""Flashman and the Dragon""?",George MacDonald Fraser
"Who is the author of the book ""C is for Clown""?",Iain Rob Wright
"Who is the author of the book ""I Even Funnier - FREE PREVIEW EDITION (The First 13 Chapters): A Middle School Story""?",James Patterson
"Who is the author of the book ""Picture Perfect""?",Jodi Picoult
"Who is the author of the book ""The Graveyard of the Hesperides""?",Lindsey Davis
"Who is the author of the book ""Frost and Fire""?",Ray Bradbury
"Who is the author of the book ""The Jeeves & Wooster Series: The Glorious Adventures of Bertie Wooster & His Valet Reginald Jeeves: Leave it to Jeeves, Jeeves and the Unbidden Guest, ... the Springtime, Aunt Agatha Takes the Count""?",P.G. Wodehouse
"Who is the author of the book ""Windmills of the Gods""?",Sidney Sheldon
"Who is the author of the book ""The Short History of a Prince""?",Jane Hamilton
"Who is the author of the book ""Discrimination and Disparities""?",Thomas Sowell
"Who is the author of the book ""Acheron""?",Sherrilyn Kenyon
"Who is the author of the book ""Los ojos de mi princesa""?",Carlos Cuauhtémoc Sánchez
"Who is the author of the book ""La invención de Morel""?",Adolfo Bioy Casares
"Who is the author of the book ""The Best American Science and Nature Writing 2014""?",Deborah Blum
"Who is the author of the book ""La Force De l'Age""?",Simone de Beauvoir
"Who is the author of the book ""The Ministry of Fear""?",Graham Greene
"Who is the author of the book ""A Little History Of Philosophy""?",Nigel Warburton
"Who is the author of the book ""Magician's End""?",Raymond E. Feist
"Who is the author of the book ""Feminist Theory: From Margin to Center""?",Bell Hooks
"Who is the author of the book ""Ship of Magic""?",Robin Hobb
"Who is the author of the book ""The Historian""?",Elizabeth Kostova
"Who is the author of the book ""Inside the Mind of Gideon Rayburn""?",Sarah Miller
"Who is the author of the book ""Exemplary Stories""?",Miguel de Cervantes Saavedra
"Who is the author of the book ""Canoeing in the Wilderness""?",Henry David Thoreau
"Who is the author of the book ""The Car""?",Gary Paulsen
"Who is the author of the book ""The Western Canon""?",Harold Bloom
"Who is the author of the book ""The Hunter""?",Tom Wood
"Who is the author of the book ""A Good Woman""?",Danielle Steel
"Who is the author of the book ""The Art of Listening""?",Erich Fromm
"Who is the author of the book ""Best Food Writing 2010""?",Holly Hughes
"Who is the author of the book ""Depression: A Stubborn Darkness--Light for the Path""?",Edward T. Welch
"Who is the author of the book ""The Devil's Waters""?",David L. Robbins
"Who is the author of the book ""The Black Company""?",Glen Cook
"Who is the author of the book ""الشحاذ""?",Naguib Mahfouz
"Who is the author of the book ""You Make Me""?",Erin McCarthy
"Who is the author of the book ""The Mark and the Void: A Novel""?",Paul Murray
"Who is the author of the book ""Rich Dad's Who Took My Money?: Why Slow Investors Lose and Fast Money Wins!""?",Robert T. Kiyosaki
"Who is the author of the book ""Easy Go""?",John Lange
"Who is the author of the book ""Leota's Garden""?",Francine Rivers
"Who is the author of the book ""The real life of Sebastian Knight""?",Vladimir Nabokov
"Who is the author of the book ""Rick Steves Spain 2015""?",Rick Steves
"Who is the author of the book ""The Museum of Innocence""?",Orhan Pamuk
"Who is the author of the book ""Arcana Rising""?",Kresley Cole
"Who is the author of the book ""Shadowland""?",Meg Cabot
"Who is the author of the book ""A Study in Sable""?",Mercedes Lackey
"Who is the author of the book ""Hidden""?",Barbara Taylor Bradford
"Who is the author of the book ""Books, Movies, Rhythm, Blues (Penguin Special): Twenty Years of Writing about Film, Music and Books""?",Nick Hornby
"Who is the author of the book ""Pastoralia""?",George Saunders
"Who is the author of the book ""Dying Scream""?",Mary Burton
"Who is the author of the book ""The Cat Who Could Read Backwards""?",Lilian Jackson Braun
"Who is the author of the book ""Faster: The Acceleration of Just About Everything""?",James Gleick
"Who is the author of the book ""Rick Steves' Walk: Trastevere, Rome""?",Rick Steves
"Who is the author of the book ""Water for Elephants""?",Sara Gruen
"Who is the author of the book ""Happy Hour at Casa Dracula""?",Marta Acosta
"Who is the author of the book ""The Merry Adventures of Robin Hood of Great Renown in Nottinghamshire""?",Howard Pyle
"Who is the author of the book ""The Dutch House""?",Ann Patchett
"Who is the author of the book ""House of Robots: Robot Revolution""?",James Patterson
"Who is the author of the book ""Small Island""?",Andrea Levy
"Who is the author of the book ""All The Pretty Horses""?",Cormac McCarthy
"Who is the author of the book ""The Choirboys""?",Joseph Wambaugh
"Who is the author of the book ""Darkness Seduced""?",Stephanie Rowe
