question,answers,type,template_variant
"Who is the author of the book ""Prince Caspian""?",C.S. Lewis,book-author,author-of-book
"Who is the author of the book ""Camp Princess 2: Unicorns? Get Real!""?",Kathryn Lasky,book-author,author-of-book
"Who wrote the book ""At Last Comes Love""?",Mary Balogh,book-author,who-wrote-book
"Who wrote the book ""Rick Steves' Tour: Appian Way, Rome""?",Rick Steves,book-author,who-wrote-book
"Who is the author of the book ""Armageddon: The Musical""?",Robert Rankin,book-author,author-of-book
"Who is the author of the book ""Hölderlin, Kleist, and Nietzsche: The Struggle with the Daemon""?",Stefan Zweig,book-author,author-of-book
"Who wrote the book ""Plot & Structure: Techniques and Exercises for Crafting a Plot That Grips Readers from Start to Finish""?",James Scott Bell,book-author,who-wrote-book
"Who wrote the book ""Toilers of the Sea Part 1""?",Victor Hugo,book-author,who-wrote-book
"Who is the author of the book ""Dark Sacred Night""?",Michael Connelly,book-author,author-of-book
"Who wrote the book ""All They Need""?",Sarah Mayberry,book-author,who-wrote-book
"Who wrote the book ""Ulysses: The 1922 Text""?",James Joyce,book-author,who-wrote-book
"Who is the author of the book ""In Pursuit of Peace: 21 Ways to Conquer Anxiety, Fear, and Discontentment""?",Joyce Meyer,book-author,author-of-book
"Who is the author of the book ""Forgiven""?",Karen Kingsbury,book-author,author-of-book
"Who is the author of the book ""Visions of Cody""?",Jack Kerouac,book-author,author-of-book
"Who wrote the book ""Bleach―ブリーチ― 49 [Burīchi 49]""?",Tite Kubo,book-author,who-wrote-book
"Who wrote the book ""Dreams of Earth and Sky""?",Freeman Dyson,book-author,who-wrote-book
"Who wrote the book ""Alice's Adventures in Wonderland and Through the Looking-Glass: With an Excerpt from the Life and Letters of Lewis Carroll""?",Lewis Carroll,book-author,who-wrote-book
"Who wrote the book ""Faceless Killers""?",Henning Mankell,book-author,who-wrote-book
"Who is the author of the book ""The Myth of the Spoiled Child: Coddled Kids, Helicopter Parents, and Other Phony Crises""?",Alfie Kohn,book-author,author-of-book
"Who wrote the book ""Elements of the Philosophy of Right""?",Georg Wilhelm Friedrich Hegel,book-author,who-wrote-book
"Who is the author of the book ""A Whisper to the Living""?",Stuart M. Kaminsky,book-author,author-of-book
"Who wrote the book ""Thomas Pynchon""?",Joseph W. Slade,book-author,who-wrote-book
"Who is the author of the book ""A Wilder Rose""?",Susan Wittig Albert,book-author,author-of-book
"Who wrote the book ""Enid Blyton: The Biography""?",Barbara Stoney,book-author,who-wrote-book
"Who is the author of the book ""Buffalo Bill Cody: The Man Behind the Legend""?",Robert A. Carter,book-author,author-of-book
"Who wrote the book ""Goodbye Columbus""?",Philip Roth,book-author,who-wrote-book
"Who is the author of the book ""Rules of Engagement: An Anthology""?",Stephanie Laurens,book-author,author-of-book
"Who is the author of the book ""The Dharma Bums""?",Jack Kerouac,book-author,author-of-book
"Who is the author of the book ""Living Color: Painting, Writing, and the Bones of Seeing""?",Natalie Goldberg,book-author,author-of-book
"Who wrote the book ""The Information: A History, a Theory, a Flood""?",James Gleick,book-author,who-wrote-book
"Who wrote the book ""The Sisters: The Saga of the Mitford Family""?",Mary S. Lovell,book-author,who-wrote-book
"Who is the author of the book ""Pandora""?",Anne Rice,book-author,author-of-book
"Who is the author of the book ""The Partly Cloudy Patriot""?",Sarah Vowell,book-author,author-of-book
"Who wrote the book ""Bean There, Done That""?",Sandra Balzo,book-author,who-wrote-book
"Who wrote the book ""Grits (Girls Raised in the South) Guide to Life""?",Deborah Ford,book-author,who-wrote-book
"Who wrote the book ""The Battle of Corrin""?",Brian Herbert,book-author,who-wrote-book
"Who wrote the book ""Perfidia""?",James Ellroy,book-author,who-wrote-book
"Who is the author of the book ""Up Country""?",Nelson DeMille,book-author,author-of-book
"Who wrote the book ""Leonardo's Swans""?",Karen Essex,book-author,who-wrote-book
"Who is the author of the book ""Lawn Boy Returns""?",Gary Paulsen,book-author,author-of-book
"Who wrote the book ""Introduction to Lexivism""?",Alexander Lloyd Curran,book-author,who-wrote-book
"Who wrote the book ""Unknown""?",Rachel Caine,book-author,who-wrote-book
"Who is the author of the book ""Something Strange and Deadly""?",Susan Dennard,book-author,author-of-book
"Who is the author of the book ""When the Wind Blows""?",James Patterson,book-author,author-of-book
"Who wrote the book ""Red Scare in the Green Mountains: The McCarthy Era in Vermont 1946-1960""?",Rick Winston,book-author,who-wrote-book
"Who is the author of the book ""The 1002nd Book to Read Before You Die""?",M.J. Nicholls,book-author,author-of-book
"Who wrote the book ""Mr. Harrison's Confessions""?",Elizabeth Gaskell,book-author,who-wrote-book
"Who is the author of the book ""The Sacredness of Questioning Everything""?",David Dark,book-author,author-of-book
"Who wrote the book ""Sita""?",Kate Millett,book-author,who-wrote-book
"Who is the author of the book ""The Supergirls: Fashion, Feminism, Fantasy, and the History of Comic Book Heroines""?",Mike Madrid,book-author,author-of-book
"Who is the author of the book ""The Master of Ballantrae""?",Robert Louis Stevenson,book-author,author-of-book
"Who is the author of the book ""The Lake of Souls""?",Darren Shan,book-author,author-of-book
"Who wrote the book ""Breathe: One woman's journey to save her husband and herself""?",Barbara Thornbury,book-author,who-wrote-book
"Who wrote the book ""Kink""?",Nikki Sex,book-author,who-wrote-book
"Who is the author of the book ""Some Inspiration for the Overenthusiastic""?",Bauvard,book-author,author-of-book
"Who is the author of the book ""The Impostor""?",Celeste Bradley,book-author,author-of-book
"Who wrote the book ""Hear the Wind Sing""?",Haruki Murakami,book-author,who-wrote-book
"Who wrote the book ""An Object Of Beauty""?",Steve Martin,book-author,who-wrote-book
"Who wrote the book ""The Imagination""?",Jean-Paul Sartre,book-author,who-wrote-book
"Who is the author of the book ""Complicity""?",Iain M. Banks,book-author,author-of-book
"Who is the author of the book ""The Road to Daybreak: A Spiritual Journey""?",Henri J.M. Nouwen,book-author,author-of-book
"Who wrote the book ""Ben Folds Five - The Unauthorized Biography of Reinhold Messner""?",Ben Folds,book-author,who-wrote-book
"Who wrote the book ""Becoming Wise: An Inquiry into the Mystery and Art of Living""?",Krista Tippett,book-author,who-wrote-book
"Who is the author of the book ""Be Obedient (Genesis 12-25): Learning the Secret of Living by Faith""?",Warren W. Wiersbe,book-author,author-of-book
"Who wrote the book ""Island of the Blue Dolphins""?",Scott O'Dell,book-author,who-wrote-book
"Who wrote the book ""Two by Two""?",Nicholas Sparks,book-author,who-wrote-book
"Who wrote the book ""La Fanfarlo""?",Charles Baudelaire,book-author,who-wrote-book
"Who is the author of the book ""The Run-Out Groove""?",Andrew Cartmel,book-author,author-of-book
"Who wrote the book ""Resurrection Man""?",Sean Stewart,book-author,who-wrote-book
"Who is the author of the book ""The Collector of Dying Breaths""?",M.J. Rose,book-author,author-of-book
"Who wrote the book ""Notebooks 1935-1942""?",Albert Camus,book-author,who-wrote-book
"Who wrote the book ""Winner Lose All""?",Timothy Zahn,book-author,who-wrote-book
"Who wrote the book ""Murder in the Mystery Suite""?",Ellery Adams,book-author,who-wrote-book
"Who is the author of the book ""A Star in the Face of the Sky""?",David Haynes,book-author,author-of-book
"Who wrote the book ""The Ballad of Lucy Whipple""?",Karen Cushman,book-author,who-wrote-book
"Who wrote the book ""The Grace of Repentance (Today's Issues""?",Sinclair B. Ferguson,book-author,who-wrote-book
"Who wrote the book ""Doce hombres comunes y corrientes: Cómo el Maestro formó a sus discípulos para la grandeza, y lo que Él quiere hacer contigo""?",John F. MacArthur Jr.,book-author,who-wrote-book
"Who wrote the book ""Wild Mind: Living the Writer's Life""?",Natalie Goldberg,book-author,who-wrote-book
"Who is the author of the book ""Because of Winn-Dixie""?",Kate DiCamillo,book-author,author-of-book
"Who is the author of the book ""Stranded with a Billionaire""?",Jessica Clare,book-author,author-of-book
"Who wrote the book ""The Sheik and the Bought Bride""?",Susan Mallery,book-author,who-wrote-book
"Who wrote the book ""Brothers, We Are Not Professionals: A Plea to Pastors for Radical Ministry""?",John Piper,book-author,who-wrote-book
"Who wrote the book ""When the Snow Fell""?",Henning Mankell,book-author,who-wrote-book
"Who wrote the book ""The Story of Don Quixote""?",Cervantes Saavedra Miguel de,book-author,who-wrote-book
"Who is the author of the book ""Hannah's List""?",Debbie Macomber,book-author,author-of-book
"Who wrote the book ""Hospital Sketches""?",Louisa May Alcott,book-author,who-wrote-book
"Who wrote the book ""Pavilion of Women""?",Pearl S. Buck,book-author,who-wrote-book
"Who is the author of the book ""Armageddon""?",Leon Uris,book-author,author-of-book
"Who wrote the book ""The Social Sex: A History of Female Friendship""?",Marilyn Yalom,book-author,who-wrote-book
"Who is the author of the book ""Infamous""?",Cecily von Ziegesar,book-author,author-of-book
"Who is the author of the book ""A Clockwork Orange""?",Anthony Burgess,book-author,author-of-book
"Who is the author of the book ""The Devil's Chessboard: Allen Dulles and the Rise of America's Secret Government""?",David Talbot,book-author,author-of-book
"Who wrote the book ""Flaubert's Parrot""?",Julian Barnes,book-author,who-wrote-book
"Who wrote the book ""Paris""?",Edward Rutherfurd,book-author,who-wrote-book
"Who wrote the book ""Henry VIII""?",William Shakespeare,book-author,who-wrote-book
"Who is the author of the book ""A Discovery of Witches""?",Deborah Harkness,book-author,author-of-book
"Who is the author of the book ""Collected Shorter Plays""?",Samuel Beckett,book-author,author-of-book
"Who wrote the book ""Experience the Impossible: Simple Ways to Unleash Heaven's Power on Earth""?",Bill Johnson,book-author,who-wrote-book
"Who is the author of the book ""Once Upon a Time""?",Francine Pascal,book-author,author-of-book
"Who wrote the book ""The Footprints of God: A Novel""?",Greg Iles,book-author,who-wrote-book
"Who is the author of the book ""The Sagan Diary""?",John Scalzi,book-author,author-of-book
"Who wrote the book ""Light""?",M. John Harrison,book-author,who-wrote-book
"Who is the author of the book ""V for Vendetta, Vol. III of X""?",Alan Moore,book-author,author-of-book
"Who is the author of the book ""Across the Wall: A Tale of the Abhorsen and Other Stories""?",Garth Nix,book-author,author-of-book
"Who is the author of the book ""Carry On""?",Rainbow Rowell,book-author,author-of-book
"Who wrote the book ""Imperfect Birds""?",Anne Lamott,book-author,who-wrote-book
"Who wrote the book ""Enchantments""?",Kathryn Harrison,book-author,who-wrote-book
"Who is the author of the book ""Fullmetal Alchemist""?",Hiromu Arakawa,book-author,author-of-book
"Who wrote the book ""Jonathan Livingston Seagull: A story""?",Richard Bach,book-author,who-wrote-book
"Who is the author of the book ""Dance of the Happy Shades""?",Alice Munro,book-author,author-of-book
"Who is the author of the book ""The Work of Christ: What the Events of Jesus' Life Mean for You""?",R.C. Sproul,book-author,author-of-book
"Who is the author of the book ""The Value of X""?",Poppy Z. Brite,book-author,author-of-book
"Who wrote the book ""My Nine Lives: Chapters of a Possible Past""?",Ruth Prawer Jhabvala,book-author,who-wrote-book
"Who wrote the book ""The Best Horror of the Year: 2""?",Ellen Datlow,book-author,who-wrote-book
"Who is the author of the book ""William Shakespeare""?",Victor Hugo,book-author,author-of-book
"Who wrote the book ""The Goddess Rules""?",Clare Naylor,book-author,who-wrote-book
"Who is the author of the book ""Who Will Cry When You Die?: Life Lessons From The Monk Who Sold His Ferrari""?",Robin S. Sharma,book-author,author-of-book
"Who is the author of the book ""Gone For Soldiers""?",Jeff Shaara,book-author,author-of-book
"Who is the author of the book ""Poseidon's Arrow""?",Clive Cussler,book-author,author-of-book
"Who is the author of the book ""Surprised by Suffering""?",R.C. Sproul,book-author,author-of-book
"Who wrote the book ""Wir Philologen - Friedrich Nietzsche: Wir Philologen Friedrich Nietzsche Volltext""?",Friedrich Wilhelm Nietzsche,book-author,who-wrote-book
"Who is the author of the book ""Wild Ride""?",Jennifer Crusie,book-author,author-of-book
"Who wrote the book ""No Ordinary Love""?",Mary Balogh,book-author,who-wrote-book
"Who is the author of the book ""Men in the Off Hours""?",Anne Carson,book-author,author-of-book
"Who is the author of the book ""No In Between""?",Lisa Renee Jones,book-author,author-of-book
"Who wrote the book ""Vingt mille lieues sous les mers : tome 2""?",Jules Verne,book-author,who-wrote-book
"Who wrote the book ""The Fry Chronicles""?",Stephen Fry,book-author,who-wrote-book
"Who wrote the book ""This Storm""?",James Ellroy,book-author,who-wrote-book
"Who is the author of the book ""Underdogs""?",Markus Zusak,book-author,author-of-book
"Who wrote the book ""Onward: Cultivating Emotional Resilience in Educators""?",Elena Aguilar,book-author,who-wrote-book
"Who wrote the book ""Throwing the Elephant""?",Stanley Bing,book-author,who-wrote-book
"Who is the author of the book ""The Bermudez Triangle""?",Maureen Johnson,book-author,author-of-book
"Who is the author of the book ""Sherlock Holmes""?",Arthur Conan Doyle,book-author,author-of-book
"Who is the author of the book ""The Complete Works of Ralph Waldo Emerson & Henry David Thoreau""?",Ralph Waldo Emerson,book-author,author-of-book
"Who is the author of the book ""How to Be a Heroine: Or, What I've Learned from Reading too Much""?",Samantha Ellis,book-author,author-of-book
"Who wrote the book ""Engineering Infinity""?",Charles Stross,book-author,who-wrote-book
"Who is the author of the book ""The Elfstones of Shannara""?",Terry Brooks,book-author,author-of-book
"Who wrote the book ""Woman Hater""?",Diana Palmer,book-author,who-wrote-book
"Who is the author of the book ""The Great Escape: Health, Wealth, and the Origins of Inequality""?",Angus Deaton,book-author,author-of-book
"Who wrote the book ""A Walk in Wolf Wood""?",Mary Stewart,book-author,who-wrote-book
"Who is the author of the book ""Major Trends in Jewish Mysticism""?",Gershom Scholem,book-author,author-of-book
"Who is the author of the book ""The Intellectual Origins of the European Reformation""?",Alister E. McGrath,book-author,author-of-book
"Who is the author of the book ""The Kiss""?",Danielle Steel,book-author,author-of-book
"Who wrote the book ""The Open Boat and Other Stories""?",Stephen Crane,book-author,who-wrote-book
"Who is the author of the book ""Leaving""?",Karen Kingsbury,book-author,author-of-book
"Who is the author of the book ""City of Golden Shadow""?",Tad Williams,book-author,author-of-book
"Who is the author of the book ""United States of Banana""?",Giannina Braschi,book-author,author-of-book
"Who is the author of the book ""No Is Not Enough: Resisting Trump’s Shock Politics and Winning the World We Need""?",Naomi Klein,book-author,author-of-book
"Who is the author of the book ""Total Recall""?",Philip K. Dick,book-author,author-of-book
"Who is the author of the book ""Roger's Profanisaurus: The Magna Farta.""?",VIZ,book-author,author-of-book
"Who wrote the book ""Maigret in New York: Inspector Maigret #27""?",Georges Simenon,book-author,who-wrote-book
"Who is the author of the book ""Sidney Sheldon's The Tides of Memory""?",Sidney Sheldon,book-author,author-of-book
"Who is the author of the book ""Ruth: Under the Wings of God""?",John Piper,book-author,author-of-book
"Who is the author of the book ""Go Pro - 7 Steps to Becoming a Network Marketing Professional""?",Eric Worre,book-author,author-of-book
"Who is the author of the book ""Everybody's Fool""?",Richard Russo,book-author,author-of-book
"Who is the author of the book ""The Wrong Highlander""?",Lynsay Sands,book-author,author-of-book
"Who is the author of the book ""Of Human Freedom""?",Epictetus,book-author,author-of-book
"Who is the author of the book ""Until the End""?",Christopher Pike,book-author,author-of-book
"Who wrote the book ""Don't Look Back""?",Jennifer L. Armentrout,book-author,who-wrote-book
"Who is the author of the book ""The Quest""?",Nelson DeMille,book-author,author-of-book
"Who wrote the book ""Get Me Out of Here: My Recovery from Borderline Personality Disorder""?",Rachel Reiland,book-author,who-wrote-book
"Who wrote the book ""Twelve Ordinary Men""?",John F. MacArthur Jr.,book-author,who-wrote-book
"Who is the author of the book ""Yon Ill Wind""?",Piers Anthony,book-author,author-of-book
"Who wrote the book ""The Hunt for Red October""?",Tom Clancy,book-author,who-wrote-book
"Who is the author of the book ""Written in My Own Heart's Blood""?",Diana Gabaldon,book-author,author-of-book
"Who wrote the book ""Choose Love Book of Prayers""?",Stormie Omartian,book-author,who-wrote-book
"Who is the author of the book ""The Fourth Durango""?",Ross Thomas,book-author,author-of-book
"Who is the author of the book ""The Spider's War""?",Daniel Abraham,book-author,author-of-book
"Who is the author of the book ""The Frightful First World War""?",Terry Deary,book-author,author-of-book
"Who is the author of the book ""Traité sur la tolérance, à l'occasion de la mort de Jean Calas""?",Voltaire,book-author,author-of-book
"Who wrote the book ""Alec Baldwin Doesn't Love Me and Other Trials from My Queer Life""?",Michael Thomas Ford,book-author,who-wrote-book
"Who wrote the book ""Dreaming in French: The Paris Years of Jacqueline Bouvier Kennedy, Susan Sontag, and Angela Davis""?",Alice Kaplan,book-author,who-wrote-book
"Who is the author of the book ""Oz: The Complete Collection""?",L. Frank Baum,book-author,author-of-book
"Who is the author of the book ""Number9Dream""?",David Mitchell,book-author,author-of-book
"Who is the author of the book ""The Duchess of Malfi""?",John Webster,book-author,author-of-book
"Who is the author of the book ""An Event in Autumn: A Kurt Wallander Mystery""?",Henning Mankell,book-author,author-of-book
"Who is the author of the book ""Was the Cat in the Hat Black?: The Hidden Racism of Children's Literature, and the Need for Diverse Books""?",Philip Nel,book-author,author-of-book
"Who is the author of the book ""Las leyes de la frontera""?",Javier Cercas,book-author,author-of-book
"Who wrote the book ""Demonic: How the Liberal Mob is Endangering America""?",Ann Coulter,book-author,who-wrote-book
"Who is the author of the book ""In the Wind""?",Bijou Hunter,book-author,author-of-book
"Who is the author of the book ""The Possessed""?",Fyodor Dostoyevsky,book-author,author-of-book
"Who wrote the book ""Rick Bet Blank""?",Jarod Kintz,book-author,who-wrote-book
"Who wrote the book ""Miramar""?",Naguib Mahfouz,book-author,who-wrote-book
"Who wrote the book ""From Cliche To Archetype""?",Marshall McLuhan,book-author,who-wrote-book
"Who wrote the book ""The Little Paris Bookshop""?",Nina George,book-author,who-wrote-book
"Who is the author of the book ""The Love of the Last Tycoon""?",F. Scott Fitzgerald,book-author,author-of-book
"Who wrote the book ""How They Met, and Other Stories""?",David Levithan,book-author,who-wrote-book
"Who is the author of the book ""The Assassination of Julius Caesar: A People's History of Ancient Rome""?",Michael Parenti,book-author,author-of-book
"Who is the author of the book ""Moonlit Nights""?",Jacob Parr,book-author,author-of-book
"Who is the author of the book ""Love Out Loud: 365 Devotions for Loving God, Loving Yourself and Loving Others""?",Joyce Meyer,book-author,author-of-book
"Who is the author of the book ""The Blue Girl""?",Charles De Lint,book-author,author-of-book
"Who is the author of the book ""The Respectable Prostitute/Lucifer and the Lord/In Camera""?",Jean-Paul Sartre,book-author,author-of-book
"Who wrote the book ""Letters of Elizabeth Barrett Browning to Mary Russell Mitford, 1836-1854""?",Elizabeth Barrett Browning,book-author,who-wrote-book
"Who wrote the book ""The Novel: An Alternative History: Beginnings to 1600""?",Steven Moore,book-author,who-wrote-book
"Who is the author of the book ""Otra vez el mar""?",Reinaldo Arenas,book-author,author-of-book
"Who wrote the book ""The Last Continent""?",Terry Pratchett,book-author,who-wrote-book
"Who is the author of the book ""The Metaphysical Club""?",Louis Menand,book-author,author-of-book
"Who wrote the book ""The First Four Years""?",Laura Ingalls Wilder,book-author,who-wrote-book
"Who is the author of the book ""Endangered Species""?",Gene Wolfe,book-author,author-of-book
"Who wrote the book ""On Becoming a Leader Revised Edition""?",Warren G. Bennis,book-author,who-wrote-book
"Who wrote the book ""Kissing Fish: christianity for people who don't like christianity""?",Roger Wolsey,book-author,who-wrote-book
"Who is the author of the book ""The Half Has Never Been Told: Slavery and the Making of American Capitalism""?",Edward E. Baptist,book-author,author-of-book
"Who wrote the book ""Julieta: Three Stories That Inspired the Movie""?",Alice Munro,book-author,who-wrote-book
"Who is the author of the book ""Why Orwell Matters""?",Christopher Hitchens,book-author,author-of-book
"Who is the author of the book ""Fanshawe""?",Nathaniel Hawthorne,book-author,author-of-book
"Who wrote the book ""Tender Triumph""?",Judith McNaught,book-author,who-wrote-book
"Who is the author of the book ""Love Never Dies""?",Christina Dodd,book-author,author-of-book
"Who is the author of the book ""Magellan""?",Stefan Zweig,book-author,author-of-book
"Who is the author of the book ""Operation Goodwood""?",Sara Sheridan,book-author,author-of-book
"Who is the author of the book ""Holy Skirts: A Novel of a Flamboyant Woman Who Risked All for Art""?",Rene Steinke,book-author,author-of-book
"Who is the author of the book ""Sex God: Exploring the Endless Connections Between Sexuality and Spirituality""?",Rob Bell,book-author,author-of-book
"Who wrote the book ""The Fermata""?",Nicholson Baker,book-author,who-wrote-book
"Who wrote the book ""Changed Into His Likeness""?",Watchman Nee,book-author,who-wrote-book
"Who wrote the book ""Suzanne's Diary for Nicholas""?",James Patterson,book-author,who-wrote-book
"Who wrote the book ""Odd and the Frost Giants""?",Neil Gaiman,book-author,who-wrote-book
"Who wrote the book ""Friday Night Lights: A Town, a Team, and a Dream""?",H.G. Bissinger,book-author,who-wrote-book
"Who is the author of the book ""Elite""?",Mercedes Lackey,book-author,author-of-book
"Who is the author of the book ""Hide and Seek""?",Ian Rankin,book-author,author-of-book
"Who wrote the book ""Oh, The Places You'll Go!""?",Dr. Seuss,book-author,who-wrote-book
"Who is the author of the book ""Josephine the Singer, or the Mouse Folk""?",Franz Kafka,book-author,author-of-book
"Who wrote the book ""Keto Clarity: Your Definitive Guide to the Benefits of a Low-Carb, High-Fat Diet""?",Jimmy Moore,book-author,who-wrote-book
"Who wrote the book ""The Water Room""?",Christopher Fowler,book-author,who-wrote-book
"Who is the author of the book ""Only Beloved""?",Mary Balogh,book-author,author-of-book
"Who is the author of the book ""Daily Habits: How To Win Your Day: Your Days Define Your Destiny""?",Prashanth Savanur,book-author,author-of-book
"Who is the author of the book ""Dragon and Soldier""?",Timothy Zahn,book-author,author-of-book
"Who is the author of the book ""Club Dead""?",Charlaine Harris,book-author,author-of-book
"Who is the author of the book ""Manalive""?",G.K. Chesterton,book-author,author-of-book
"Who wrote the book ""A Love to Call Her Own""?",Marilyn Pappano,book-author,who-wrote-book
"Who wrote the book ""Deliver Us from Evil""?",David Baldacci,book-author,who-wrote-book
"Who wrote the book ""De amor y sombra""?",Isabel Allende,book-author,who-wrote-book
"Who wrote the book ""Family First: Your Step-by-Step Plan for Creating a Phenomenal Family""?",Phillip C. McGraw,book-author,who-wrote-book
"Who wrote the book ""White""?",Bret Easton Ellis,book-author,who-wrote-book
"Who is the author of the book ""Nate Saint: Operation Auca""?",Nancy Drummond,book-author,author-of-book
"Who wrote the book ""Great novelists and their novels;: Essays on the ten greatest novels of the world, and the men and women who wrote them""?",W. Somerset Maugham,book-author,who-wrote-book
"Who wrote the book ""Jason""?",Laurell K. Hamilton,book-author,who-wrote-book
"Who wrote the book ""Eight or Nine Wise Words about Letter-Writing""?",Lewis Carroll,book-author,who-wrote-book
"Who is the author of the book ""History of the Jews""?",Paul Johnson,book-author,author-of-book
"Who wrote the book ""The Money Culture""?",Michael Lewis,book-author,who-wrote-book
"Who wrote the book ""The Pursuit of Marriage""?",Victoria Alexander,book-author,who-wrote-book
"Who is the author of the book ""Blossom Street Brides""?",Debbie Macomber,book-author,author-of-book
"Who is the author of the book ""Motown: Music, Money, Sex, and Power""?",Gerald Posner,book-author,author-of-book
"Who wrote the book ""UNDER THE VOLCANO""?",Malcolm Lowry,book-author,who-wrote-book
"Who is the author of the book ""The Case for Trump""?",Victor Davis Hanson,book-author,author-of-book
"Who wrote the book ""1776""?",David McCullough,book-author,who-wrote-book
"Who wrote the book ""A Year in Provence""?",Peter Mayle,book-author,who-wrote-book
"Who is the author of the book ""The Annotated Alice: The Definitive Edition""?",Lewis Carroll,book-author,author-of-book
"Who wrote the book ""The Ragged Trousered Philanthropists""?",Robert Tressell,book-author,who-wrote-book
"Who wrote the book ""Time to Murder and Create""?",Lawrence Block,book-author,who-wrote-book
"Who wrote the book ""The Great American Novel""?",Philip Roth,book-author,who-wrote-book
"Who wrote the book ""Code Name Cassandra""?",Meg Cabot,book-author,who-wrote-book
"Who is the author of the book ""Babysitter's Club Collection (Books 1-4)""?",Ann M. Martin,book-author,author-of-book
"Who wrote the book ""South of the Border, West of the Sun""?",Haruki Murakami,book-author,who-wrote-book
"Who wrote the book ""NIV/The Message Parallel Bible""?",Anonymous,book-author,who-wrote-book
"Who wrote the book ""Introducing Philosophy Through Pop Culture: From Socrates to South Park, Hume to House""?",William Irwin,book-author,who-wrote-book
"Who wrote the book ""Masterly Batting: 100 Great Test Innings""?",David Frith,book-author,who-wrote-book
"Who is the author of the book ""Trick or Treatment: The Undeniable Facts about Alternative Medicine""?",Simon Singh,book-author,author-of-book
"Who wrote the book ""Running Barefoot""?",Amy Harmon,book-author,who-wrote-book
"Who is the author of the book ""The Hot Zone: The Terrifying True Story of the Origins of the Ebola Virus""?",Richard Preston,book-author,author-of-book
"Who wrote the book ""The Snow Spider""?",Jenny Nimmo,book-author,who-wrote-book
"Who wrote the book ""Hellhole""?",Brian Herbert,book-author,who-wrote-book
"Who is the author of the book ""Psychology and the Occult""?",C.G. Jung,book-author,author-of-book
"Who wrote the book ""Crunch Time""?",Diane Mott Davidson,book-author,who-wrote-book
"Who is the author of the book ""To Green Angel Tower, Part 2""?",Tad Williams,book-author,author-of-book
"Who is the author of the book ""ACCESS DENIED For Reasons Of National Security: Documented Journey From CIA Mind Control Slave To U.S. Government Whistleblower""?",Cathy O'Brien,book-author,author-of-book
"Who is the author of the book ""Act Natural: A Cultural History of Misadventures in Parenting""?",Jennifer Traig,book-author,author-of-book
"Who is the author of the book ""Year of Yes: How to Dance It Out, Stand In the Sun and Be Your Own Person""?",Shonda Rhimes,book-author,author-of-book
"Who wrote the book ""Coyote's Mate""?",Lora Leigh,book-author,who-wrote-book
"Who wrote the book ""Cold-Hearted Rake""?",Lisa Kleypas,book-author,who-wrote-book
"Who is the author of the book ""Her Last Goodbye""?",Melinda Leigh,book-author,author-of-book
"Who is the author of the book ""How to Cure a Fanatic""?",Amos Oz,book-author,author-of-book
"Who is the author of the book ""The Hollow Men""?",T.S. Eliot,book-author,author-of-book
"Who is the author of the book ""Bob und wie er die Welt sieht: Neue Abenteuer mit dem Streuner""?",James Bowen,book-author,author-of-book
"Who wrote the book ""A Scandal in Bohemia (Adventure)""?",Sir Arthur Conan Doyle,book-author,who-wrote-book
"Who wrote the book ""The Fifth Column and Four Stories of the Spanish Civil War""?",Ernest Hemingway,book-author,who-wrote-book
"Who is the author of the book ""Prodigal Son""?",Danielle Steel,book-author,author-of-book
"Who is the author of the book ""El tango de la Guardia Vieja""?",Arturo Pérez-Reverte,book-author,author-of-book
"Who is the author of the book ""Henry V""?",Shakespeare William,book-author,author-of-book
"Who is the author of the book ""Love Show""?",Audrey Bell,book-author,author-of-book
"Who wrote the book ""Hiroshima Mon Amour""?",Marguerite Duras,book-author,who-wrote-book
"Who is the author of the book ""Oracle Bones: A Journey Between China's Past and Present""?",Peter Hessler,book-author,author-of-book
"Who wrote the book ""Electric Universe: How Electricity Switched on the Modern World""?",David Bodanis,book-author,who-wrote-book
"Who wrote the book ""Broken Knight""?",L.J. Shen,book-author,who-wrote-book
"Who wrote the book ""The Case of the Horrified Heirs""?",Erle Stanley Gardner,book-author,who-wrote-book
"Who wrote the book ""Knulp""?",Hermann Hesse,book-author,who-wrote-book
"Who is the author of the book ""Facts Concerning The Late Arthur Jermyn and his Family""?",H.P. Lovecraft,book-author,author-of-book
"Who wrote the book ""Forty Stories""?",Donald Barthelme,book-author,who-wrote-book
"Who wrote the book ""The Complete Anas of Thomas Jefferson""?",Thomas Jefferson,book-author,who-wrote-book
"Who wrote the book ""The End of Eternity""?",Isaac Asimov,book-author,who-wrote-book
"Who wrote the book ""Easy Pickings""?",C.E. Murphy,book-author,who-wrote-book
"Who wrote the book ""Woman and Nature: The Roaring Inside Her""?",Susan Griffin,book-author,who-wrote-book
"Who is the author of the book ""Breaking the Idols of Your Heart: How to Navigate the Temptations of Life""?",Dan B. Allender,book-author,author-of-book
"Who is the author of the book ""Moral Politics: How Liberals and Conservatives Think, Third Edition""?",George Lakoff,book-author,author-of-book
"Who wrote the book ""Songs""?",Bruce Springsteen,book-author,who-wrote-book
"Who wrote the book ""Paul: A Man of Grace and Grit""?",Charles R. Swindoll,book-author,who-wrote-book
"Who is the author of the book ""Your Blues Ain't Like Mine""?",Bebe Moore Campbell,book-author,author-of-book
"Who wrote the book ""No Time to Say Goodbye: A Memoir of a Life in Foster Care""?",John William Tuohy,book-author,who-wrote-book
"Who is the author of the book ""The Curious Incident Of The Dog In The Night Time""?",Mark Haddon,book-author,author-of-book
"Who wrote the book ""The Obsession""?",Nora Roberts,book-author,who-wrote-book
"Who wrote the book ""Leroy Ninker Saddles Up""?",Kate DiCamillo,book-author,who-wrote-book
"Who is the author of the book ""You Know Where to Find Me""?",Rachel Cohn,book-author,author-of-book
"Who wrote the book ""Shadow Keeper""?",Christine Feehan,book-author,who-wrote-book
"Who is the author of the book ""Nemesis Games""?",James S.A. Corey,book-author,author-of-book
"Who is the author of the book ""The Date Fruit Elegies""?",John Olivares Espinoza,book-author,author-of-book
"Who wrote the book ""Books of the Western Canon: 797 Great Books by 204 Essential Authors""?",Harold Bloom,book-author,who-wrote-book
"Who is the author of the book ""The Golf Omnibus""?",P.G. Wodehouse,book-author,author-of-book
"Who wrote the book ""Cosmic Horizons: Astronomy at the Cutting Edge""?",Neil deGrasse Tyson,book-author,who-wrote-book
"Who is the author of the book ""Family Album""?",Danielle Steel,book-author,author-of-book
"Who wrote the book ""Unashamed""?",Lecrae Moore,book-author,who-wrote-book
"Who is the author of the book ""The Best Science Fiction and Fantasy of the Year, Volume 6""?",Libba Bray,book-author,author-of-book
"Who wrote the book ""Men on Men 5: Best New Gay Fiction""?",David Rakoff,book-author,who-wrote-book
"Who is the author of the book ""Murder Mysteries""?",Neil Gaiman,book-author,author-of-book
"Who is the author of the book ""History of the Decline and Fall of the Roman Empire, Vol. 1""?",Edward Gibbon,book-author,author-of-book
"Who wrote the book ""USA""?",Terry Deary,book-author,who-wrote-book
"Who is the author of the book ""Risked""?",Margaret Peterson Haddix,book-author,author-of-book
"Who wrote the book ""Radical Freedom: A Guide to Authentic Living""?",Joan D. Chittister,book-author,who-wrote-book
"Who is the author of the book ""Jesus, Interrupted: Revealing the Hidden Contradictions in the Bible & Why We Don't Know About Them""?",Bart D. Ehrman,book-author,author-of-book
"Who is the author of the book ""Queen Margot, or Marguerite de Valois""?",Alexandre Dumas,book-author,author-of-book
"Who wrote the book ""Food for Thought - 365 Christian Quotes to start your day with""?",Nicholas Appleyard,book-author,who-wrote-book
"Who is the author of the book ""My Invented Country: A Nostalgic Journey Through Chile""?",Isabel Allende,book-author,author-of-book
"Who is the author of the book ""The Confessions of Nat Turner""?",William Styron,book-author,author-of-book
"Who is the author of the book ""The Phoenix Endangered""?",Mercedes Lackey,book-author,author-of-book
"Who wrote the book ""Purple Hibiscus""?",Chimamanda Ngozi Adichie,book-author,who-wrote-book
"Who is the author of the book ""Wild Magic""?",Tamora Pierce,book-author,author-of-book
"Who is the author of the book ""The Black Goddess and the Unseen Real: Our Uncommon Senses and Their Common Sense""?",Peter Redgrove,book-author,author-of-book
"Who wrote the book ""The Haunted Mask II""?",R.L. Stine,book-author,who-wrote-book
"Who is the author of the book ""Mostly Harmless""?",Douglas Adams,book-author,author-of-book
"Who wrote the book ""Mackenzie's Mountain""?",Linda Howard,book-author,who-wrote-book
"Who is the author of the book ""The Black Box""?",Michael Connelly,book-author,author-of-book
"Who wrote the book ""Maine""?",J Courtney Sullivan,book-author,who-wrote-book
"Who wrote the book ""En memoria de Paulina""?",Adolfo Bioy Casares,book-author,who-wrote-book
"Who wrote the book ""Dagon et autres nouvelles de terreur""?",H.P. Lovecraft,book-author,who-wrote-book
"Who wrote the book ""Walter Benjamin or Towards a Revolutionary Criticism""?",Terry Eagleton,book-author,who-wrote-book
"Who is the author of the book ""The Naughtiest Girl in the School""?",Enid Blyton,book-author,author-of-book
"Who is the author of the book ""A Question of Belief""?",Donna Leon,book-author,author-of-book
"Who is the author of the book ""Anne of Green Gables Boxed Set""?",L.M. Montgomery,book-author,author-of-book
"Who wrote the book ""Shattered Bonds: The Color Of Child Welfare""?",Dorothy Roberts,book-author,who-wrote-book
"Who wrote the book ""Ordeal by Innocence""?",Agatha Christie,book-author,who-wrote-book
"Who wrote the book ""High Lonesome: Selected Stories, 1966-2006""?",Joyce Carol Oates,book-author,who-wrote-book
"Who wrote the book ""The Attorney""?",Steve Martini,book-author,who-wrote-book
"Who wrote the book ""Bleach, Volume 05""?",Tite Kubo,book-author,who-wrote-book
"Who is the author of the book ""Bloodhound""?",Tamora Pierce,book-author,author-of-book
"Who is the author of the book ""True Legend""?",Mike Lupica,book-author,author-of-book
"Who is the author of the book ""Be a People Person""?",John C. Maxwell,book-author,author-of-book
"Who is the author of the book ""The Impossible: A Story of Rats followed by Dianus and by The Oresteia""?",Georges Bataille,book-author,author-of-book
"Who wrote the book ""The Passion""?",Jeanette Winterson,book-author,who-wrote-book
"Who is the author of the book ""Saving Faith""?",David Baldacci,book-author,author-of-book
"Who is the author of the book ""Player Piano""?",Kurt Vonnegut,book-author,author-of-book
"Who is the author of the book ""The Making of the English Working Class""?",E.P. Thompson,book-author,author-of-book
"Who wrote the book ""Star Wars: The Clone Wars: No Prisoners""?",Karen Traviss,book-author,who-wrote-book
"Who wrote the book ""Colombiano""?",Rusty Young,book-author,who-wrote-book
"Who wrote the book ""Traitor to His Class: The Privileged Life and Radical Presidency of Franklin Delano Roosevelt""?",H.W. Brands,book-author,who-wrote-book
"Who wrote the book ""Euclid's Window: The Story of Geometry from Parallel Lines to Hyperspace""?",Leonard Mlodinow,book-author,who-wrote-book
"Who wrote the book ""Rhinoceros and Other Plays""?",Eugène Ionesco,book-author,who-wrote-book
"Who wrote the book ""Leap""?",Terry Tempest Williams,book-author,who-wrote-book
"Who wrote the book ""Dombey and Son""?",Charles Dickens,book-author,who-wrote-book
"Who wrote the book ""Les Misérables: Volume Two""?",Victor Hugo,book-author,who-wrote-book
"Who is the author of the book ""True Light""?",Terri Blackstock,book-author,author-of-book
"Who is the author of the book ""Strange Girl""?",Christopher Pike,book-author,author-of-book
"Who wrote the book ""The Freedom Maze""?",Delia Sherman,book-author,who-wrote-book
"Who wrote the book ""Flashman in the Great Game: A Novel""?",George MacDonald Fraser,book-author,who-wrote-book
"Who wrote the book ""Population Control: How Corporate Owners Are Killing Us""?",Jim Marrs,book-author,who-wrote-book
"Who is the author of the book ""Perchance to Dream""?",Lisa Mantchev,book-author,author-of-book
"Who is the author of the book ""Circle of Gold""?",Diana Palmer,book-author,author-of-book
"Who wrote the book ""Polar Bears""?",Mark Haddon,book-author,who-wrote-book
"Who wrote the book ""Ride the Dark Trail""?",Louis L'Amour,book-author,who-wrote-book
"Who wrote the book ""Momentos estelares de la humanidad: Catorce miniaturas históricas""?",Stefan Zweig,book-author,who-wrote-book
"Who wrote the book ""Big Jack""?",J.D. Robb,book-author,who-wrote-book
"Who wrote the book ""Lost Memory of Skin""?",Russell Banks,book-author,who-wrote-book
"Who wrote the book ""A Fifty-Year Silence: Love, War, and a Ruined House in France""?",Miranda Richmond Mouillot,book-author,who-wrote-book
"Who is the author of the book ""Foundation's Edge""?",Isaac Asimov,book-author,author-of-book
"Who wrote the book ""A Traveller in Romance: Uncollected Writings, 1901-1964""?",W. Somerset Maugham,book-author,who-wrote-book
"Who is the author of the book ""Dark Magic""?",Christine Feehan,book-author,author-of-book
"Who is the author of the book ""Guardian Demon""?",Meljean Brook,book-author,author-of-book
"Who is the author of the book ""Dream on""?",Sarah Mlynowski,book-author,author-of-book
"Who is the author of the book ""Bleach―ブリーチ― 41 [Burīchi 41]""?",Tite Kubo,book-author,author-of-book
"Who is the author of the book ""Kill Shot""?",Vince Flynn,book-author,author-of-book
"Who wrote the book ""God's Debris: A Thought Experiment""?",Scott Adams,book-author,who-wrote-book
"Who is the author of the book ""Mockingbird Wish Me Luck""?",Charles Bukowski,book-author,author-of-book
"Who wrote the book ""No Excuses!""?",Wayne W. Dyer,book-author,who-wrote-book
"Who wrote the book ""Valiant: A Modern Tale of Faerie""?",Holly Black,book-author,who-wrote-book
"Who wrote the book ""The Devil Finds Work""?",James Baldwin,book-author,who-wrote-book
"Who wrote the book ""Courtesan""?",Diane Haeger,book-author,who-wrote-book
"Who is the author of the book ""Christine Feehan Ghostwalkers Novels 6-9""?",Christine Feehan,book-author,author-of-book
"Who wrote the book ""Shock!""?",Graham Greene,book-author,who-wrote-book
"Who is the author of the book ""CliffsNotes on Heller's Catch-22""?",Joseph Heller,book-author,author-of-book
"Who is the author of the book ""Job: A Comedy of Justice""?",Robert A. Heinlein,book-author,author-of-book
"Who wrote the book ""Fate Knows Best""?",Alanea Alder,book-author,who-wrote-book
"Who wrote the book ""Tools of Titans: The Tactics, Routines, and Habits of Billionaires, Icons, and World-Class Performers""?",Timothy Ferriss,book-author,who-wrote-book
"Who is the author of the book ""The Elements of Expression: Putting Thoughts into Words""?",Arthur Plotnik,book-author,author-of-book
"Who is the author of the book ""Murphy""?",Samuel Beckett,book-author,author-of-book
"Who wrote the book ""The Beatles: The Biography""?",Bob Spitz,book-author,who-wrote-book
"Who is the author of the book ""A Stricken Field""?",Martha Gellhorn,book-author,author-of-book
"Who wrote the book ""Trentatré""?",Mirya,book-author,who-wrote-book
"Who wrote the book ""The Story of Ireland: A History of the Irish People""?",Neil Hegarty,book-author,who-wrote-book
"Who is the author of the book ""Strange Pilgrims""?",Gabriel Garcí­a Márquez,book-author,author-of-book
"Who is the author of the book ""Técnicas prohibidas de Persuasión, manipulación e influencia usando patrones de lenguaje y técnicas de PNL (2a Edición): Cómo persuadir, influenciar y ... patrones de lenguaje y PNL""?",Steve Allen,book-author,author-of-book
"Who is the author of the book ""Thrive""?",Krista Ritchie,book-author,author-of-book
"Who wrote the book ""Anne of Green Gables: 13 Books [Annotated]""?",L.M. Montgomery,book-author,who-wrote-book
"Who wrote the book ""Reasons to Live""?",Amy Hempel,book-author,who-wrote-book
"Who is the author of the book ""Things I Wish I'd Known Before We Got Married""?",Gary Chapman,book-author,author-of-book
"Who wrote the book ""The Science of Sherlock Holmes: From Baskerville Hall to the Valley of Fear, the Real Forensics Behind the Great Detective's Greatest Cases""?",E.J. Wagner,book-author,who-wrote-book
"Who wrote the book ""The Man Who Came Uptown""?",George Pelecanos,book-author,who-wrote-book
"Who wrote the book ""Georgette Heyer""?",Jennifer Kloester,book-author,who-wrote-book
"Who is the author of the book ""A New History of Western Philosophy""?",Anthony Kenny,book-author,author-of-book
"Who is the author of the book ""The Absolutist""?",John Boyne,book-author,author-of-book
"Who wrote the book ""Dead Man's Folly""?",Agatha Christie,book-author,who-wrote-book
"Who wrote the book ""Los barcos se pierden en tierra: Textos y artículos sobre barcos, mares y marinos""?",Arturo Pérez-Reverte,book-author,who-wrote-book
"Who is the author of the book ""The Bloody Chamber and Other Stories""?",Angela Carter,book-author,author-of-book
"Who is the author of the book ""The Queen of Kentucky""?",Alecia Whitaker,book-author,author-of-book
"Who is the author of the book ""I Sing the Body Electric! & Other Stories""?",Ray Bradbury,book-author,author-of-book
"Who wrote the book ""Annie's Baby: The Diary of Anonymous, A Pregnant Teenager""?",Beatrice Sparks,book-author,who-wrote-book
"Who is the author of the book ""Unto Us a Son Is Given""?",Donna Leon,book-author,author-of-book
"Who is the author of the book ""A Host of Furious Fancies""?",Mercedes Lackey,book-author,author-of-book
"Who wrote the book ""Devil's Gate""?",Clive Cussler,book-author,who-wrote-book
"Who wrote the book ""9 Letters""?",Blake Austin,book-author,who-wrote-book
"Who wrote the book ""Join Me!""?",Danny Wallace,book-author,who-wrote-book
"Who wrote the book ""Must Love Dragons""?",Stephanie Rowe,book-author,who-wrote-book
"Who wrote the book ""The Crimson Petal And The White""?",Michel Faber,book-author,who-wrote-book
"Who wrote the book ""Thunderball""?",Ian Fleming,book-author,who-wrote-book
"Who is the author of the book ""Fireflies""?",David Morrell,book-author,author-of-book
"Who wrote the book ""Keep It Shut: What to Say, How to Say It, and When to Say Nothing at All""?",Karen Ehman,book-author,who-wrote-book
"Who is the author of the book ""The Outsiders""?",S. E. Hinton,book-author,author-of-book
"Who is the author of the book ""Defending Your Faith: An Introduction to Apologetics""?",R.C. Sproul,book-author,author-of-book
"Who wrote the book ""In the Beginning: The Story of the King James Bible and How It Changed a Nation, a Language, and a Culture""?",Alister E. McGrath,book-author,who-wrote-book
"Who is the author of the book ""Bryant & May and The Bleeding Heart""?",Christopher Fowler,book-author,author-of-book
"Who is the author of the book ""War and Peace""?",Leo Tolstoy,book-author,author-of-book
"Who is the author of the book ""Changes in the Land: Indians, Colonists, and the Ecology of New England""?",William Cronon,book-author,author-of-book
"Who is the author of the book ""The Right Moves""?",Emma Hart,book-author,author-of-book
"Who is the author of the book ""His Last Bow""?",Arthur Conan Doyle,book-author,author-of-book
"Who is the author of the book ""Messenger of Truth""?",Jacqueline Winspear,book-author,author-of-book
"Who wrote the book ""Evil Under the Sun""?",Agatha Christie,book-author,who-wrote-book
"Who wrote the book ""Born in the USA: How a Broken Maternity System Must Be Fixed to Put Women and Children First""?",Marsden Wagner,book-author,who-wrote-book
"Who wrote the book ""Help Thanks Wow: The Three Essential Prayers""?",Anne Lamott,book-author,who-wrote-book
"Who wrote the book ""The End of the World News""?",Anthony Burgess,book-author,who-wrote-book
"Who is the author of the book ""Jane Austen For Dummies""?",Joan Elizabeth Klingel Ray,book-author,author-of-book
"Who wrote the book ""Fevre Dream""?",George R.R. Martin,book-author,who-wrote-book
"Who is the author of the book ""The Faerie Queene""?",Edmund Spenser,book-author,author-of-book
"Who is the author of the book ""Caroline: Little House, Revisited""?",Sarah Miller,book-author,author-of-book
"Who wrote the book ""The Art of Action: 8 Ways to Initiate & Activate Forward Momentum for Positive Impact""?",Susan C. Young,book-author,who-wrote-book
"Who wrote the book ""The Fall of a Sparrow""?",Robert Hellenga,book-author,who-wrote-book
"Who is the author of the book ""The Porn Critic""?",Jonathan Lethem,book-author,author-of-book
"Who is the author of the book ""Kitchen Confidential: Adventures in the Culinary Underbelly""?",Anthony Bourdain,book-author,author-of-book
"Who is the author of the book ""Van je familie moet je het hebben""?",David Sedaris,book-author,author-of-book
"Who is the author of the book ""A Feast For Crows""?",George R.R. Martin,book-author,author-of-book
"Who is the author of the book ""Shopaholic to the Rescue""?",Sophie Kinsella,book-author,author-of-book
"Who wrote the book ""The Little Drummer Girl""?",John le Carré,book-author,who-wrote-book
"Who is the author of the book ""The Heaviest Corner on Earth""?",Nadria Tucker,book-author,author-of-book
"Who is the author of the book ""Valley of Silence""?",Nora Roberts,book-author,author-of-book
"Who wrote the book ""The Crisis of Islam: Holy War and Unholy Terror""?",Bernard Lewis,book-author,who-wrote-book
"Who wrote the book ""Alchemical Studies""?",C.G. Jung,book-author,who-wrote-book
"Who wrote the book ""Destination Void""?",Frank Herbert,book-author,who-wrote-book
"Who wrote the book ""The Book of Man: Readings on the Path to Manhood""?",William J. Bennett,book-author,who-wrote-book
"Who wrote the book ""The Sum of Our Days: A Memoir""?",Isabel Allende,book-author,who-wrote-book
"Who is the author of the book ""As the Pig Turns""?",M.C. Beaton,book-author,author-of-book
"Who is the author of the book ""Shibumi""?",Trevanian,book-author,author-of-book
"Who is the author of the book ""Rogue Lawyer""?",John Grisham,book-author,author-of-book
"Who is the author of the book ""Bhagavad-gita As It Is""?",Anonymous,book-author,author-of-book
"Who wrote the book ""Slapstick, or Lonesome No More!""?",Kurt Vonnegut,book-author,who-wrote-book
"Who wrote the book ""The Cypress House""?",Michael Koryta,book-author,who-wrote-book
"Who wrote the book ""A Ponte para a eternidade""?",Richard Bach,book-author,who-wrote-book
"Who wrote the book ""No Man's Mistress""?",Mary Balogh,book-author,who-wrote-book
"Who is the author of the book ""Believing God Day by Day: Growing Your Faith All Year Long""?",Beth Moore,book-author,author-of-book
"Who is the author of the book ""In Pharaoh's Army: Memories of the Lost War""?",Tobias Wolff,book-author,author-of-book
"Who wrote the book ""The CIA Doctors: Human Rights Violations By American Psychiatrists""?",Colin A. Ross,book-author,who-wrote-book
"Who wrote the book ""Bleach―ブリーチ― 53 [Burīchi 53]""?",Tite Kubo,book-author,who-wrote-book
"Who is the author of the book ""Discipline Without Damage: How to Get Your Kids to Behave Without Messing Them Up""?",Vanessa Lapointe,book-author,author-of-book
"Who is the author of the book ""The Sweetness at the Bottom of the Pie""?",Alan Bradley,book-author,author-of-book
"Who wrote the book ""Being a Dad Who Leads""?",John F. MacArthur Jr.,book-author,who-wrote-book
"Who wrote the book ""The Holy or the Broken""?",Alan Light,book-author,who-wrote-book
"Who wrote the book ""The Coldest Girl in Coldtown: Free Preview Edition: The First 8 Chapters""?",Holly Black,book-author,who-wrote-book
"Who is the author of the book ""Saint Thomas Aquinas and Saint Francis of Assisi""?",G. K. Chesterton,book-author,author-of-book
"Who wrote the book ""The Power Of Babel: A Natural History of Language""?",John McWhorter,book-author,who-wrote-book
"Who is the author of the book ""The Anne Stories (Anne of Green Gables, #1-3, 5, 7-8)""?",L.M. Montgomery,book-author,author-of-book
"Who is the author of the book ""The Virgin's Lover""?",Philippa Gregory,book-author,author-of-book
"Who wrote the book ""Long Quiet Highway: Waking Up in America""?",Natalie Goldberg,book-author,who-wrote-book
"Who is the author of the book ""Soldiers Three""?",Rudyard Kipling,book-author,author-of-book
"Who is the author of the book ""The Witness""?",Nora Roberts,book-author,author-of-book
"Who wrote the book ""Marley and Me: Life and Love With the World's Worst Dog""?",John Grogan,book-author,who-wrote-book
"Who is the author of the book ""The Flowers of Evil & Paris Spleen""?",Charles Baudelaire,book-author,author-of-book
"Who is the author of the book ""How to Ruin My Teenage Life""?",Simone Elkeles,book-author,author-of-book
"Who wrote the book ""The Children of Abraham: Judaism, Christianity, Islam""?",F.E. Peters,book-author,who-wrote-book
"Who wrote the book ""Jim Butcher's The Dresden Files: Storm Front, Volume 1: The Gathering Storm""?",Jim Butcher,book-author,who-wrote-book
"Who is the author of the book ""The Complete Little Women Series""?",Louisa May Alcott,book-author,author-of-book
"Who is the author of the book ""Summa Philosophica""?",Peter Kreeft,book-author,author-of-book
"Who wrote the book ""The Works of Gilbert Keith Chesterton""?",G.K. Chesterton,book-author,who-wrote-book
"Who is the author of the book ""Gentle Warrior""?",Julie Garwood,book-author,author-of-book
"Who is the author of the book ""The Irrational Season""?",Madeleine L'Engle,book-author,author-of-book
"Who is the author of the book ""The Daemon Knows: Literary Greatness and the American Sublime""?",Harold Bloom,book-author,author-of-book
"Who wrote the book ""Super Structure: The Key to Unleashing the Power of Story""?",James Scott Bell,book-author,who-wrote-book
"Who is the author of the book ""The Cat in the Hat""?",Dr. Seuss,book-author,author-of-book
"Who is the author of the book ""The Bell""?",Iris Murdoch,book-author,author-of-book
"Who is the author of the book ""She's the Boss""?",Lisa Lim,book-author,author-of-book
"Who is the author of the book ""The Book of Merlyn""?",T.H. White,book-author,author-of-book
"Who is the author of the book ""Winter: Five Windows on the Season""?",Adam Gopnik,book-author,author-of-book
"Who wrote the book ""Flowers of Evil and Other Works/Les Fleurs du Mal et Oeuvres Choisies : A Dual-Language Book (Dover Foreign Language Study Guides)""?",Charles Baudelaire,book-author,who-wrote-book
"Who wrote the book ""The Confessions of Saint Augustine""?",Saint Augustine of Hippo,book-author,who-wrote-book
"Who is the author of the book ""A Summer to Die""?",Lois Lowry,book-author,author-of-book
"Who wrote the book ""Jack of Spades""?",Joyce Carol Oates,book-author,who-wrote-book
"Who wrote the book ""Bel Canto""?",Ann Patchett,book-author,who-wrote-book
"Who wrote the book ""The Collected Poetry of Malcolm Lowry""?",Malcolm Lowry,book-author,who-wrote-book
"Who is the author of the book ""Traitors' Gate""?",Kate Elliott,book-author,author-of-book
"Who is the author of the book ""Death of a Celebrity""?",M.C. Beaton,book-author,author-of-book
"Who is the author of the book ""Lords And Ladies""?",Terry Pratchett,book-author,author-of-book
"Who wrote the book ""The Lion Hunter""?",Elizabeth Wein,book-author,who-wrote-book
"Who wrote the book ""A Short, Sharp Shock""?",Kim Stanley Robinson,book-author,who-wrote-book
"Who is the author of the book ""Discourse on the Origin of Inequality""?",Jean-Jacques Rousseau,book-author,author-of-book
"Who wrote the book ""Maverick""?",Lora Leigh,book-author,who-wrote-book
"Who is the author of the book ""Killing Floor""?",Lee Child,book-author,author-of-book
"Who is the author of the book ""Sherlock Holmes: The Complete Novels and Stories, Volume I""?",Arthur Conan Doyle,book-author,author-of-book
"Who wrote the book ""Dead Witch Walking""?",Kim Harrison,book-author,who-wrote-book
"Who wrote the book ""Straw for the Fire: From the Notebooks of Theodore Roethke""?",Theodore Roethke,book-author,who-wrote-book
"Who is the author of the book ""The Secret Island""?",Enid Blyton,book-author,author-of-book
"Who is the author of the book ""The End of the Beginning: Being the Adventures of a Small Snail""?",Avi,book-author,author-of-book
"Who is the author of the book ""Naughtiest Girl Collection""?",Enid Blyton,book-author,author-of-book
"Who is the author of the book ""Christmas Revels""?",Mary Jo Putney,book-author,author-of-book
"Who is the author of the book ""Personal Development for Smart People: The Conscious Pursuit of Personal Growth""?",Steve Pavlina,book-author,author-of-book
"Who is the author of the book ""Out of Africa / Shadows on the Grass""?",Isak Dinesen,book-author,author-of-book
"Who wrote the book ""The Protector's War""?",S.M. Stirling,book-author,who-wrote-book
"Who wrote the book ""Shakespeare Wrote for Money""?",Nick Hornby,book-author,who-wrote-book
"Who wrote the book ""Interzone""?",William S. Burroughs,book-author,who-wrote-book
"Who is the author of the book ""Odas de Ricardo Reis""?",Fernando Pessoa,book-author,author-of-book
"Who is the author of the book ""The Jesus I Never Knew""?",Philip Yancey,book-author,author-of-book
"Who wrote the book ""Afterworlds""?",Scott Westerfeld,book-author,who-wrote-book
"Who is the author of the book ""Hold Me Tight: Seven Conversations for a Lifetime of Love""?",Sue Johnson,book-author,author-of-book
"Who is the author of the book ""Free Fall in Crimson""?",John D. MacDonald,book-author,author-of-book
"Who is the author of the book ""Rita Hayworth and Shawshank Redemption: A Story from Different Seasons""?",Stephen King,book-author,author-of-book
"Who is the author of the book ""Rudyard Kipling's Tales of Horror and Fantasy""?",Rudyard Kipling,book-author,author-of-book
"Who wrote the book ""Into the Garden""?",V.C. Andrews,book-author,who-wrote-book
"Who wrote the book ""Rise of a Merchant Prince""?",Raymond E. Feist,book-author,who-wrote-book
"Who wrote the book ""Heir of Novron""?",Michael J. Sullivan,book-author,who-wrote-book
"Who wrote the book ""The Demon-Haunted World: Science as a Candle in the Dark""?",Carl Sagan,book-author,who-wrote-book
"Who is the author of the book ""Manage Your Day-To-Day: Build Your Routine, Find Your Focus, and Sharpen Your Creative Mind""?",Jocelyn K. Glei,book-author,author-of-book
"Who is the author of the book ""Aftermath""?",Peter Robinson,book-author,author-of-book
"Who is the author of the book ""The Beggar, The Thief and the Dogs, Autumn Quail""?",Naguib Mahfouz,book-author,author-of-book
"Who is the author of the book ""The Same Stuff as Stars""?",Katherine Paterson,book-author,author-of-book
"Who is the author of the book ""Race Matters""?",Cornel West,book-author,author-of-book
"Who is the author of the book ""Boss Man""?",Diana Palmer,book-author,author-of-book
"Who is the author of the book ""Why I Left Harry's All-Night Hamburgers""?",Lawrence Watt-Evans,book-author,author-of-book
"Who is the author of the book ""The Callahan Touch""?",Spider Robinson,book-author,author-of-book
"Who is the author of the book ""The Innovator's Dilemma with Award-Winning Harvard Business Review Article ?how Will You Measure Your Life""?",Clayton M. Christensen,book-author,author-of-book
"Who is the author of the book ""Your Presentation is a Joke: Using Humor to Maximize Your Impact""?",Marshall Chiles,book-author,author-of-book
"Who is the author of the book ""Breaking Open the Head: A Psychedelic Journey into the Heart of Contemporary Shamanism""?",Daniel Pinchbeck,book-author,author-of-book
"Who wrote the book ""The Tyranny of Experts: Economists, Dictators, and the Forgotten Rights of the Poor""?",William Easterly,book-author,who-wrote-book
"Who wrote the book ""Bellwether""?",Connie Willis,book-author,who-wrote-book
"Who wrote the book ""Watch Wolf""?",Kathryn Lasky,book-author,who-wrote-book
"Who is the author of the book ""Independence Day: Bascombe Trilogy (2)""?",Richard Ford,book-author,author-of-book
"Who is the author of the book ""Madam, Will You Talk?""?",Mary Stewart,book-author,author-of-book
"Who wrote the book ""Black Dogs""?",Ian McEwan,book-author,who-wrote-book
"Who wrote the book ""Revolutions in Reverse: Essays on Politics, Violence, Art, and Imagination""?",David Graeber,book-author,who-wrote-book
"Who is the author of the book ""The Shelfless Book: How We Made Our First Million on Kindle""?",Bob Mayer,book-author,author-of-book
"Who is the author of the book ""One Summer: America 1927""?",Bill Bryson,book-author,author-of-book
"Who is the author of the book ""Maggie's Dad""?",Diana Palmer,book-author,author-of-book
"Who wrote the book ""Low Midnight""?",Carrie Vaughn,book-author,who-wrote-book
"Who is the author of the book ""The Science of Meditation: How to Change Your Brain, Mind and Body""?",Daniel Goleman,book-author,author-of-book
"Who wrote the book ""Friends Divided: John Adams and Thomas Jefferson""?",Gordon S. Wood,book-author,who-wrote-book
"Who is the author of the book ""Losing Mum and Pup""?",Christopher Buckley,book-author,author-of-book
"Who is the author of the book ""Annihilation""?",Drew Karpyshyn,book-author,author-of-book
"Who wrote the book ""My Life as an Experiment""?",A.J. Jacobs,book-author,who-wrote-book
"Who wrote the book ""Be Careful What You Wish For""?",Jeffrey Archer,book-author,who-wrote-book
"Who is the author of the book ""Proofiness: The Dark Arts of Mathematical Deception""?",Charles Seife,book-author,author-of-book
"Who is the author of the book ""Good Husband Material""?",Susan Mallery,book-author,author-of-book
"Who is the author of the book ""El Ingenioso Hidalgo Don Quijote de La Mancha, 15""?",Miguel de Cervantes Saavedra,book-author,author-of-book
"Who wrote the book ""The Beginning""?",Catherine Coulter,book-author,who-wrote-book
"Who wrote the book ""The Rise and Fall of the Great Powers""?",Paul Kennedy,book-author,who-wrote-book
"Who is the author of the book ""Space""?",James A. Michener,book-author,author-of-book
"Who wrote the book ""We Are Always Watching""?",Hunter Shea,book-author,who-wrote-book
"Who is the author of the book ""Saint""?",A. Zavarelli,book-author,author-of-book
"Who wrote the book ""The Athena Project""?",Brad Thor,book-author,who-wrote-book
"Who is the author of the book ""Virtual Unreality: Just Because the Internet Told You, How Do You Know It's True?""?",Charles Seife,book-author,author-of-book
"Who wrote the book ""Swimming Lessons""?",Mary Alice Monroe,book-author,who-wrote-book
"Who is the author of the book ""The Spiral Dance: A Rebirth of the Ancient Religions of the Great Goddess""?",Starhawk,book-author,author-of-book
"Who is the author of the book ""Elske""?",Cynthia Voigt,book-author,author-of-book
"Who is the author of the book ""Another Life: A Memoir of Other People""?",Michael Korda,book-author,author-of-book
"Who wrote the book ""Autumn Bones""?",Jacqueline Carey,book-author,who-wrote-book
"Who is the author of the book ""Skin in the Game: The Hidden Asymmetries in Daily Life""?",Nassim Nicholas Taleb,book-author,author-of-book
"Who is the author of the book ""Absaroka Ambush / Courage of the Mountain Man""?",William W. Johnstone,book-author,author-of-book
"Who wrote the book ""Paper Girls, Vol. 6""?",Brian K. Vaughan,book-author,who-wrote-book
"Who is the author of the book ""You Can Understand The Bible: A Practical Guide to Each Book in the Bible""?",Peter Kreeft,book-author,author-of-book
"Who wrote the book ""Fire Study""?",Maria V. Snyder,book-author,who-wrote-book
"Who is the author of the book ""Jimmy Corrigan: El Chico más Listo del Mundo""?",Chris Ware,book-author,author-of-book
"Who is the author of the book ""A Stillness at Appomattox: The Army of the Potomac Trilogy""?",Bruce Catton,book-author,author-of-book
"Who wrote the book ""Healing and Recovery""?",David R. Hawkins,book-author,who-wrote-book
"Who wrote the book ""Pathfinder""?",Orson Scott Card,book-author,who-wrote-book
"Who is the author of the book ""Bir Cöküsün Öyküsü""?",Stefan Zweig,book-author,author-of-book
"Who wrote the book ""Mere Apologetics: How to Help Seekers and Skeptics Find Faith""?",Alister E. McGrath,book-author,who-wrote-book
"Who is the author of the book ""The Solace Of Leaving Early""?",Haven Kimmel,book-author,author-of-book
"Who is the author of the book ""Piercing the Darkness""?",Frank E. Peretti,book-author,author-of-book
"Who is the author of the book ""Like Love""?",Ed McBain,book-author,author-of-book
"Who wrote the book ""God's Generals Why They Succeeded and Why Some Fail""?",Roberts Liardon,book-author,who-wrote-book
"Who is the author of the book ""Song of the Silent Snow""?",Hubert Selby Jr.,book-author,author-of-book
"Who wrote the book ""A Day to Pick Your Own Cotton""?",Michael R. Phillips,book-author,who-wrote-book
"Who is the author of the book ""Whiskey Tango Foxtrot""?",David Shafer,book-author,author-of-book
"Who wrote the book ""Cleopatra""?",H. Rider Haggard,book-author,who-wrote-book
"Who is the author of the book ""Angel's Peak""?",Robyn Carr,book-author,author-of-book
"Who wrote the book ""When Baghdad Ruled the Muslim World: The Rise and Fall of Islam's Greatest Dynasty""?",Hugh Kennedy,book-author,who-wrote-book
"Who wrote the book ""Psychology of the Future: Lessons from Modern Consciousness Research""?",Joseph Campbell,book-author,who-wrote-book
"Who wrote the book ""Cruel Intent""?",J.A. Jance,book-author,who-wrote-book
"Who wrote the book ""The Second Confession""?",Rex Stout,book-author,who-wrote-book
"Who is the author of the book ""The Origins of Totalitarianism""?",Hannah Arendt,book-author,author-of-book
"Who wrote the book ""Wolves of the Beyond""?",Kathryn Lasky,book-author,who-wrote-book
"Who wrote the book ""Ravensong""?",T.J. Klune,book-author,who-wrote-book
"Who is the author of the book ""Night Film""?",Marisha Pessl,book-author,author-of-book
"Who is the author of the book ""Tough Shit: Life Advice from a Fat, Lazy Slob Who Did Good""?",Kevin Smith,book-author,author-of-book
"Who wrote the book ""Being Perfect""?",Anna Quindlen,book-author,who-wrote-book
"Who wrote the book ""Hey Rube: Blood Sport, the Bush Doctrine, and the Downward Spiral of Dumbness: Modern History from the ESPN.com Sports Desk""?",Hunter S. Thompson,book-author,who-wrote-book
"Who is the author of the book ""D Is For Deadbeat""?",Sue Grafton,book-author,author-of-book
"Who wrote the book ""Meditations and Devotions of the Late Cardinal Newman""?",John Henry Newman,book-author,who-wrote-book
"Who is the author of the book ""Onward: Engaging the Culture without Losing the Gospel""?",Russell D. Moore,book-author,author-of-book
"Who wrote the book ""The School of Greatness: A Real-World Guide to Living Bigger, Loving Deeper, and Leaving a Legacy""?",Lewis Howes,book-author,who-wrote-book
"Who is the author of the book ""Zen and the Art of Writing and the Joy of Writing: Two Essays""?",Ray Bradbury,book-author,author-of-book
"Who is the author of the book ""Magic Strikes""?",Ilona Andrews,book-author,author-of-book
"Who wrote the book ""Once Was Lost""?",Sara Zarr,book-author,who-wrote-book
"Who is the author of the book ""The First World War: A Complete History""?",Martin Gilbert,book-author,author-of-book
"Who is the author of the book ""Aurora Leigh and Other Poems""?",Elizabeth Barrett Browning,book-author,author-of-book
"Who is the author of the book ""The Black Cauldron""?",Lloyd Alexander,book-author,author-of-book
"Who is the author of the book ""The Superhero Reader""?",Charles Hatfield,book-author,author-of-book
"Who wrote the book ""The Art of Always Being Right""?",Arthur Schopenhauer,book-author,who-wrote-book
"Who wrote the book ""The Monk Who Sold His Ferrari: A Fable About Fulfilling Your Dreams & Reaching Your Destiny""?",Robin S. Sharma,book-author,who-wrote-book
"Who wrote the book ""Why Won’t You Apologize?: Healing Big Betrayals and Everyday Hurts""?",Harriet Lerner,book-author,who-wrote-book
"Who wrote the book ""They Both Die at the End""?",Adam Silvera,book-author,who-wrote-book
"Who wrote the book ""Blackberry Pie Murder""?",Joanne Fluke,book-author,who-wrote-book
"Who is the author of the book ""Sleeping Murder""?",Agatha Christie,book-author,author-of-book
"Who is the author of the book ""Liar's Poker""?",Michael Lewis,book-author,author-of-book
"Who wrote the book ""Hogwarts: An Incomplete and Unreliable Guide""?",J.K. Rowling,book-author,who-wrote-book
"Who is the author of the book ""Almost Heaven""?",Judith McNaught,book-author,author-of-book
"Who is the author of the book ""Remember Tuesday Morning""?",Karen Kingsbury,book-author,author-of-book
"Who is the author of the book ""Boy on a Wire""?",Jon Doust,book-author,author-of-book
"Who is the author of the book ""On Becoming a Leader""?",Warren G. Bennis,book-author,author-of-book
"Who is the author of the book ""Jesus and the Eyewitnesses: The Gospels as Eyewitness Testimony""?",Richard Bauckham,book-author,author-of-book
"Who wrote the book ""The Reluctant Reformer""?",Lynsay Sands,book-author,who-wrote-book
"Who wrote the book ""Shadowbahn""?",Steve Erickson,book-author,who-wrote-book
"Who is the author of the book ""Genius: The Life and Science of Richard Feynman""?",James Gleick,book-author,author-of-book
"Who is the author of the book ""The Temple of My Familiar""?",Alice Walker,book-author,author-of-book
"Who is the author of the book ""Girl in a Cage""?",Jane Yolen,book-author,author-of-book
"Who is the author of the book ""Darkness Visible""?",William Golding,book-author,author-of-book
"Who wrote the book ""Bloodfever""?",Karen Marie Moning,book-author,who-wrote-book
"Who is the author of the book ""The Assassin and the Underworld""?",Sarah J. Maas,book-author,author-of-book
"Who is the author of the book ""Letters from Lizzie""?",Nancy B. Brewer,book-author,author-of-book
"Who wrote the book ""Flood Tide""?",Clive Cussler,book-author,who-wrote-book
"Who wrote the book ""My not so perfect life ; The Twelve dogs of Christmas ; Don't you cry ; Home sweet home""?",Sophie Kinsella,book-author,who-wrote-book
"Who wrote the book ""Pandemic: Tracking Contagions, from Cholera to Ebola and Beyond""?",Sonia Shah,book-author,who-wrote-book
"Who is the author of the book ""What Is Faith?""?",R.C. Sproul,book-author,author-of-book
"Who wrote the book ""Cosmopolitanism: Ethics in a World of Strangers""?",Kwame Anthony Appiah,book-author,who-wrote-book
"Who wrote the book ""Before the Poison""?",Peter Robinson,book-author,who-wrote-book
"Who wrote the book ""TARZAN OF THE APES SERIES - Complete Collection: 25 Novels in One Volume (Illustrated): The Return of Tarzan, The Beasts of Tarzan, The Son of Tarzan, ... Lion, Tarzan the Terrible and many more""?",Edgar Rice Burroughs,book-author,who-wrote-book
"Who is the author of the book ""Father Goriot""?",Honoré de Balzac,book-author,author-of-book
"Who is the author of the book ""The Once and Future King: Camelot""?",T. H. White,book-author,author-of-book
"Who wrote the book ""Be Extraordinary: The Greatness Guide Book Two: 101 More Insights to Get You to World Class: Bk. 2""?",Robin S. Sharma,book-author,who-wrote-book
"Who is the author of the book ""Un viaje de diez metros""?",Richard C. Morais,book-author,author-of-book
"Who wrote the book ""The Penelopiad: The Myth of Penelope and Odysseus""?",Margaret Atwood,book-author,who-wrote-book
"Who wrote the book ""The Adams-Jefferson Letters: The Complete Correspondence Between Thomas Jefferson and Abigail and John Adams""?",John Adams,book-author,who-wrote-book
"Who wrote the book ""So You've Been Publicly Shamed""?",Jon Ronson,book-author,who-wrote-book
"Who wrote the book ""The Golden Compass""?",Philip Pullman,book-author,who-wrote-book
"Who wrote the book ""Parade's End: Based on the Novel""?",Tom Stoppard,book-author,who-wrote-book
"Who wrote the book ""Christmas Eve at Friday Harbor""?",Lisa Kleypas,book-author,who-wrote-book
"Who wrote the book ""The Guilty""?",David Baldacci,book-author,who-wrote-book
"Who is the author of the book ""Eight Months on Ghazzah Street""?",Hilary Mantel,book-author,author-of-book
"Who wrote the book ""Sunset Express: An Elvis Cole Novel""?",Robert Crais,book-author,who-wrote-book
"Who wrote the book ""The Varieties of Religious Experience""?",William James,book-author,who-wrote-book
"Who wrote the book ""The Scourge of Muirwood""?",Jeff Wheeler,book-author,who-wrote-book
"Who is the author of the book ""Lettres à Milena""?",Franz Kafka,book-author,author-of-book
"Who wrote the book ""Jesus-Shock""?",Peter Kreeft,book-author,who-wrote-book
"Who wrote the book ""Wealth, Poverty and Politics: An International Perspective""?",Thomas Sowell,book-author,who-wrote-book
"Who wrote the book ""Ursula K. Le Guin: Conversations on Writing""?",Ursula K. Le Guin,book-author,who-wrote-book
"Who wrote the book ""King Charles II""?",Antonia Fraser,book-author,who-wrote-book
"Who wrote the book ""Miss Me Not""?",Tiffany King,book-author,who-wrote-book
"Who is the author of the book ""Los Cantos de Jesús: Un año de devocionales diarios en Los Salmos""?",Timothy J. Keller,book-author,author-of-book
"Who wrote the book ""A Boy's Will""?",Robert Frost,book-author,who-wrote-book
"Who is the author of the book ""Un paseo para recordar""?",Nicholas Sparks,book-author,author-of-book
"Who is the author of the book ""When Computers Were Human""?",David Alan Grier,book-author,author-of-book
"Who is the author of the book ""Hunchback of Notre Dame""?",Victor Hugo,book-author,author-of-book
"Who wrote the book ""Under the Volcano""?",Malcolm Lowry,book-author,who-wrote-book
"Who wrote the book ""Already Dead""?",Charlie Huston,book-author,who-wrote-book
"Who is the author of the book ""The Killer Angels: The Classic Novel of the Civil War""?",Michael Shaara,book-author,author-of-book
"Who wrote the book ""The Classic Philip Jose Farmer 1952-1964""?",Philip José Farmer,book-author,who-wrote-book
"Who is the author of the book ""Before She Met Me""?",Julian Barnes,book-author,author-of-book
"Who wrote the book ""Corey to the Rescue!""?",Meg Kimball,book-author,who-wrote-book
"Who is the author of the book ""Teaching the Dog to Read""?",Jonathan Carroll,book-author,author-of-book
"Who wrote the book ""The Seer of Shadows""?",Avi,book-author,who-wrote-book
"Who wrote the book ""Play the Piano Drunk Like a Percussion Instrument Until the Fingers Begin to Bleed a Bit""?",Charles Bukowski,book-author,who-wrote-book
"Who wrote the book ""The Secret Power of Speaking God's Word""?",Joyce Meyer,book-author,who-wrote-book
"Who is the author of the book ""One""?",Richard Bach,book-author,author-of-book
"Who wrote the book ""CSI Miami: Heat Wave""?",Max Allan Collins,book-author,who-wrote-book
"Who wrote the book ""Anxious for Nothing: Finding Calm in a Chaotic World""?",Max Lucado,book-author,who-wrote-book
"Who is the author of the book ""Demian. Die Geschichte von Emil Sinclairs Jugend""?",Hermann Hesse,book-author,author-of-book
"Who is the author of the book ""Flatland / Sphereland""?",Edwin A. Abbott,book-author,author-of-book
"Who wrote the book ""Lizzie After the War""?",Nancy B. Brewer,book-author,who-wrote-book
"Who is the author of the book ""69""?",Ryū Murakami,book-author,author-of-book
"Who is the author of the book ""Russka: The Novel of Russia""?",Edward Rutherfurd,book-author,author-of-book
"Who wrote the book ""O, Juliet""?",Robin Maxwell,book-author,who-wrote-book
"Who is the author of the book ""Of a Fire on the Moon""?",Norman Mailer,book-author,author-of-book
"Who is the author of the book ""The King's Curse""?",Philippa Gregory,book-author,author-of-book
"Who wrote the book ""Diamonds in the Shadow""?",Caroline B. Cooney,book-author,who-wrote-book
"Who wrote the book ""Top Secret Twenty-one""?",Janet Evanovich,book-author,who-wrote-book
"Who wrote the book ""Slumberland""?",Paul Beatty,book-author,who-wrote-book
"Who wrote the book ""The Rock Orchard""?",Paula Wall,book-author,who-wrote-book
"Who wrote the book ""Around The World In 80 Days, From The Earth To The Moon Direct, 200, 000 Leagues Under The Sea""?",Jules Verne,book-author,who-wrote-book
"Who is the author of the book ""The Second Coming""?",Walker Percy,book-author,author-of-book
"Who is the author of the book ""Death of a Naturalist""?",Seamus Heaney,book-author,author-of-book
"Who wrote the book ""Christmas with Anne and Other Holiday Stories""?",L.M. Montgomery,book-author,who-wrote-book
"Who is the author of the book ""Down the Rabbit Hole: Curious Adventures and Cautionary Tales of a Former Playboy Bunny""?",Holly Madison,book-author,author-of-book
"Who is the author of the book ""Living the Lord's Prayer""?",David Timms,book-author,author-of-book
"Who is the author of the book ""True Colors""?",Karen Traviss,book-author,author-of-book
"Who is the author of the book ""Bitcoin Billionaires""?",Ben Mezrich,book-author,author-of-book
"Who is the author of the book ""Blood Born""?",Linda Howard,book-author,author-of-book
"Who is the author of the book ""Righteous""?",Joe Ide,book-author,author-of-book
"Who wrote the book ""Slightly Wicked""?",Mary Balogh,book-author,who-wrote-book
"Who wrote the book ""Kim""?",Rudyard Kipling,book-author,who-wrote-book
"Who wrote the book ""Sadie in Love""?",Rochelle Distelheim,book-author,who-wrote-book
"Who is the author of the book ""Double Fold: Libraries and the Assault on Paper""?",Nicholson Baker,book-author,author-of-book
"Who is the author of the book ""Love in the Light""?",Laura Kaye,book-author,author-of-book
"Who is the author of the book ""Pebbles of Perception: How a Few Good Choices Make All The Difference""?",Laurence Endersen,book-author,author-of-book
"Who wrote the book ""Cheat Sheet: Master Getting Things Done...In 2 Minutes - The Practical Summary of David Allen's Best Selling Book""?",2 Minute Insight,book-author,who-wrote-book
"Who is the author of the book ""The System of Objects""?",Jean Baudrillard,book-author,author-of-book
"Who is the author of the book ""Witness in Death""?",J.D. Robb,book-author,author-of-book
"Who wrote the book ""Living Reed: A Novel of Korea""?",Pearl S. Buck,book-author,who-wrote-book
"Who wrote the book ""The Goddess and Other Women""?",Joyce Carol Oates,book-author,who-wrote-book
"Who is the author of the book ""Five Quarters of the Orange""?",Joanne Harris,book-author,author-of-book
"Who wrote the book ""Johnny's Cash and Charley's Pride: Lasting Legends and Untold Adventures in Country Music""?",Peter Cooper,book-author,who-wrote-book
"Who wrote the book ""A Dance to the Music of Time: 2nd Movement""?",Anthony Powell,book-author,who-wrote-book
"Who is the author of the book ""The Stone Gods""?",Jeanette Winterson,book-author,author-of-book
"Who wrote the book ""Piece Of My Heart""?",Peter Robinson,book-author,who-wrote-book
"Who wrote the book ""LOUISA MAY ALCOTT Ultimate Collection: 16 Novels & 150+ Short Stories, Plays and Poems (Illustrated): Little Women, Good Wives, Little Men, Jo's Boys, ... The Abbot's Ghost, A Garland for Girls…""?",Louisa May Alcott,book-author,who-wrote-book
"Who is the author of the book ""Freedom""?",Jonathan Franzen,book-author,author-of-book
"Who wrote the book ""Bailey's Café""?",Gloria Naylor,book-author,who-wrote-book
"Who is the author of the book ""Why I Write""?",George Orwell,book-author,author-of-book
"Who is the author of the book ""Third Year at Malory Towers (Malory Towers""?",Enid Blyton,book-author,author-of-book
"Who is the author of the book ""No Ordinary Genius: The Illustrated Richard Feynman""?",Richard P. Feynman,book-author,author-of-book
"Who wrote the book ""The Monk Who Sold His Ferrari: A Fable About Fulfilling Your Dreams and Reaching Your Destiny""?",Robin S. Sharma,book-author,who-wrote-book
"Who is the author of the book ""Yours Until Dawn""?",Teresa Medeiros,book-author,author-of-book
"Who is the author of the book ""Stealing America: What My Experience with Criminal Gangs Taught Me about Obama, Hillary, and the Democratic Party""?",Dinesh D'Souza,book-author,author-of-book
"Who wrote the book ""Live And Let Die""?",Ian Fleming,book-author,who-wrote-book
"Who wrote the book ""De la Terre a la Lune""?",Jules Verne,book-author,who-wrote-book
"Who is the author of the book ""The Complete Anne of Green Gables""?",L.M. Montgomery,book-author,author-of-book
"Who is the author of the book ""Leonardo's Mountain of Clams and the Diet of Worms: Essays on Natural History""?",Stephen Jay Gould,book-author,author-of-book
"Who wrote the book ""My Mortal Enemy""?",Willa Cather,book-author,who-wrote-book
"Who is the author of the book ""The Dead Man in Indian Creek""?",Mary Downing Hahn,book-author,author-of-book
"Who wrote the book ""The Beginning of Everything""?",Robyn Schneider,book-author,who-wrote-book
"Who wrote the book ""The Worm Ouroboros [Illustrated]""?",E.R. Eddison,book-author,who-wrote-book
"Who is the author of the book ""Cartas a Clara""?",Juan Rulfo,book-author,author-of-book
"Who wrote the book ""Poems and Essays""?",Edgar Allan Poe,book-author,who-wrote-book
"Who is the author of the book ""Business for Bohemians: Freedom Through Creativity""?",Tom Hodgkinson,book-author,author-of-book
"Who is the author of the book ""The Thanatos Syndrome""?",Walker Percy,book-author,author-of-book
"Who wrote the book ""The Portable Stephen Crane""?",Stephen Crane,book-author,who-wrote-book
"Who is the author of the book ""Forbidden Pleasure""?",Lora Leigh,book-author,author-of-book
"Who wrote the book ""Memoirs of My Life""?",Edward Gibbon,book-author,who-wrote-book
"Who wrote the book ""The White Glove War""?",Katie Crouch & Grady Hendrix,book-author,who-wrote-book
"Who wrote the book ""England""?",Terry Deary,book-author,who-wrote-book
"Who wrote the book ""An Essay on Man""?",Alexander Pope,book-author,who-wrote-book
"Who is the author of the book ""La caída de Hyperion""?",Dan Simmons,book-author,author-of-book
"Who is the author of the book ""Not in the Flesh""?",Ruth Rendell,book-author,author-of-book
"Who is the author of the book ""Devices And Desires""?",P.D. James,book-author,author-of-book
"Who is the author of the book ""Rick Steves Barcelona""?",Rick Steves,book-author,author-of-book
"Who wrote the book ""Second Form at Malory Towers (Malory Towers""?",Enid Blyton,book-author,who-wrote-book
"Who wrote the book ""The Names of Jesus""?",Warren W. Wiersbe,book-author,who-wrote-book
"Who is the author of the book ""The Last Don""?",Mario Puzo,book-author,author-of-book
"Who is the author of the book ""A Bride of the Plains""?",Emmuska Orczy,book-author,author-of-book
"Who wrote the book ""Stilwell and the American Experience in China: 1911-1945""?",Barbara W. Tuchman,book-author,who-wrote-book
"Who wrote the book ""Better Than Perfect""?",Melissa Kantor,book-author,who-wrote-book
"Who wrote the book ""The Burglar Who Liked to Quote Kipling""?",Lawrence Block,book-author,who-wrote-book
"Who is the author of the book ""The Scandal of Father Brown""?",G.K. Chesterton,book-author,author-of-book
"Who is the author of the book ""xxxHolic, Vol. 1""?",Clamp,book-author,author-of-book
"Who is the author of the book ""We Are Still Married: Stories & Letters""?",Garrison Keillor,book-author,author-of-book
"Who wrote the book ""Falling Like Snowflakes""?",Denise Hunter,book-author,who-wrote-book
"Who is the author of the book ""Storm Glass""?",Maria V. Snyder,book-author,author-of-book
"Who is the author of the book ""Sweet Peril""?",Wendy Higgins,book-author,author-of-book
"Who wrote the book ""Perfume""?",Patrick Süskind,book-author,who-wrote-book
"Who is the author of the book ""The Integration of the Personality""?",C.G. Jung,book-author,author-of-book
"Who is the author of the book ""Bink & Gollie""?",Kate DiCamillo,book-author,author-of-book
"Who wrote the book ""Owls and Other Fantasies: Poems and Essays""?",Mary Oliver,book-author,who-wrote-book
"Who wrote the book ""The Brontës: A Life in Letters""?",Juliet Barker,book-author,who-wrote-book
"Who is the author of the book ""El precio de la desigualdad. El 1 % de población tiene lo que el 99 % necesita""?",Joseph E. Stiglitz,book-author,author-of-book
"Who wrote the book ""Almost""?",Anne Eliot,book-author,who-wrote-book
"Who is the author of the book ""Killing Rommel""?",Steven Pressfield,book-author,author-of-book
"Who wrote the book ""Amerigo: A Comedy of Errors in History""?",Stefan Zweig,book-author,who-wrote-book
"Who is the author of the book ""The Baby-Sitters Club #8: Boy-Crazy Stacey""?",Ann M. Martin,book-author,author-of-book
"Who wrote the book ""Secret Seven: Secret Seven Collection 2 - books 4-6""?",Enid Blyton,book-author,who-wrote-book
"Who is the author of the book ""Pardonable Lies""?",Jacqueline Winspear,book-author,author-of-book
"Who wrote the book ""The Misanthrope""?",Molière,book-author,who-wrote-book
"Who wrote the book ""Never Fall Down""?",Patricia McCormick,book-author,who-wrote-book
"Who wrote the book ""The 12 Week Year: Get More Done in 12 Weeks than Others Do in 12 Months""?",Brian P. Moran,book-author,who-wrote-book
"Who is the author of the book ""The Children's Crusade""?",Ann Packer,book-author,author-of-book
"Who wrote the book ""The Silver Chair""?",C.S. Lewis,book-author,who-wrote-book
"Who is the author of the book ""Belief or Nonbelief?""?",Umberto Eco,book-author,author-of-book
"Who wrote the book ""On Writing: A Memoir of the Craft""?",Stephen King,book-author,who-wrote-book
"Who is the author of the book ""Weird Things Customers Say in Bookshops""?",Jen Campbell,book-author,author-of-book
"Who wrote the book ""A Darkness Strange and Lovely""?",Susan Dennard,book-author,who-wrote-book
"Who wrote the book ""Black Sun: Depression and Melancholia""?",Julia Kristeva,book-author,who-wrote-book
"Who wrote the book ""The Reluctant Vampire""?",Lynsay Sands,book-author,who-wrote-book
"Who is the author of the book ""Rise of the Isle of the Lost""?",Melissa de la Cruz,book-author,author-of-book
"Who wrote the book ""The Collected Poems of Rudyard Kipling""?",Rudyard Kipling,book-author,who-wrote-book
"Who is the author of the book ""Lothaire""?",Kresley Cole,book-author,author-of-book
"Who is the author of the book ""Think and Grow Rich: The Landmark Bestseller Now Revised and Updated for the 21st Century""?",Napoleon Hill,book-author,author-of-book
"Who wrote the book ""Devil's Game""?",Joanna Wylde,book-author,who-wrote-book
"Who wrote the book ""The Third Deadly Sin""?",Lawrence Sanders,book-author,who-wrote-book
"Who wrote the book ""A Passionate Apprentice: The Early Journals, 1897-1909""?",Virginia Woolf,book-author,who-wrote-book
"Who is the author of the book ""Daily Reflections: A Book of Reflections by A.A. Members for A.A. Members""?",Alcoholics Anonymous,book-author,author-of-book
"Who is the author of the book ""Side Jobs: Stories from the Dresden Files""?",Jim Butcher,book-author,author-of-book
"Who wrote the book ""Be Free (Galatians): Exchange Legalism for True Spirituality""?",Warren W. Wiersbe,book-author,who-wrote-book
"Who wrote the book ""Of Marriageable Age""?",Sharon Maas,book-author,who-wrote-book
"Who wrote the book ""A Worthy Pursuit""?",Karen Witemeyer,book-author,who-wrote-book
"Who wrote the book ""The Crystal Cave""?",Mary Stewart,book-author,who-wrote-book
"Who wrote the book ""What Janie Saw""?",Caroline B. Cooney,book-author,who-wrote-book
"Who wrote the book ""Warrior Goddess Training: Become the Woman You Are Meant to Be""?",HeatherAsh Amara,book-author,who-wrote-book
"Who wrote the book ""Against Our Better Judgment: The hidden history of how the U.S. was used to create Israel""?",Alison Weir,book-author,who-wrote-book
"Who wrote the book ""God's Wisdom for a Woman's Life: Timeless Principles for Your Every Need""?",Elizabeth George,book-author,who-wrote-book
"Who wrote the book ""Sing Down the Moon""?",Scott O'Dell,book-author,who-wrote-book
"Who is the author of the book ""Smart College Career Moves: What You Can Do Now to Make Yourself More Marketable Later""?",Michael J. Russ,book-author,author-of-book
"Who is the author of the book ""How to Turn Down a Billion Dollars: The Snapchat Story""?",Billy Gallagher,book-author,author-of-book
"Who is the author of the book ""Swim Back to Me""?",Ann Packer,book-author,author-of-book
"Who is the author of the book ""Free Air""?",Sinclair Lewis,book-author,author-of-book
"Who wrote the book ""Why Zebras Don't Get Ulcers: The Acclaimed Guide to Stress, Stress-Related Diseases, and Coping""?",Robert M. Sapolsky,book-author,who-wrote-book
"Who wrote the book ""The Cat Who Wasn't There""?",Lilian Jackson Braun,book-author,who-wrote-book
"Who is the author of the book ""Fruits Basket, Vol. 6""?",Natsuki Takaya,book-author,author-of-book
"Who wrote the book ""The Hooker and the Hermit""?",Penny Reid,book-author,who-wrote-book
"Who is the author of the book ""The Bronze Bow""?",Elizabeth George Speare,book-author,author-of-book
"Who wrote the book ""The Consolations of Philosophy / Status Anxiety""?",Alain de Botton,book-author,who-wrote-book
"Who is the author of the book ""The Perils of Morning Coffee""?",Alexander McCall Smith,book-author,author-of-book
"Who wrote the book ""Living Beyond Your Feelings: Controlling Emotions So They Don't Control You""?",Joyce Meyer,book-author,who-wrote-book
"Who wrote the book ""For One More Day""?",Mitch Albom,book-author,who-wrote-book
"Who wrote the book ""Travel Team""?",Mike Lupica,book-author,who-wrote-book
"Who is the author of the book ""Autobiography of a Fat Bride: True Tales of a Pretend Adulthood""?",Laurie Notaro,book-author,author-of-book
"Who wrote the book ""Boom!""?",Mark Haddon,book-author,who-wrote-book
"Who wrote the book ""Love Bites""?",Lynsay Sands,book-author,who-wrote-book
"Who wrote the book ""H.G. Wells Reader: A Complete Anthology from Science Fiction to Social Satire""?",H. G. Wells,book-author,who-wrote-book
"Who is the author of the book ""Full Black""?",Brad Thor,book-author,author-of-book
"Who is the author of the book ""Science and Psychic Phenomena: The Fall of the House of Skeptics""?",Christopher David Carter,book-author,author-of-book
"Who is the author of the book ""Undaunted""?",Diana Palmer,book-author,author-of-book
"Who wrote the book ""The Art of Woo: Using Strategic Persuasion to Sell Your Ideas""?",G.Richard Shell,book-author,who-wrote-book
"Who wrote the book ""I Heard That Song Before""?",Mary Higgins Clark,book-author,who-wrote-book
"Who wrote the book ""Blood Feud""?",Alyxandra Harvey,book-author,who-wrote-book
"Who wrote the book ""Scattered Shadows: A Memoir of Blindness and Vision""?",John Howard Griffin,book-author,who-wrote-book
"Who is the author of the book ""Murder Is Easy""?",Agatha Christie,book-author,author-of-book
"Who wrote the book ""Where There's Smoke""?",Jodi Picoult,book-author,who-wrote-book
"Who is the author of the book ""Warcraft: Durotan""?",Christie Golden,book-author,author-of-book
"Who wrote the book ""The Runaway""?",Martina Cole,book-author,who-wrote-book
"Who wrote the book ""Normal People""?",Sally Rooney,book-author,who-wrote-book
"Who wrote the book ""Homilies on the First Epistle of John""?",Augustine of Hippo,book-author,who-wrote-book
"Who is the author of the book ""Summer Moonshine""?",P.G. Wodehouse,book-author,author-of-book
"Who is the author of the book ""Lethal""?",Sandra Brown,book-author,author-of-book
"Who is the author of the book ""Sentimental Education Vol 1""?",Gustave Flaubert,book-author,author-of-book
"Who is the author of the book ""Nauti and Wild""?",Lora Leigh,book-author,author-of-book
"Who is the author of the book ""The Gospel According to Job""?",Mike Mason,book-author,author-of-book
"Who wrote the book ""Stolen Kisses""?",Suzanne Enoch,book-author,who-wrote-book
"Who is the author of the book ""The Complete Idiot's Guide to Beekeeping""?",H.G. Bissinger,book-author,author-of-book
"Who wrote the book ""Complete Works of Johannes Vermeer""?",Johannes Vermeer,book-author,who-wrote-book
"Who wrote the book ""Night Fall""?",Nelson DeMille,book-author,who-wrote-book
"Who wrote the book ""Airel: The Awakening""?",Aaron Patterson,book-author,who-wrote-book
"Who is the author of the book ""The Two Gentlemen of Verona""?",William Shakespeare,book-author,author-of-book
"Who wrote the book ""Star Island""?",Carl Hiaasen,book-author,who-wrote-book
"Who is the author of the book ""سخط""?",Philip Roth,book-author,author-of-book
"Who wrote the book ""Ants at Work: How an Insect Society is Organized""?",Deborah M. Gordon,book-author,who-wrote-book
"Who is the author of the book ""Everyday Grace""?",Marianne Williamson,book-author,author-of-book
"Who wrote the book ""A Arte da Guerra""?",Sun-Tzu,book-author,who-wrote-book
"Who is the author of the book ""The Dragon Reborn""?",Robert Jordan,book-author,author-of-book
"Who wrote the book ""So, You Want To Be Like Christ?: Eight Essentials to Get You There""?",Charles R. Swindoll,book-author,who-wrote-book
"Who wrote the book ""Skin and Bones""?",Sherry Shahan,book-author,who-wrote-book
"Who wrote the book ""Just One Drop""?",Quinn Loftis,book-author,who-wrote-book
"Who is the author of the book ""Promiscuities""?",Naomi Wolf,book-author,author-of-book
"Who is the author of the book ""How to Change Your Mind""?",Michael Pollan,book-author,author-of-book
"Who is the author of the book ""The Art of War: Complete Texts and Commentaries""?",Sun Tzu,book-author,author-of-book
"Who is the author of the book ""The Man Who Invented Christmas: How Charles Dickens's A Christmas Carol Rescued His Career and Revived Our Holiday Spirits""?",Les Standiford,book-author,author-of-book
"Who is the author of the book ""Paradise Restored: A Biblical Theology of Dominion""?",David Chilton,book-author,author-of-book
"Who wrote the book ""A Woman's Heart""?",Beth Moore,book-author,who-wrote-book
"Who wrote the book ""Seventh Son""?",Orson Scott Card,book-author,who-wrote-book
"Who is the author of the book ""Adeline: A Novel of Virginia Woolf""?",Norah Vincent,book-author,author-of-book
"Who is the author of the book ""Daphna""?",Edmund Spenser,book-author,author-of-book
"Who is the author of the book ""The Trials of Roderick Spode, ""The Human Ant""?",David Mamet,book-author,author-of-book
"Who wrote the book ""Antony and Cleopatra""?",William Shakespeare,book-author,who-wrote-book
"Who is the author of the book ""The Handmaid's Tale""?",Margaret Atwood,book-author,author-of-book
"Who wrote the book ""The Opposite of Fate: Memories of a Writing Life""?",Amy Tan,book-author,who-wrote-book
"Who is the author of the book ""Complete Collection Of H.P.Lovecraft - 150 eBooks With 100+ Audio Book Links""?",H.P. Lovecraft,book-author,author-of-book
"Who wrote the book ""Las lecturas diarias de Maxwell""?",John C. Maxwell,book-author,who-wrote-book
"Who wrote the book ""The Shadow Of The Wind""?",Carlos Ruiz Zafón,book-author,who-wrote-book
"Who wrote the book ""The Seven Capital Sins""?",Fulton J. Sheen,book-author,who-wrote-book
"Who is the author of the book ""Downfall""?",J.A. Jance,book-author,author-of-book
"Who is the author of the book ""El manager al minuto: El método gerencial más popular del mundo""?",Kenneth H. Blanchard,book-author,author-of-book
"Who wrote the book ""Leading with a Limp: Take Full Advantage of Your Most Powerful Weakness""?",Dan B. Allender,book-author,who-wrote-book
"Who is the author of the book ""Spirited Away, Volume 1""?",Hayao Miyazaki,book-author,author-of-book
"Who is the author of the book ""The Elements of Investing""?",Burton G. Malkiel,book-author,author-of-book
"Who wrote the book ""Dearest Friend: A Life of Abigail Adams""?",Lynne Withey,book-author,who-wrote-book
"Who is the author of the book ""Sacred Games""?",Vikram Chandra,book-author,author-of-book
"Who is the author of the book ""Happily Ever After""?",Charles de Lint,book-author,author-of-book
"Who wrote the book ""Million Dollar Habits: Practical, Proven, Power Practices to Double and Triple Your Income""?",Brian Tracy,book-author,who-wrote-book
"Who is the author of the book ""Illuminata: A Return to Prayer""?",Marianne Williamson,book-author,author-of-book
"Who is the author of the book ""The Edge of Desire""?",Stephanie Laurens,book-author,author-of-book
"Who wrote the book ""Maisie Dobbs Bundle #3: The Mapping of Love and Death and A Lesson in Secrets: Books 7 and 8 in the New York Times Bestselling Series""?",Jacqueline Winspear,book-author,who-wrote-book
"Who wrote the book ""A Touch Of Love""?",Jonathan Coe,book-author,who-wrote-book
"Who wrote the book ""The Literary Ladies' Guide to the Writing Life""?",Nava Atlas,book-author,who-wrote-book
"Who wrote the book ""The House of mirth""?",Edith Wharton,book-author,who-wrote-book
"Who wrote the book ""Cinnamon""?",Neil Gaiman,book-author,who-wrote-book
"Who is the author of the book ""The Young Elites""?",Marie Lu,book-author,author-of-book
"Who is the author of the book ""Trinity""?",Leon Uris,book-author,author-of-book
"Who wrote the book ""The Civil War Trilogy: Gods and Generals / The Killer Angels / The Last Full Measure""?",Jeff Shaara,book-author,who-wrote-book
"Who is the author of the book ""Welcome to Temptation""?",Jennifer Crusie,book-author,author-of-book
"Who wrote the book ""Portrait Inside My Head""?",Phillip Lopate,book-author,who-wrote-book
"Who is the author of the book ""Queen Of The Night""?",J.A. Jance,book-author,author-of-book
"Who wrote the book ""The Dark Before Dawn""?",Laurie Stevens,book-author,who-wrote-book
"Who is the author of the book ""Homicide: A Year on the Killing Streets""?",David Simon,book-author,author-of-book
"Who wrote the book ""Lenin's Tomb: The Last Days of the Soviet Empire""?",David Remnick,book-author,who-wrote-book
"Who wrote the book ""Self""?",Yann Martel,book-author,who-wrote-book
"Who is the author of the book ""Shadowfell""?",Juliet Marillier,book-author,author-of-book
"Who is the author of the book ""The Lollipop Shoes""?",Joanne Harris,book-author,author-of-book
"Who is the author of the book ""Be Worshipful (Psalms 1-89): Glorifying God for Who He Is""?",Warren W. Wiersbe,book-author,author-of-book
"Who is the author of the book ""The Heretic Emperor""?",Paul Christensen,book-author,author-of-book
"Who wrote the book ""Dream Warrior""?",Sherrilyn Kenyon,book-author,who-wrote-book
"Who wrote the book ""A Lowcountry Heart: Reflections on a Writing Life""?",Pat Conroy,book-author,who-wrote-book
"Who is the author of the book ""Learned Optimism: How to Change Your Mind and Your Life""?",Martin E.P. Seligman,book-author,author-of-book
"Who wrote the book ""The Bellringer""?",William Timothy Murray,book-author,who-wrote-book
"Who is the author of the book ""The Case Of The Vagabond Virgin""?",Erle Stanley Gardner,book-author,author-of-book
"Who wrote the book ""Fifty Writers on Fifty Shades of Grey""?",M.J. Rose,book-author,who-wrote-book
"Who is the author of the book ""Candide and Other Tales""?",Voltaire,book-author,author-of-book
"Who wrote the book ""Nixon Agonistes: The Crisis of the Self-Made Man""?",Garry Wills,book-author,who-wrote-book
"Who is the author of the book ""The Kraken Project""?",Douglas Preston,book-author,author-of-book
"Who is the author of the book ""Some of the Best from Tor.com: 2014""?",Ellen Datlow,book-author,author-of-book
"Who wrote the book ""Hot Night in the City""?",Trevanian,book-author,who-wrote-book
"Who is the author of the book ""Black Out""?",Lisa Unger,book-author,author-of-book
"Who wrote the book ""The Hollows Insider""?",Kim Harrison,book-author,who-wrote-book
"Who wrote the book ""Fat Is the New 30: The Sweet Potato Queens' Guide to Coping with (the crappy parts of) Life""?",Jill Conner Browne,book-author,who-wrote-book
"Who wrote the book ""What Hath God Wrought: The Transformation of America, 1815-1848""?",Daniel Walker Howe,book-author,who-wrote-book
"Who wrote the book ""Last Train to Paradise: Henry Flagler and the Spectacular Rise and Fall of the Railroad that Crossed an Ocean""?",Les Standiford,book-author,who-wrote-book
"Who wrote the book ""Now I'll Tell You Everything""?",Phyllis Reynolds Naylor,book-author,who-wrote-book
"Who is the author of the book ""The Mystery of the Spiteful Letters""?",Enid Blyton,book-author,author-of-book
"Who is the author of the book ""The Second Chances Collection: Never Again Good-bye, When Dreams Cross, Blind Trust, Broken Wings""?",Terri Blackstock,book-author,author-of-book
"Who is the author of the book ""Antigona""?",Slavoj Žižek,book-author,author-of-book
"Who wrote the book ""Mystic River""?",Dennis Lehane,book-author,who-wrote-book
"Who is the author of the book ""Becoming Myself: A Psychiatrist's Memoir""?",Irvin D. Yalom,book-author,author-of-book
"Who wrote the book ""ABBA 1, World 0""?",Chuck Klosterman,book-author,who-wrote-book
"Who is the author of the book ""One Faithful Life, Ebook: A Harmony of the Life and Letters of Paul""?",John F. MacArthur Jr.,book-author,author-of-book
"Who is the author of the book ""Pulp Culture: Hardboiled Fiction and the Cold War""?",Woody Haut,book-author,author-of-book
"Who is the author of the book ""Dark Companion""?",Marta Acosta,book-author,author-of-book
"Who is the author of the book ""Sagarana""?",João Guimarães Rosa,book-author,author-of-book
"Who is the author of the book ""Bob Dylan in America""?",Sean Wilentz,book-author,author-of-book
"Who is the author of the book ""The Importance of Being Earnest and Other Plays""?",Oscar Wilde,book-author,author-of-book
"Who is the author of the book ""Lost Illusions""?",Honoré de Balzac,book-author,author-of-book
"Who wrote the book ""No Holding Back: The Autobiography""?",Michael Holding,book-author,who-wrote-book
"Who is the author of the book ""The October List""?",Jeffery Deaver,book-author,author-of-book
"Who is the author of the book ""Carbono alterado""?",Richard K. Morgan,book-author,author-of-book
"Who wrote the book ""Mardi and a Voyage Thither""?",Herman Melville,book-author,who-wrote-book
"Who wrote the book ""The Mourning Hours""?",Paula Treick DeBoard,book-author,who-wrote-book
"Who is the author of the book ""Bleach―ブリーチ― 33 [Burīchi 33]""?",Tite Kubo,book-author,author-of-book
"Who wrote the book ""The Zero Marginal Cost Society: The Internet of Things, the Collaborative Commons, and the Eclipse of Capitalism""?",Jeremy Rifkin,book-author,who-wrote-book
"Who wrote the book ""The Art of Teaching""?",Jay Parini,book-author,who-wrote-book
"Who is the author of the book ""The United States Constitution""?",United States,book-author,author-of-book
"Who wrote the book ""Grace for the Moment: Inspirational Thoughts for Each Day of the Year, Volume 1""?",Max Lucado,book-author,who-wrote-book
"Who is the author of the book ""Imaginary Lands""?",Robin McKinley,book-author,author-of-book
"Who wrote the book ""Because She Loves Me""?",Mark Edwards,book-author,who-wrote-book
"Who is the author of the book ""The Island of Excess Love""?",Francesca Lia Block,book-author,author-of-book
"Who is the author of the book ""Song for the Basilisk""?",Patricia A. McKillip,book-author,author-of-book
"Who wrote the book ""The Victoria Vanishes""?",Christopher Fowler,book-author,who-wrote-book
"Who is the author of the book ""Shakespearean Negotiations: The Circulation of Social Energy in Renaissance England""?",Stephen Greenblatt,book-author,author-of-book
"Who wrote the book ""The Left Behind Collection""?",Tim LaHaye,book-author,who-wrote-book
"Who is the author of the book ""Lhind the Spy""?",Sherwood Smith,book-author,author-of-book
"Who wrote the book ""The Small Big: Small Changes That Spark Big Influence""?",Robert B. Cialdini,book-author,who-wrote-book
"Who is the author of the book ""How It Is""?",Samuel Beckett,book-author,author-of-book
"Who wrote the book ""The Complete Poems""?",D.H. Lawrence,book-author,who-wrote-book
"Who is the author of the book ""How to Measure Anything: Finding the Value of ""Intangibles"" in Business""?",Douglas W. Hubbard,book-author,author-of-book
"Who is the author of the book ""El cuerpo perfecto en cuatro horas""?",Timothy Ferris,book-author,author-of-book
"Who wrote the book ""Infiltration: The Plot to Destroy the Church from Within""?",Dr. Taylor Reed Marshall,book-author,who-wrote-book
"Who is the author of the book ""The Last Temptation""?",Val McDermid,book-author,author-of-book
"Who is the author of the book ""Memories of a Catholic Girlhood""?",Mary McCarthy,book-author,author-of-book
"Who wrote the book ""Meditation for Fidgety Skeptics: A 10% Happier How-To Book""?",Dan Harris,book-author,who-wrote-book
"Who wrote the book ""Leaving Before the Rains Come""?",Alexandra Fuller,book-author,who-wrote-book
"Who wrote the book ""We Should All Be Feminists""?",Chimamanda Ngozi Adichie,book-author,who-wrote-book
"Who wrote the book ""The Christmas Hope""?",Donna VanLiere,book-author,who-wrote-book
"Who is the author of the book ""Black Panther: World of Wakanda #1""?",Ta-Nehisi Coates,book-author,author-of-book
"Who is the author of the book ""Springwater""?",Linda Lael Miller,book-author,author-of-book
"Who is the author of the book ""Stand Still Like the Hummingbird""?",Henry Miller,book-author,author-of-book
"Who wrote the book ""With Speed and Violence: Why Scientists Fear Tipping Points in Climate Change""?",Fred Pearce,book-author,who-wrote-book
"Who is the author of the book ""The Next Queen of Heaven""?",Gregory Maguire,book-author,author-of-book
"Who wrote the book ""A orillas del río Piedra me senté y lloré""?",Paulo Coelho,book-author,who-wrote-book
"Who is the author of the book ""Malone Dies""?",Samuel Beckett,book-author,author-of-book
"Who is the author of the book ""Thief of Time""?",Terry Pratchett,book-author,author-of-book
"Who is the author of the book ""Gold Dust Woman: The Biography of Stevie Nicks""?",Steven Davis,book-author,author-of-book
"Who wrote the book ""Paradise Valley""?",Robyn Carr,book-author,who-wrote-book
"Who is the author of the book ""Zami: A New Spelling of My Name""?",Audre Lorde,book-author,author-of-book
"Who wrote the book ""From the Mixed-Up Files of Mrs. Basil E. Frankweiler""?",E L Konigsburg,book-author,who-wrote-book
"Who wrote the book ""Los hermanos Karamazov""?",Fyodor Dostoyevsky,book-author,who-wrote-book
"Who is the author of the book ""Victoria's Daughters""?",Jerrold M. Packard,book-author,author-of-book
"Who is the author of the book ""Fail, Fail Again, Fail Better: Wise Advice for Leaning into the Unknown""?",Pema Chödrön,book-author,author-of-book
"Who wrote the book ""Sweet Salt Air""?",Barbara Delinsky,book-author,who-wrote-book
"Who is the author of the book ""Heretic""?",Bernard Cornwell,book-author,author-of-book
"Who is the author of the book ""The Sketch Book by Washington Irving with Sketch of the Author's Life, and Compositional, Critical and Explanatory Notes / By G.A. Chase""?",Washington Irving,book-author,author-of-book
"Who is the author of the book ""The World Doesn't End""?",Charles Simic,book-author,author-of-book
"Who is the author of the book ""Lucy Maud Montgomery Short Stories: 1896 to 1901""?",L.M. Montgomery,book-author,author-of-book
"Who is the author of the book ""Intruder in the Dust""?",William Faulkner,book-author,author-of-book
"Who is the author of the book ""Have Space Suit-Will Travel""?",Robert A. Heinlein,book-author,author-of-book
"Who is the author of the book ""The Story of the Siren""?",E.M. Forster,book-author,author-of-book
"Who is the author of the book ""The Council of the Cursed""?",Peter Tremayne,book-author,author-of-book
"Who wrote the book ""The You I Never Knew""?",Susan Wiggs,book-author,who-wrote-book
"Who wrote the book ""You Can't Keep a Good Woman Down: Short Stories""?",Alice Walker,book-author,who-wrote-book
"Who wrote the book ""I Know Why the Caged Bird Sings""?",Maya Angelou,book-author,who-wrote-book
"Who wrote the book ""Islam: A Short History""?",Karen Armstrong,book-author,who-wrote-book
"Who wrote the book ""Una historia de Dios: 4000 años de búsqueda en el judaísmo, el cristianismo y el islam""?",Karen Armstrong,book-author,who-wrote-book
"Who is the author of the book ""The Way of the Superior Man""?",David Deida,book-author,author-of-book
"Who wrote the book ""The Laws of Love: Creating the Relationship of Your Dreams""?",Chris Prentiss,book-author,who-wrote-book
"Who wrote the book ""Adam Bede""?",George Eliot,book-author,who-wrote-book
"Who is the author of the book ""Eight Blonde Dolls""?",Bobby Underwood,book-author,author-of-book
"Who wrote the book ""Old Friends""?",Tracy Kidder,book-author,who-wrote-book
"Who is the author of the book ""The Beautiful Struggle: A Father, Two Sons, and an Unlikely Road to Manhood""?",Ta-Nehisi Coates,book-author,author-of-book
"Who wrote the book ""Ready For Anything: 52 productivity principles for work and life""?",David Allen,book-author,who-wrote-book
"Who wrote the book ""The Gods of Riverworld""?",Philip José Farmer,book-author,who-wrote-book
"Who is the author of the book ""The Beat Goes On""?",Ian Rankin,book-author,author-of-book
"Who wrote the book ""The Gangs of New York""?",Herbert Asbury,book-author,who-wrote-book
"Who wrote the book ""Her Body and Other Parties""?",Carmen Maria Machado,book-author,who-wrote-book
"Who is the author of the book ""Breaking Bread: Insurgent Black Intellectual Life""?",Cornel West,book-author,author-of-book
"Who wrote the book ""Death of a Salesman: Text and Criticism""?",Arthur Miller,book-author,who-wrote-book
"Who wrote the book ""The Geek Feminist Revolution""?",Kameron Hurley,book-author,who-wrote-book
"Who wrote the book ""Their Virgin Concubine""?",Shayla Black,book-author,who-wrote-book
"Who wrote the book ""The Power of Vulnerability: Teachings of Authenticity, Connections and Courage""?",Brené Brown,book-author,who-wrote-book
"Who is the author of the book ""How to Be Here: A Guide to Creating a Life Worth Living""?",Rob Bell,book-author,author-of-book
"Who is the author of the book ""In Search of Lost Time [volumes 1 to 7]""?",Marcel Proust,book-author,author-of-book
"Who wrote the book ""Esther: It's Tough Being a Woman [With 6 DVDs and Leader Guide, Member Book]""?",Beth Moore,book-author,who-wrote-book
"Who is the author of the book ""Something I've Been Meaning to Tell You: 13 Stories""?",Alice Munro,book-author,author-of-book
"Who wrote the book ""The Marian Option: God’s Solution to a Civilization in Crisis""?",Carrie Gress,book-author,who-wrote-book
"Who is the author of the book ""Heirs of the King: Living the Beatitudes""?",Warren W. Wiersbe,book-author,author-of-book
"Who is the author of the book ""The Art Of Getting Things Done: The Secret Of Highly Effective People.""?",Manoranjan Kumar,book-author,author-of-book
"Who is the author of the book ""Dandy""?",Jan Guillou,book-author,author-of-book
"Who wrote the book ""Don Quijote de la Mancha 2""?",Miguel de Cervantes Saavedra,book-author,who-wrote-book
"Who is the author of the book ""The Room""?",Hubert Selby Jr.,book-author,author-of-book
"Who is the author of the book ""The Innovators: How a Group of Hackers, Geniuses, and Geeks Created the Digital Revolution""?",Walter Isaacson,book-author,author-of-book
"Who is the author of the book ""Secret Sisters of the Salty Sea""?",Lynne Rae Perkins,book-author,author-of-book
"Who is the author of the book ""Jesus: The Greatest Life of All""?",Charles R. Swindoll,book-author,author-of-book
"Who wrote the book ""The Lonely Hearts Hotel""?",Heather O'Neill,book-author,who-wrote-book
"Who is the author of the book ""The Sleep Tight Motel""?",Lisa Unger,book-author,author-of-book
"Who wrote the book ""The Man Who Followed Jack Kerouac""?",Christina Westover,book-author,who-wrote-book
"Who wrote the book ""First Comes Love""?",Emily Giffin,book-author,who-wrote-book
"Who wrote the book ""Deadlock""?",James Scott Bell,book-author,who-wrote-book
"Who is the author of the book ""En busca de la felycidad""?",Chris Gardner,book-author,author-of-book
"Who is the author of the book ""The Cruel Way: Switzerland to Afghanistan in a Ford, 1939""?",Ella Maillart,book-author,author-of-book
"Who wrote the book ""Lateral Thinking: Creativity Step by Step""?",Edward de Bono,book-author,who-wrote-book
"Who wrote the book ""From Socrates to Sartre: The Philosophic Quest""?",T.Z. Lavine,book-author,who-wrote-book
"Who is the author of the book ""Joyland""?",Stephen King,book-author,author-of-book
"Who wrote the book ""Essentials of Classic Italian Cooking""?",Marcella Hazan,book-author,who-wrote-book
"Who wrote the book ""From the Moment We Met""?",Marina Adair,book-author,who-wrote-book
"Who is the author of the book ""Journey""?",Danielle Steel,book-author,author-of-book
"Who is the author of the book ""It's Not About Perfect: Competing for My Country and Fighting for My Life""?",Shannon Miller,book-author,author-of-book
"Who wrote the book ""Experiences in translation""?",Umberto Eco,book-author,who-wrote-book
"Who wrote the book ""Crimini e misfatti""?",Woody Allen,book-author,who-wrote-book
"Who is the author of the book ""At Home in Stone Creek""?",Linda Lael Miller,book-author,author-of-book
"Who is the author of the book ""By Grand Central Station I Sat Down and Wept""?",Elizabeth Smart,book-author,author-of-book
"Who is the author of the book ""Order 66:""?",Karen Traviss,book-author,author-of-book
"Who is the author of the book ""The Day Room""?",Don DeLillo,book-author,author-of-book
"Who is the author of the book ""The Magic World""?",E. Nesbit,book-author,author-of-book
"Who is the author of the book ""Risvegli""?",Oliver Sacks,book-author,author-of-book
"Who wrote the book ""The Power of a Praying® Wife""?",Stormie Omartian,book-author,who-wrote-book
"Who wrote the book ""Breakable""?",Tammara Webber,book-author,who-wrote-book
"Who wrote the book ""The Consolations of Philosophy""?",Alain de Botton,book-author,who-wrote-book
"Who wrote the book ""The Time of the Assassins:  a Study of Rimbaud""?",Henry Miller,book-author,who-wrote-book
"Who is the author of the book ""Little Miss Stoneybrook... and Dawn""?",Ann M. Martin,book-author,author-of-book
"Who wrote the book ""Obras Completas de Julio Verne""?",Jules Verne,book-author,who-wrote-book
"Who wrote the book ""Caught Stealing""?",Charlie Huston,book-author,who-wrote-book
"Who wrote the book ""The White Devil""?",John Webster,book-author,who-wrote-book
"Who is the author of the book ""The Decline and Fall of the American Empire""?",Gore Vidal,book-author,author-of-book
"Who is the author of the book ""Firefly Beach""?",Luanne Rice,book-author,author-of-book
"Who is the author of the book ""Home Girls: A Black Feminist Anthology""?",Alice Walker,book-author,author-of-book
"Who wrote the book ""Broken Republic: Three Essays""?",Arundhati Roy,book-author,who-wrote-book
"Who wrote the book ""Nothing's Fair in Fifth Grade""?",Barthe DeClements,book-author,who-wrote-book
"Who wrote the book ""Wolves of the Calla""?",Roland Deschain (Stephen King),book-author,who-wrote-book
"Who wrote the book ""Darkwater: Voices from Within the Veil""?",W.E.B. Du Bois,book-author,who-wrote-book
"Who wrote the book ""Stories of Invention, Told by Inventors and their Friends""?",Edward Everett Hale,book-author,who-wrote-book
"Who is the author of the book ""Bad Boys Online""?",Erin McCarthy,book-author,author-of-book
"Who is the author of the book ""Do It Anyway: The New Generation of Activists""?",Courtney E. Martin,book-author,author-of-book
"Who is the author of the book ""Eichmann in Jerusalem - A Report on the Banality of Evil""?",Hannah Arendt,book-author,author-of-book
"Who is the author of the book ""Seven Dirty Words: The Life and Crimes of George Carlin""?",James Sullivan,book-author,author-of-book
"Who wrote the book ""Louisiana's Way Home""?",Kate DiCamillo,book-author,who-wrote-book
"Who is the author of the book ""Diana: The Goddess Who Hunts Alone""?",Carlos Fuentes,book-author,author-of-book
"Who wrote the book ""Call Them by Their True Names: American Crises""?",Rebecca Solnit,book-author,who-wrote-book
"Who wrote the book ""Ennead 1/On the Life of Plotinus""?",A.H. Armstrong,book-author,who-wrote-book
"Who wrote the book ""Secrets of a Freelance Writer, Third Edition: How to Make $100,000 a Year or More""?",Robert W. Bly,book-author,who-wrote-book
"Who wrote the book ""Forest Mage""?",Robin Hobb,book-author,who-wrote-book
"Who wrote the book ""Edgar Allan Poe: Selected Poems""?",Edgar Allan Poe,book-author,who-wrote-book
"Who is the author of the book ""The Bonfire of the Vanities""?",Tom Wolfe,book-author,author-of-book
"Who is the author of the book ""The Girl in Room Fourteen""?",Carol Drinkwater,book-author,author-of-book
"Who is the author of the book ""Testaments Betrayed: An Essay in Nine Parts""?",Milan Kundera,book-author,author-of-book
"Who is the author of the book ""On Bullshit""?",Harry G. Frankfurt,book-author,author-of-book
"Who wrote the book ""Thus Spoke Zarathustra""?",Friedrich Nietzsche,book-author,who-wrote-book
"Who is the author of the book ""The Shackleton Sabotage""?",Gertrude Chandler Warner,book-author,author-of-book
"Who wrote the book ""El Poder Contra La Fuerza""?",David R. Hawkins,book-author,who-wrote-book
"Who is the author of the book ""The Culture Clash""?",Jean Donaldson,book-author,author-of-book
"Who wrote the book ""Jane Austen's Letters""?",Jane Austen,book-author,who-wrote-book
"Who is the author of the book ""Rant: An Oral Biography of Buster Casey""?",Chuck Palahniuk,book-author,author-of-book
"Who is the author of the book ""The Mind Parasites""?",Colin Wilson,book-author,author-of-book
"Who is the author of the book ""Prison Notebooks: Volume I""?",Antonio Gramsci,book-author,author-of-book
"Who wrote the book ""Blonde Hair, Blue Eyes""?",Karin Slaughter,book-author,who-wrote-book
"Who wrote the book ""The Darkness that Comes Before""?",R. Scott Bakker,book-author,who-wrote-book
"Who wrote the book ""Indian Summer""?",William Dean Howells,book-author,who-wrote-book
"Who wrote the book ""Der Butt""?",Günter Grass,book-author,who-wrote-book
"Who wrote the book ""Kiss My Asterisk: A Feisty Guide to Punctuation and Grammar""?",Jenny Baranick,book-author,who-wrote-book
"Who is the author of the book ""Dearie: The Remarkable Life of Julia Child""?",Bob Spitz,book-author,author-of-book
"Who is the author of the book ""Defiance of Eagles""?",William W. Johnstone,book-author,author-of-book
"Who is the author of the book ""The Barbizon Diaries: A Meditation on Will, Purpose, and the Value Of Stories""?",James A. Owen,book-author,author-of-book
"Who wrote the book ""Sometimes a Rogue""?",Mary Jo Putney,book-author,who-wrote-book
"Who wrote the book ""Unbridled""?",Young,book-author,who-wrote-book
"Who wrote the book ""I Funny: A Middle School Story""?",James Patterson,book-author,who-wrote-book
"Who is the author of the book ""Sebastopol in December""?",Leo Tolstoy,book-author,author-of-book
"Who is the author of the book ""Sometimes I Think I Hear My Name""?",Avi,book-author,author-of-book
"Who is the author of the book ""Ephesians: New Testament Commentary""?",John F. MacArthur Jr.,book-author,author-of-book
"Who wrote the book ""Trojan women: The Trojan women by Euripedes, and Helen, and Orestes by Ritsos""?",Euripides,book-author,who-wrote-book
"Who is the author of the book ""Hold Me Tight: Your Guide to the Most Successful Approach to Building Loving Relationships""?",Sue Johnson,book-author,author-of-book
"Who is the author of the book ""Possession: A Romance""?",A.S. Byatt,book-author,author-of-book
"Who is the author of the book ""Destined for War: Can America and China Escape Thucydides’s Trap?""?",Graham Allison,book-author,author-of-book
"Who wrote the book ""Mike, Mike & Me""?",Wendy Markham,book-author,who-wrote-book
"Who is the author of the book ""Evening""?",Susan Minot,book-author,author-of-book
"Who wrote the book ""A Brief Life of Christ""?",Fulton J. Sheen,book-author,who-wrote-book
"Who wrote the book ""MADAME BOVARY (Bilingual Edition: English-French): A Classic of French Literature from the prolific French writer, known for Salammbô, Sentimental Education, ... et Pécuchet, November and Three Tales""?",Gustave Flaubert,book-author,who-wrote-book
"Who is the author of the book ""Desire Caught by the Tail""?",Pablo Picasso,book-author,author-of-book
"Who wrote the book ""Killing Pablo: The Hunt for the World's Greatest Outlaw""?",Mark Bowden,book-author,who-wrote-book
"Who is the author of the book ""Captives of the Southwest""?",Noel Marie Fletcher,book-author,author-of-book
"Who is the author of the book ""Liderar é influenciar - Seja agente de transformação positiva em qualquer ambiente""?",John C. Maxwell,book-author,author-of-book
"Who is the author of the book ""March Upcountry""?",David Weber,book-author,author-of-book
"Who wrote the book ""In the Beginning""?",Chaim Potok,book-author,who-wrote-book
"Who wrote the book ""The World of David Walliams 4 Book Collection: Gangsta Granny / The Boy in the Dress / Mr Stink / The Boy in the Dress""?",David Walliams,book-author,who-wrote-book
"Who wrote the book ""The Bargain""?",Mary Jo Putney,book-author,who-wrote-book
"Who wrote the book ""Two-Minute Drill""?",Mike Lupica,book-author,who-wrote-book
"Who is the author of the book ""Lip Service""?",Susan Mallery,book-author,author-of-book
"Who is the author of the book ""The Grim Grotto""?",Lemony Snicket,book-author,author-of-book
"Who is the author of the book ""How to Eat""?",Nigella Lawson,book-author,author-of-book
"Who is the author of the book ""Saved from What?""?",R. C. Sproul,book-author,author-of-book
"Who wrote the book ""Foundation: The History of England from Its Earliest Beginnings to the Tudors""?",Peter Ackroyd,book-author,who-wrote-book
"Who is the author of the book ""Digestive Health with REAL Food""?",Jacob Aglaee,book-author,author-of-book
"Who wrote the book ""The Undrowned Child""?",Michelle Lovric,book-author,who-wrote-book
"Who wrote the book ""A Brief History of Vice: How Bad Behavior Built Civilization""?",Robert Evans,book-author,who-wrote-book
"Who is the author of the book ""The Craft of Writing Science Fiction that Sells""?",Ben Bova,book-author,author-of-book
"Who wrote the book ""Love and Other Wounds: Stories""?",Jordan Harper,book-author,who-wrote-book
"Who is the author of the book ""Thirteen Stories and Thirteen Epitaphs""?",William T. Vollmann,book-author,author-of-book
"Who is the author of the book ""The Beautiful Anthology""?",Ronlyn Domingue,book-author,author-of-book
"Who wrote the book ""A Lucky Life Interrupted: A Memoir of Hope""?",Tom Brokaw,book-author,who-wrote-book
"Who wrote the book ""The Diana I Knew: Loving Memories of the Friendship Between an American Mother and Her Son's Nanny Who Became the Princess of Wales""?",Mary Robertson,book-author,who-wrote-book
"Who wrote the book ""Chasing the Prophecy""?",Brandon Mull,book-author,who-wrote-book
"Who wrote the book ""Teaching Children to Love: 80 Games and Fun Activities for Raising Balanced Children in an Unbalanced World""?",Joseph Chilton Pearce,book-author,who-wrote-book
"Who is the author of the book ""The Power of Myth""?",Joseph Campbell,book-author,author-of-book
"Who wrote the book ""The Shuttle""?",Frances Hodgson Burnett,book-author,who-wrote-book
"Who wrote the book ""The Hanging Tree""?",Ben Aaronovitch,book-author,who-wrote-book
"Who wrote the book ""Song of the Willow""?",Charlotte McPherren,book-author,who-wrote-book
"Who is the author of the book ""Bennelong: The coming in of the Eora Sydney Cove 1788-1792""?",Keith Vincent Smith,book-author,author-of-book
"Who is the author of the book ""The Sky, the Stars, the Wilderness""?",Rick Bass,book-author,author-of-book
"Who is the author of the book ""The Last Kingdom""?",Bernard Cornwell,book-author,author-of-book
"Who wrote the book ""Where We Stand: Class Matters""?",bell hooks,book-author,who-wrote-book
"Who is the author of the book ""Letters Home from Italy""?",Lisa Halvorsen,book-author,author-of-book
"Who wrote the book ""Black Panther #5""?",Ta-Nehisi Coates,book-author,who-wrote-book
"Who is the author of the book ""Ocean of Blood""?",Darren Shan,book-author,author-of-book
"Who wrote the book ""White Fang""?",Jack London,book-author,who-wrote-book
"Who wrote the book ""The Jane Austen Book Club""?",Karen Joy Fowler,book-author,who-wrote-book
"Who is the author of the book ""The Uncollected David Rakoff: Including the entire text of Love, Dishonor, Marry, Die, Cherish, Perish""?",David Rakoff,book-author,author-of-book
"Who wrote the book ""The Curriculum: Everything You Need to Know to Be a Master of Business Arts""?",Stanley Bing,book-author,who-wrote-book
"Who wrote the book ""Further Fridays: Essays, Lectures, and Other Nonfiction, 1984 - 1994""?",John Barth,book-author,who-wrote-book
"Who wrote the book ""Betrayer""?",C.J. Cherryh,book-author,who-wrote-book
"Who wrote the book ""The Death of  Dulgath""?",Michael J. Sullivan,book-author,who-wrote-book
"Who wrote the book ""Picasso at the Lapin Agile and Other Plays""?",Steve Martin,book-author,who-wrote-book
"Who wrote the book ""Notes on an Exodus""?",Richard Flanagan,book-author,who-wrote-book
"Who wrote the book ""The Motion of Puppets""?",Keith Donohue,book-author,who-wrote-book
"Who wrote the book ""The Freedom Manifesto""?",Tom Hodgkinson,book-author,who-wrote-book
"Who is the author of the book ""Black Panther #13""?",Ta-Nehisi Coates,book-author,author-of-book
"Who wrote the book ""The End of the Affair""?",Graham Greene,book-author,who-wrote-book
"Who is the author of the book ""Rain Dogs""?",Adrian McKinty,book-author,author-of-book
"Who wrote the book ""A Montana Born Christmas""?",Jane Porter,book-author,who-wrote-book
"Who wrote the book ""Wild Swans: Three Daughters of China""?",Jung Chang,book-author,who-wrote-book
"Who is the author of the book ""The Idea of Justice""?",Amartya Sen,book-author,author-of-book
"Who is the author of the book ""How the Hell Did This Happen?: A Cautionary Tale of American Democracy""?",P. J. O'Rourke,book-author,author-of-book
"Who wrote the book ""Los días que nos separan""?",Laia Soler,book-author,who-wrote-book
"Who wrote the book ""Help!: How to Be Slightly Happier, Slightly More Successful and Get a Bit More Done""?",Oliver Burkeman,book-author,who-wrote-book
"Who is the author of the book ""Ali and Nino""?",Kurban Said,book-author,author-of-book
"Who is the author of the book ""Liberty""?",Nick Webb,book-author,author-of-book
"Who wrote the book ""The Heart's Victory""?",Nora Roberts,book-author,who-wrote-book
"Who wrote the book ""Winning With People: Discover the People Principles that Work for You Every Time""?",John C. Maxwell,book-author,who-wrote-book
"Who is the author of the book ""Intuition""?",Allegra Goodman,book-author,author-of-book
"Who is the author of the book ""Stoic Six Pack - Meditations of Marcus Aurelius, Golden Sayings, Fragments and Discourses of Epictetus, Letters From A Stoic and The Enchiridion""?",Marcus Aurelius,book-author,author-of-book
"Who wrote the book ""Dreamer's Pool""?",Juliet Marillier,book-author,who-wrote-book
"Who wrote the book ""Nada que temer""?",Julian Barnes,book-author,who-wrote-book
"Who is the author of the book ""Mistress of the Monarchy: The Life of Katherine Swynford, Duchess of Lancaster""?",Alison Weir,book-author,author-of-book
"Who wrote the book ""The Dust that Falls from Dreams""?",Louis de Bernières,book-author,who-wrote-book
"Who wrote the book ""The Firm""?",John Grisham,book-author,who-wrote-book
"Who is the author of the book ""Innovate Like Edison: The Success System of America's Greatest Inventor""?",Michael J. Gelb,book-author,author-of-book
"Who wrote the book ""A Blue So Dark""?",Holly Schindler,book-author,who-wrote-book
"Who wrote the book ""Scarlett: The Sequel to Margaret Mitchell's Gone with the Wind Part 2""?",Alexandra Ripley,book-author,who-wrote-book
"Who wrote the book ""The Red Notebook: True Stories""?",Paul Auster,book-author,who-wrote-book
"Who wrote the book ""Men Without Women: Stories""?",Haruki Murakami,book-author,who-wrote-book
"Who is the author of the book ""Ice Storm""?",Anne Stuart,book-author,author-of-book
"Who wrote the book ""A Possible Life""?",Sebastian Faulks,book-author,who-wrote-book
"Who wrote the book ""Death of a Travelling Man""?",M.C. Beaton,book-author,who-wrote-book
"Who is the author of the book ""Two Hearts""?",Peter S. Beagle,book-author,author-of-book
"Who is the author of the book ""The Complete Stories of Truman Capote""?",Truman Capote,book-author,author-of-book
"Who wrote the book ""The Undead Pool""?",Kim Harrison,book-author,who-wrote-book
"Who wrote the book ""Tall, Dark Streak of Lightning""?",J.M. Richards,book-author,who-wrote-book
"Who is the author of the book ""You Only Live Twice""?",Ian Fleming,book-author,author-of-book
"Who wrote the book ""Bombing in Belgravia""?",Samantha Silver,book-author,who-wrote-book
"Who is the author of the book ""The Short Happy Life of Francis Macomber and Other Stories""?",Ernest Hemingway,book-author,author-of-book
"Who is the author of the book ""The Brave Free Men""?",Jack Vance,book-author,author-of-book
"Who is the author of the book ""La gran búsqueda: Una historia de la economía""?",Sylvia Nasar,book-author,author-of-book
"Who is the author of the book ""Kitty at St Clare's""?",Enid Blyton,book-author,author-of-book
"Who wrote the book ""Confederate Reckoning: Power and Politics in the Civil War South""?",Stephanie McCurry,book-author,who-wrote-book
"Who is the author of the book ""The Adventures of the Wishing-Chair""?",Enid Blyton,book-author,author-of-book
"Who wrote the book ""Brida""?",Paulo Coelho,book-author,who-wrote-book
"Who wrote the book ""Trade Wind""?",M.M. Kaye,book-author,who-wrote-book
"Who is the author of the book ""Where There is Light: Insight and Inspiration for Meeting Life's Challenges""?",Paramahansa Yogananda,book-author,author-of-book
"Who wrote the book ""Not Another New Year's""?",Christie Ridgway,book-author,who-wrote-book
"Who is the author of the book ""Death of Kings""?",Bernard Cornwell,book-author,author-of-book
"Who is the author of the book ""Of the Nightingales That Weep""?",Katherine Paterson,book-author,author-of-book
"Who is the author of the book ""The Darling""?",Russell Banks,book-author,author-of-book
"Who wrote the book ""Charlton Heston: Hollywood's Last Icon""?",Marc Eliot,book-author,who-wrote-book
"Who wrote the book ""Don't Cry""?",Mary Gaitskill,book-author,who-wrote-book
"Who is the author of the book ""Someone Knows""?",Lisa Scottoline,book-author,author-of-book
"Who wrote the book ""The End of All Songs""?",Michael Moorcock,book-author,who-wrote-book
"Who is the author of the book ""A Dead Man in Deptford""?",Anthony Burgess,book-author,author-of-book
"Who wrote the book ""The Cat Who Knew a Cardinal""?",Lilian Jackson Braun,book-author,who-wrote-book
"Who wrote the book ""Dancing With Demons""?",Peter Tremayne,book-author,who-wrote-book
"Who wrote the book ""Kırmızı Saçlı Kadın""?",Orhan Pamuk,book-author,who-wrote-book
"Who wrote the book ""Tanner's Scheme""?",Lora Leigh,book-author,who-wrote-book
"Who is the author of the book ""The Pilgrim's Progress""?",John Bunyan,book-author,author-of-book
"Who wrote the book ""Make Today Count: The Secret of Your Success is Determined by Your Daily Agenda""?",John C. Maxwell,book-author,who-wrote-book
"Who wrote the book ""The Age of Miracles: Embracing the New Midlife""?",Marianne Williamson,book-author,who-wrote-book
"Who wrote the book ""The Evil Seed""?",Joanne Harris,book-author,who-wrote-book
"Who is the author of the book ""The Human Comedy: Selected Stories""?",Honoré de Balzac,book-author,author-of-book
"Who wrote the book ""Some Prefer Nettles""?",Jun'ichirō Tanizaki,book-author,who-wrote-book
"Who wrote the book ""Rebel""?",Bernard Cornwell,book-author,who-wrote-book
"Who wrote the book ""Redeployment""?",Phil Klay,book-author,who-wrote-book
"Who is the author of the book ""Bookends""?",Jane Green,book-author,author-of-book
"Who is the author of the book ""Isaac Newton""?",James Gleick,book-author,author-of-book
"Who is the author of the book ""Star Wars: Tatooine Ghost""?",Troy Denning,book-author,author-of-book
"Who wrote the book ""The Butterfly Effect""?",Jon Ronson,book-author,who-wrote-book
"Who wrote the book ""The Brands Who Came For Christmas""?",Maggie Shayne,book-author,who-wrote-book
"Who wrote the book ""Dear Ijeawele, or A Feminist Manifesto in Fifteen Suggestions""?",Chimamanda Ngozi Adichie,book-author,who-wrote-book
"Who is the author of the book ""Upstairs at the White House: My Life with the First Ladies""?",J.B. West,book-author,author-of-book
"Who is the author of the book ""H.M.S. Surprise""?",Patrick O'Brian,book-author,author-of-book
"Who wrote the book ""Spinoza's 'Ethics': An Introduction""?",Steven M. Nadler,book-author,who-wrote-book
"Who wrote the book ""The Assassin and the Pirate Lord""?",Sarah J. Maas,book-author,who-wrote-book
"Who is the author of the book ""Werner Herzog - A Guide for the Perplexed: Conversations with Paul Cronin""?",Paul Cronin,book-author,author-of-book
"Who wrote the book ""Innocent Traitor""?",Alison Weir,book-author,who-wrote-book
"Who wrote the book ""My Father, the Pornographer""?",Chris Offutt,book-author,who-wrote-book
"Who wrote the book ""Fairness and Freedom: A History of Two Open Societies: New Zealand and the United States""?",David Hackett Fischer,book-author,who-wrote-book
"Who is the author of the book ""The Wayfinders: Why Ancient Wisdom Matters in the Modern World""?",Wade Davis,book-author,author-of-book
"Who is the author of the book ""El Corazón de Voltaire""?",Luis López Nieves,book-author,author-of-book
"Who wrote the book ""Lola and the Boy Next Door""?",Stephanie Perkins,book-author,who-wrote-book
"Who is the author of the book ""Double Fudge Brownie Murder""?",Joanne Fluke,book-author,author-of-book
"Who is the author of the book ""The Kraken King""?",Meljean Brook,book-author,author-of-book
"Who is the author of the book ""Jonathan Strange i pan Norrell. Tom 3""?",Susanna Clarke,book-author,author-of-book
"Who is the author of the book ""The Complete Works of Artemus Ward""?",Artemus Ward,book-author,author-of-book
"Who wrote the book ""The Jazz Ear: Conversations Over Music""?",Ben Ratliff,book-author,who-wrote-book
"Who wrote the book ""The Name of the Star""?",Maureen Johnson,book-author,who-wrote-book
"Who wrote the book ""Frequency: The Power of Personal Vibration""?",Penney Peirce,book-author,who-wrote-book
"Who is the author of the book ""Sabbaths theater""?",Philip Roth,book-author,author-of-book
"Who is the author of the book ""The Diogenes Trilogy: Brimstone, Dance of Death, and The Book of the Dead Omnibus""?",Douglas Preston,book-author,author-of-book
"Who wrote the book ""The Age of Reform""?",Richard Hofstadter,book-author,who-wrote-book
"Who wrote the book ""I Shall Not Be Moved""?",Maya Angelou,book-author,who-wrote-book
"Who is the author of the book ""Hooking Up""?",Tom Wolfe,book-author,author-of-book
"Who wrote the book ""The Lynda Barry Experience""?",Lynda Barry,book-author,who-wrote-book
"Who is the author of the book ""Vagabond, Volume 25""?",Takehiko Inoue,book-author,author-of-book
"Who is the author of the book ""Odile""?",Raymond Queneau,book-author,author-of-book
"Who is the author of the book ""The Chronicles of Amber""?",Roger Zelazny,book-author,author-of-book
"Who is the author of the book ""In the Moon of Red Ponies""?",James Lee Burke,book-author,author-of-book
"Who is the author of the book ""The Accidental Tourist""?",Anne Tyler,book-author,author-of-book
"Who is the author of the book ""Paradox""?",Catherine Coulter,book-author,author-of-book
"Who wrote the book ""Nights at the Circus""?",Angela Carter,book-author,who-wrote-book
"Who wrote the book ""The Fire Inside""?",Kathryn Shay,book-author,who-wrote-book
"Who is the author of the book ""The Sportswriter""?",Richard Ford,book-author,author-of-book
"Who is the author of the book ""Sounds, Feelings, Thoughts:  Seventy Poems by Wislawa Szymborska""?",Wisława Szymborska,book-author,author-of-book
"Who wrote the book ""Lucado 3-in-1: Traveling Light, Next Door Savior, Come Thirsty""?",Max Lucado,book-author,who-wrote-book
"Who is the author of the book ""Festive in Death""?",J.D. Robb,book-author,author-of-book
"Who is the author of the book ""The Sandcastle""?",Iris Murdoch,book-author,author-of-book
"Who is the author of the book ""Mr. Dooley in Peace and in War""?",Finley Peter Dunne,book-author,author-of-book
"Who wrote the book ""Horses Make a Landscape Look More Beautiful: Poems""?",Alice Walker,book-author,who-wrote-book
"Who wrote the book ""Sapphire Flames""?",Ilona Andrews,book-author,who-wrote-book
"Who is the author of the book ""Dream Country""?",Neil Gaiman,book-author,author-of-book
"Who is the author of the book ""Rule of the Bone""?",Russell Banks,book-author,author-of-book
"Who wrote the book ""Carsten Curator""?",Theodor Storm,book-author,who-wrote-book
"Who wrote the book ""Angle of Repose""?",Wallace Stegner,book-author,who-wrote-book
"Who is the author of the book ""The Simple Truth: Poems""?",Philip Levine,book-author,author-of-book
"Who wrote the book ""A Man Called Peter: The Story of Peter Marshall""?",Catherine Marshall,book-author,who-wrote-book
"Who wrote the book ""My Booky Wook""?",Russell Brand,book-author,who-wrote-book
"Who wrote the book ""Trader Of Secrets""?",Steve Martini,book-author,who-wrote-book
"Who is the author of the book ""Seduction""?",Jean Baudrillard,book-author,author-of-book
"Who wrote the book ""Cast in Honor""?",Michelle Sagara,book-author,who-wrote-book
"Who wrote the book ""What Men Don't Tell Women""?",Roy Blount Jr.,book-author,who-wrote-book
"Who wrote the book ""Marriage of Inconvenience""?",Penny Reid,book-author,who-wrote-book
"Who is the author of the book ""Carniepunk: The Demon Barker of Wheat Street""?",Kevin Hearne,book-author,author-of-book
"Who wrote the book ""Breverton's Nautical Curiosities""?",Terry Breverton,book-author,who-wrote-book
"Who wrote the book ""The Complete Works of Henry Wadsworth Longfellow""?",Henry Wadsworth Longfellow,book-author,who-wrote-book
"Who is the author of the book ""For the Glory of God: How Monotheism Led to Reformations, Science, Witch-Hunts, and the End of Slavery""?",Rodney Stark,book-author,author-of-book
"Who is the author of the book ""Beauty's Hour: A Phantasy""?",Olivia Shakespear,book-author,author-of-book
"Who wrote the book ""Перебои в смерти""?",José Saramago,book-author,who-wrote-book
"Who wrote the book ""Conversation with Goya""?",Ivo Andrić,book-author,who-wrote-book
"Who is the author of the book ""Mississippi Blood""?",Greg Iles,book-author,author-of-book
"Who is the author of the book ""The Power of Praying for Your Adult Children Prayer and Study Guide""?",Stormie Omartian,book-author,author-of-book
"Who wrote the book ""Main Street Vegan: Everything You Need to Know to Eat Healthfully and Live Compassionately in the Real World""?",Victoria Moran,book-author,who-wrote-book
"Who wrote the book ""Scandal in Spring""?",Lisa Kleypas,book-author,who-wrote-book
"Who is the author of the book ""The Personal Notebooks Of Thomas Hardy""?",Thomas Hardy,book-author,author-of-book
"Who is the author of the book ""La galaxia Gutenberg""?",Marshall McLuhan,book-author,author-of-book
"Who wrote the book ""The Family""?",Mario Puzo,book-author,who-wrote-book
"Who is the author of the book ""Click: One Novel, Ten Authors""?",Nick Hornby,book-author,author-of-book
"Who is the author of the book ""Продавач на чудеса""?",Gabriel Garcí­a Márquez,book-author,author-of-book
"Who is the author of the book ""The Atrocity Archives""?",Charles Stross,book-author,author-of-book
"Who is the author of the book ""The River Why""?",David James Duncan,book-author,author-of-book
"Who wrote the book ""Lessons in Leadership: A Weekly Reading of the Jewish Bible""?",Jonathan Sacks,book-author,who-wrote-book
"Who wrote the book ""Men of the Otherworld""?",Kelley Armstrong,book-author,who-wrote-book
"Who wrote the book ""The Art of Aging: A Doctor's Prescription for Well-Being""?",Sherwin B. Nuland,book-author,who-wrote-book
"Who wrote the book ""The Cast""?",Danielle Steel,book-author,who-wrote-book
"Who is the author of the book ""Magic's Pawn""?",Mercedes Lackey,book-author,author-of-book
"Who wrote the book ""Slam Dunk, Tome 1""?",Takehiko Inoue,book-author,who-wrote-book
"Who wrote the book ""The Wizard of Karres""?",Mercedes Lackey,book-author,who-wrote-book
"Who is the author of the book ""The Adventure of the Cardboard Box""?",Arthur Conan Doyle,book-author,author-of-book
"Who wrote the book ""While My Pretty One Sleeps""?",Mary Higgins Clark,book-author,who-wrote-book
"Who is the author of the book ""How Then Shall We Worship?: Biblical Principles to Guide Us Today""?",R.C. Sproul,book-author,author-of-book
"Who is the author of the book ""The Deepest Acceptance""?",Jeff Foster,book-author,author-of-book
"Who wrote the book ""From Islam to Christ: One Woman's Path through the Riddles of God""?",Derya Little,book-author,who-wrote-book
"Who wrote the book ""Touchstones: A Book of Daily Meditations for Men""?",Anonymous,book-author,who-wrote-book
"Who wrote the book ""99 Coffins""?",David Wellington,book-author,who-wrote-book
"Who is the author of the book ""The Comedians""?",Graham Greene,book-author,author-of-book
"Who wrote the book ""Indian Tales""?",Rudyard Kipling,book-author,who-wrote-book
"Who is the author of the book ""The Chronicles of Narnia The Lion, the Witch & the Wardrobe""?",C. S. Lewis,book-author,author-of-book
"Who is the author of the book ""The Call to Wonder: Loving God like a Child""?",R.C. Sproul Jr.,book-author,author-of-book
"Who is the author of the book ""Movie Love: Film Writings, 1988-1991""?",Pauline Kael,book-author,author-of-book
"Who is the author of the book ""The Broker""?",John Grisham,book-author,author-of-book
"Who is the author of the book ""There Was a Little Girl""?",Ed McBain,book-author,author-of-book
"Who is the author of the book ""Girls In Pants: The Third Summer Of The Sisterhood""?",Ann Brashares,book-author,author-of-book
"Who wrote the book ""Nothing Twice: Selected Poems""?",Wisława Szymborska,book-author,who-wrote-book
"Who wrote the book ""The Lost Symbol""?",Dan Brown,book-author,who-wrote-book
"Who is the author of the book ""Surely You're Joking, Mr. Feynman/What Do You Care What Other People Think?""?",Richard P. Feynman,book-author,author-of-book
"Who is the author of the book ""Whispers of Hope: 10 Weeks of Devotional Prayer""?",Beth Moore,book-author,author-of-book
"Who wrote the book ""Age of Anger: A History of the Present""?",Pankaj Mishra,book-author,who-wrote-book
"Who wrote the book ""The King of the Swords""?",Michael Moorcock,book-author,who-wrote-book
"Who wrote the book ""Collected Works Volume 10: Collected Poetry, Part 1""?",G.K. Chesterton,book-author,who-wrote-book
"Who is the author of the book ""A Friend of the Earth""?",T. Coraghessan Boyle,book-author,author-of-book
"Who is the author of the book ""The Ruby Knight""?",David Eddings,book-author,author-of-book
"Who wrote the book ""The Japanese Lover""?",Isabel Allende,book-author,who-wrote-book
"Who wrote the book ""Letters to a Young Artist""?",Anna Deavere Smith,book-author,who-wrote-book
"Who is the author of the book ""Nietzsche: Philosopher, Psychologist, Antichrist""?",Walter Kaufmann,book-author,author-of-book
"Who is the author of the book ""The Beast""?",J.R. Ward,book-author,author-of-book
"Who is the author of the book ""The Collected Tales of Nikolai Gogol""?",Nikolai Gogol,book-author,author-of-book
"Who wrote the book ""Be Courageous (Luke 14-24): Take Heart from Christ's Example""?",Warren W. Wiersbe,book-author,who-wrote-book
"Who is the author of the book ""The Cat Who Played Brahms""?",Lilian Jackson Braun,book-author,author-of-book
"Who is the author of the book ""A Suitable Vengeance""?",Elizabeth George,book-author,author-of-book
"Who is the author of the book ""Preacher, Volume 7: Salvation""?",Garth Ennis,book-author,author-of-book
"Who is the author of the book ""A Sense of Where You Are: Bill Bradley at Princeton""?",John McPhee,book-author,author-of-book
"Who wrote the book ""The Call of Cthulhu and Other Weird Stories""?",H P Lovecraft,book-author,who-wrote-book
"Who is the author of the book ""The 21 Irrefutable Laws of Leadership by John C. Maxwell: Summary of the Key Ideas in One Hour or Less""?",Eighty Twenty Publishing,book-author,author-of-book
"Who wrote the book ""Phenomenal Female Entrepreneurs""?",Jill Bryant,book-author,who-wrote-book
"Who is the author of the book ""One Summer: America, 1927""?",Bill Bryson,book-author,author-of-book
"Who is the author of the book ""Inventing a Christian America: The Myth of the Religious Founding""?",Steven K. Green,book-author,author-of-book
"Who is the author of the book ""The Making of Donald Trump""?",David Cay Johnston,book-author,author-of-book
"Who is the author of the book ""Trullion: Alastor 2262""?",Jack Vance,book-author,author-of-book
"Who is the author of the book ""Until We Are Free: My Fight for Human Rights in Iran""?",Shirin Ebadi,book-author,author-of-book
"Who wrote the book ""Ojos de perro azul""?",Gabriel García Márquez,book-author,who-wrote-book
"Who is the author of the book ""James Baldwin: The Last Interview and Other Conversations""?",James Baldwin,book-author,author-of-book
"Who is the author of the book ""The True Saint Nicholas: Why He Matters to Christmas""?",William J. Bennett,book-author,author-of-book
"Who is the author of the book ""George Washington Is Cash Money: A No-Bullshit Guide to the United Myths of America""?",Cory O'Brien,book-author,author-of-book
"Who wrote the book ""Investing For Dummies (For Dummies""?",Eric Tyson,book-author,who-wrote-book
"Who is the author of the book ""Forever Peace""?",Joe Haldeman,book-author,author-of-book
"Who wrote the book ""The Violent Bear It Away""?",Flannery O'Connor,book-author,who-wrote-book
"Who wrote the book ""Witches 101: A Witches of East End Primer""?",Melissa de la Cruz,book-author,who-wrote-book
"Who wrote the book ""Friend Request""?",Laura Marshall,book-author,who-wrote-book
"Who is the author of the book ""Seven Tenths: The Sea and Its Thresholds""?",James Hamilton-Paterson,book-author,author-of-book
"Who wrote the book ""Beogradske priče""?",Ivo Andrić,book-author,who-wrote-book
"Who wrote the book ""Ulysses and Dubliners""?",James Joyce,book-author,who-wrote-book
"Who wrote the book ""Lion of Macedon""?",David Gemmell,book-author,who-wrote-book
"Who wrote the book ""Norse Mythology: The History of the Norse Pantheon and the Most Famous Myths""?",Charles River Editors,book-author,who-wrote-book
"Who wrote the book ""EL LOBO ESTEPARIO""?",Hermann Hesse,book-author,who-wrote-book
"Who wrote the book ""Harry Potter Series Box Set""?",J.K. Rowling,book-author,who-wrote-book
"Who is the author of the book ""Glamorama""?",Bret Easton Ellis,book-author,author-of-book
"Who is the author of the book ""The Lexus and the Olive Tree""?",Thomas L. Friedman,book-author,author-of-book
"Who wrote the book ""Mind-Rain: Your Favorite Authors on Scott Westerfeld's Uglies Series""?",Jennifer Lynn Barnes,book-author,who-wrote-book
"Who wrote the book ""Dear Husband""?",Joyce Carol Oates,book-author,who-wrote-book
"Who wrote the book ""An ABC of Science Fiction""?",Kurt Vonnegut Jr,book-author,who-wrote-book
"Who wrote the book ""The Willoughbys""?",Lois Lowry,book-author,who-wrote-book
"Who is the author of the book ""Hombres (y algunas mujeres): Cuentos que celebran el 8 de marzo""?",Rosa Montero,book-author,author-of-book
"Who is the author of the book ""No Good Alternative: Volume Two of Carbon Ideologies: 2""?",William T. Vollmann,book-author,author-of-book
"Who is the author of the book ""Berlin Diary: The Journal of a Foreign Correspondent 1934-41""?",William L. Shirer,book-author,author-of-book
"Who wrote the book ""Gaze and Voice as Love Objects: [SIC 1]""?",Slavoj Žižek,book-author,who-wrote-book
"Who wrote the book ""Throne of Stars""?",David Weber,book-author,who-wrote-book
"Who is the author of the book ""Dazzled""?",Jane Harvey-Berrick,book-author,author-of-book
"Who is the author of the book ""Lily and the Major""?",Linda Lael Miller,book-author,author-of-book
"Who wrote the book ""History of the United States During the Administrations of James Madison""?",Henry Adams,book-author,who-wrote-book
"Who wrote the book ""Queenie""?",Alice Munro,book-author,who-wrote-book
"Who wrote the book ""The Monk Who Sold his Ferrari""?",Robin S. Sharma,book-author,who-wrote-book
"Who is the author of the book ""Just One Damned Thing After Another""?",Jodi Taylor,book-author,author-of-book
"Who is the author of the book ""V for Vendetta, Vol. II of X""?",Alan Moore,book-author,author-of-book
"Who is the author of the book ""Drood""?",Dan Simmons,book-author,author-of-book
"Who wrote the book ""All That's Good: Recovering the Lost Art of Discernment""?",Hannah Anderson,book-author,who-wrote-book
"Who wrote the book ""The Christian Religion An Enquiry""?",Robert Green Ingersoll,book-author,who-wrote-book
"Who wrote the book ""Orthodoxy""?",G. K. Chesterton,book-author,who-wrote-book
"Who wrote the book ""Rant: The Oral History of Buster Casey""?",Chuck Palahniuk,book-author,who-wrote-book
"Who is the author of the book ""Stone Cold Touch""?",Jennifer L. Armentrout,book-author,author-of-book
"Who wrote the book ""Six Tudor Queens: Writing a New Story""?",Alison Weir,book-author,who-wrote-book
"Who wrote the book ""Heartwood""?",James Lee Burke,book-author,who-wrote-book
"Who wrote the book ""Profiles of the Future: An Inquiry Into the Limits of the Possible""?",Arthur C. Clarke,book-author,who-wrote-book
"Who is the author of the book ""The Pier Falls: And Other Stories""?",Mark Haddon,book-author,author-of-book
"Who is the author of the book ""Fragile""?",Lisa Unger,book-author,author-of-book
"Who wrote the book ""Everything Changes""?",Jonathan Tropper,book-author,who-wrote-book
"Who is the author of the book ""Terrible Swift Sword""?",Bruce Catton,book-author,author-of-book
"Who is the author of the book ""Blasphemische Gedanken: Islam und Moderne""?",Slavoj Žižek,book-author,author-of-book
"Who wrote the book ""Kinfolk: A Novel of China""?",Pearl S. Buck,book-author,who-wrote-book
"Who is the author of the book ""A Dog's Life: The Autobiography of a Stray""?",Ann M. Martin,book-author,author-of-book
"Who is the author of the book ""Champion""?",Marie Lu,book-author,author-of-book
"Who wrote the book ""The Size of Thoughts: Essays and Other Lumber""?",Nicholson Baker,book-author,who-wrote-book
"Who wrote the book ""Sea Sick""?",Iain Rob Wright,book-author,who-wrote-book
"Who wrote the book ""Enchantment: The Art of Changing Hearts, Minds, and Actions""?",Guy Kawasaki,book-author,who-wrote-book
"Who is the author of the book ""David Ascendant""?",Brian Godawa,book-author,author-of-book
"Who wrote the book ""Androcles and the Lion""?",George Bernard Shaw,book-author,who-wrote-book
"Who wrote the book ""Jingle""?",Gordon Korman,book-author,who-wrote-book
"Who wrote the book ""The Way of Life: Experiencing the Culture of Heaven on Earth""?",Bill Johnson,book-author,who-wrote-book
"Who wrote the book ""Brokeback Mountain""?",Annie Proulx,book-author,who-wrote-book
"Who wrote the book ""Blood & Beauty: The Borgias""?",Sarah Dunant,book-author,who-wrote-book
"Who wrote the book ""Cruise Control""?",Sarah Mayberry,book-author,who-wrote-book
"Who wrote the book ""Witch & Wizard: The Fire - Free Preview: The First 34 Chapters""?",James Patterson and Jill Dembowski,book-author,who-wrote-book
"Who is the author of the book ""The Power Of One""?",Bryce Courtenay,book-author,author-of-book
"Who is the author of the book ""Linotte: The Early Diary of Anais Nin""?",Anaïs Nin,book-author,author-of-book
"Who wrote the book ""Anleitung zum Müßiggang""?",Tom Hodgkinson,book-author,who-wrote-book
"Who wrote the book ""Why I'm Afraid of Bees""?",R.L. Stine,book-author,who-wrote-book
"Who is the author of the book ""The Imp of The Perverse""?",Edgar Allan Poe,book-author,author-of-book
"Who wrote the book ""Accomplishing the Impossible: What God Does, What We Can Do""?",Russell M. Nelson,book-author,who-wrote-book
"Who is the author of the book ""The Shift: Taking Your Life from Ambition to Meaning""?",Wayne W. Dyer,book-author,author-of-book
"Who wrote the book ""A Meeting by the River""?",Christopher Isherwood,book-author,who-wrote-book
"Who is the author of the book ""Rick Steves' Snapshot Scotland""?",Rick Steves,book-author,author-of-book
"Who is the author of the book ""Never Let Go of My Hand""?",Kerry E. Wagner,book-author,author-of-book
"Who is the author of the book ""The Halfling's Gem""?",R.A. Salvatore,book-author,author-of-book
"Who wrote the book ""From Sawdust to Stardust: The Biography of DeForest Kelley""?",Terry Lee Rioux,book-author,who-wrote-book
"Who is the author of the book ""Unleash the Night""?",Sherrilyn Kenyon,book-author,author-of-book
"Who is the author of the book ""Dreyer’s English: An Utterly Correct Guide to Clarity and Style from the Copy Chief of Random House""?",Benjamin Dreyer,book-author,author-of-book
"Who is the author of the book ""Oedipe ou Le Roi boiteux""?",Jean Anouilh,book-author,author-of-book
"Who wrote the book ""Atlantiskompleksi""?",Eoin Colfer,book-author,who-wrote-book
"Who is the author of the book ""Kitty Cornered: How Frannie and Five Other Incorrigible Cats Seized Control of Our House and Made It Their Home""?",Bob Tarte,book-author,author-of-book
"Who wrote the book ""Detonator""?",Andy McNab,book-author,who-wrote-book
"Who wrote the book ""Assembling California""?",John McPhee,book-author,who-wrote-book
"Who is the author of the book ""Masquerade""?",Melissa de la Cruz,book-author,author-of-book
"Who is the author of the book ""Be Transformed (John 13-21): Christ's Triumph Means Your Transformation""?",Warren W. Wiersbe,book-author,author-of-book
"Who wrote the book ""Half Empty""?",David Rakoff,book-author,who-wrote-book
"Who wrote the book ""Doctor Who - Le leggende di River Song""?",Steve Lyons,book-author,who-wrote-book
"Who wrote the book ""Ne Pariez Jamais Votre Tête Au Diable Et Autres Contes Non Traduits Par Baudelaire""?",Edgar Allan Poe,book-author,who-wrote-book
"Who is the author of the book ""The Coma""?",Alex Garland,book-author,author-of-book
"Who wrote the book ""Hog Pilots, Blue Water Grunts: The American Military in the Air, at Sea, and on the Ground""?",Robert D. Kaplan,book-author,who-wrote-book
"Who wrote the book ""Underworld London: Crime and Punishment in the Capital City""?",Catharine Arnold,book-author,who-wrote-book
"Who is the author of the book ""Cold-Case Christianity: A Homicide Detective Investigates the Claims of the Gospels""?",J. Warner Wallace,book-author,author-of-book
"Who is the author of the book ""Harpist in the Wind""?",Patricia A. McKillip,book-author,author-of-book
"Who is the author of the book ""A Hole in the World: An American Boyhood""?",Richard Rhodes,book-author,author-of-book
"Who is the author of the book ""Going to the Territory""?",Ralph Ellison,book-author,author-of-book
"Who is the author of the book ""Yeraltından Notlar""?",Fyodor Dostoyevsky,book-author,author-of-book
"Who is the author of the book ""The Complete Uncollected Stories""?",J.D. Salinger,book-author,author-of-book
"Who is the author of the book ""Awful Egyptians""?",Terry Deary,book-author,author-of-book
"Who is the author of the book ""An Appetite for Wonder: The Making of a Scientist""?",Richard Dawkins,book-author,author-of-book
"Who is the author of the book ""Street Magic""?",Caitlin Kittredge,book-author,author-of-book
"Who wrote the book ""Huế 1968: A Turning Point of the American War in Vietnam""?",Mark Bowden,book-author,who-wrote-book
"Who wrote the book ""París""?",Edward Rutherfurd,book-author,who-wrote-book
"Who wrote the book ""The Tutankhamun Affair""?",Christian Jacq,book-author,who-wrote-book
"Who wrote the book ""The Alcoholism and Addiction Cure: A Holistic Approach to Total Recovery""?",Chris Prentiss,book-author,who-wrote-book
"Who is the author of the book ""The Adulteress""?",Philippa Carr,book-author,author-of-book
"Who is the author of the book ""Monster, She Wrote: The Women Who Pioneered Horror and Speculative Fiction""?",Lisa Kröger,book-author,author-of-book
"Who wrote the book ""Balls To The Walls Erotica Series Books 1-3""?",Lolah Lace,book-author,who-wrote-book
"Who is the author of the book ""Patton: Blood, Guts, and Prayer""?",Michael Keane,book-author,author-of-book
"Who wrote the book ""American Thighs: The Sweet Potato Queens' Guide to Preserving Your Assets""?",Jill Conner Browne,book-author,who-wrote-book
"Who wrote the book ""Star Bright""?",Catherine Anderson,book-author,who-wrote-book
"Who is the author of the book ""The Unreal and the Real: The Selected Short Stories of Ursula K. Le Guin""?",Ursula K. Le Guin,book-author,author-of-book
"Who is the author of the book ""The Intuitionist""?",Colson Whitehead,book-author,author-of-book
"Who wrote the book ""Desolation Island""?",Patrick O'Brian,book-author,who-wrote-book
"Who is the author of the book ""I Was Looking for a Street""?",Charles Willeford,book-author,author-of-book
"Who wrote the book ""Scarcity: Why Having Too Little Means So Much""?",Sendhil Mullainathan,book-author,who-wrote-book
"Who wrote the book ""Excursions""?",Henry David Thoreau,book-author,who-wrote-book
"Who is the author of the book ""Dance to the Music of Time""?",Anthony Powell,book-author,author-of-book
"Who wrote the book ""World's Fair""?",E.L. Doctorow,book-author,who-wrote-book
"Who wrote the book ""Every Which Way But Dead""?",Kim Harrison,book-author,who-wrote-book
"Who is the author of the book ""Bad Idea""?",Damon Suede,book-author,author-of-book
"Who is the author of the book ""Everything Changed When I Forgave Myself: growing up is a wonderful thing to do""?",Charlotte Eriksson,book-author,author-of-book
"Who wrote the book ""The Crack in Space""?",Philip K. Dick,book-author,who-wrote-book
"Who is the author of the book ""Cool Memories""?",Jean Baudrillard,book-author,author-of-book
"Who wrote the book ""Five on Finniston Farm""?",Enid Blyton,book-author,who-wrote-book
"Who is the author of the book ""Pumpkin Light""?",David Ray,book-author,author-of-book
"Who wrote the book ""The Biography of Bill Gates: Secrets Behind the Success of the Microsoft Billionaire""?",Steve Walters,book-author,who-wrote-book
"Who wrote the book ""The Secret Diary of Anne Boleyn""?",Robin Maxwell,book-author,who-wrote-book
"Who is the author of the book ""Dark Hunger""?",Christine Feehan,book-author,author-of-book
"Who is the author of the book ""The Uses of Anger: Women Responding to Racism""?",Audre Lorde,book-author,author-of-book
"Who is the author of the book ""The Opal Deception""?",Eoin Colfer,book-author,author-of-book
"Who wrote the book ""Monologue of a Dog""?",Wisława Szymborska,book-author,who-wrote-book
"Who wrote the book ""Three African-American Classics: up from Slavery, the Souls of Black Folk and Narrative of the Life of Frederick Douglass""?",W. E. B. Du Bois,book-author,who-wrote-book
"Who is the author of the book ""BattleTech: Mercenary's Star""?",William H. Keith Jr.,book-author,author-of-book
"Who wrote the book ""Primavera""?",Francesca Lia Block,book-author,who-wrote-book
"Who wrote the book ""Love and Respect: The Love She Most Desires; The Respect He Desperately Needs""?",Emerson Eggerichs,book-author,who-wrote-book
"Who is the author of the book ""На память обо мне. Повести и рассказы""?",Saul Bellow,book-author,author-of-book
"Who wrote the book ""Kushiel's Mercy""?",Jacqueline Carey,book-author,who-wrote-book
"Who is the author of the book ""The Beast in the Jungle and Other Stories""?",Henry James,book-author,author-of-book
"Who wrote the book ""The Ship Who Sang""?",Anne McCaffrey,book-author,who-wrote-book
"Who is the author of the book ""The Chemistry of Death""?",Simon Beckett,book-author,author-of-book
"Who is the author of the book ""The Theory of Moral Sentiments""?",Adam Smith,book-author,author-of-book
"Who is the author of the book ""Secrets of a Proper Lady""?",Victoria Alexander,book-author,author-of-book
"Who is the author of the book ""The Fortune of War (Aubrey/Maturin Series, Book 6)""?",Patrick O'Brian,book-author,author-of-book
"Who is the author of the book ""Chocolate Cream Pie Murder""?",Joanne Fluke,book-author,author-of-book
"Who is the author of the book ""Leaving Orbit: Notes from the Last Days of American Spaceflight""?",Margaret Lazarus Dean,book-author,author-of-book
"Who wrote the book ""King Henry VI, Part 3""?",William Shakespeare,book-author,who-wrote-book
"Who is the author of the book ""The Thin Man""?",Dashiell Hammett,book-author,author-of-book
"Who is the author of the book ""The Enemies List""?",P.J. O'Rourke,book-author,author-of-book
"Who is the author of the book ""Jesus, an Obedient Son""?",Michael R. Phillips,book-author,author-of-book
"Who is the author of the book ""What the Waves Bring""?",Barbara Delinsky,book-author,author-of-book
"Who is the author of the book ""Disruptive Innovation: The Christensen Collection (the Innovator's Dilemma, the Innovator's Solution, the Innovator's DNA, and Harvard Business Review Article ""How Will You Measure Your Life?"")""?",Clayton M. Christensen,book-author,author-of-book
"Who is the author of the book ""ALICE'S ADVENTURES IN WONDERLAND""?",Lewis Carroll,book-author,author-of-book
"Who is the author of the book ""House of Stairs""?",William Sleator,book-author,author-of-book
"Who wrote the book ""Holy Bible: New International Version""?",Anonymous,book-author,who-wrote-book
"Who is the author of the book ""The Only Thing Worth Dying For: How Eleven Green Berets Forged a New Afghanistan""?",Eric Blehm,book-author,author-of-book
"Who wrote the book ""The Swordbearer""?",Glen Cook,book-author,who-wrote-book
"Who is the author of the book ""Jerusalem Inn""?",Martha Grimes,book-author,author-of-book
"Who wrote the book ""Books of Blood: Volume Two""?",Clive Barker,book-author,who-wrote-book
"Who is the author of the book ""Love It Forward""?",Jeff Brown,book-author,author-of-book
"Who wrote the book ""How to Abduct a Highland Lord""?",Karen Hawkins,book-author,who-wrote-book
"Who wrote the book ""Liberation Day""?",Andy McNab,book-author,who-wrote-book
"Who is the author of the book ""The Rise and Fall of Black Wall Street""?",Robin Walker,book-author,author-of-book
"Who is the author of the book ""Some People, Places, And Things That Will Not Appear In My Next Novel""?",John Cheever,book-author,author-of-book
"Who wrote the book ""Ink and Bone""?",Lisa Unger,book-author,who-wrote-book
"Who is the author of the book ""Infidel""?",Ted Dekker,book-author,author-of-book
"Who wrote the book ""Baseball World Series""?",Matt Christopher,book-author,who-wrote-book
"Who is the author of the book ""Hell's Gate""?",David Weber,book-author,author-of-book
"Who wrote the book ""The Kingdom on the Waves""?",M.T. Anderson,book-author,who-wrote-book
"Who is the author of the book ""The Knight of the Swords""?",Michael Moorcock,book-author,author-of-book
"Who wrote the book ""The Rise of Silas Lapham""?",Howells William Dean,book-author,who-wrote-book
"Who wrote the book ""Black Prophetic Fire""?",Cornel West,book-author,who-wrote-book
"Who is the author of the book ""Shadows in the Sun: Travels to Landscapes of Spirit and Desire""?",Wade Davis,book-author,author-of-book
"Who is the author of the book ""Mexico City Blues""?",Jack Kerouac,book-author,author-of-book
"Who is the author of the book ""Wait Till I'm Dead: Uncollected Poems""?",Allen Ginsberg,book-author,author-of-book
"Who is the author of the book ""Lying""?",Sam Harris,book-author,author-of-book
"Who is the author of the book ""Why Good People Do Bad Things: Understanding Our Darker Selves""?",James Hollis,book-author,author-of-book
"Who wrote the book ""The Darkest Star""?",Jennifer L. Armentrout,book-author,who-wrote-book
"Who is the author of the book ""I See You Everywhere""?",Julia Glass,book-author,author-of-book
"Who is the author of the book ""Summary: Yes! - Noah Goldstein, Steve Martin and Robert Cialdini: 50 Scientifically Proven Ways To Be Persuasive""?",BusinessNews Publishing,book-author,author-of-book
"Who wrote the book ""The Kill Society""?",Richard Kadrey,book-author,who-wrote-book
"Who is the author of the book ""A Man of Affairs""?",John D. MacDonald,book-author,author-of-book
"Who is the author of the book ""The End of Patriarchy: Radical Feminism for Men""?",Robert Jensen,book-author,author-of-book
"Who wrote the book ""Get Your Hopes Up!: Expect Something Good to Happen to You Every Day""?",Joyce Meyer,book-author,who-wrote-book
"Who wrote the book ""For Whom the Bell Tolls""?",Ernest Hemingway,book-author,who-wrote-book
"Who wrote the book ""Stepping Heavenward""?",Elizabeth Prentiss,book-author,who-wrote-book
"Who wrote the book ""Memorias del subsuelo""?",Fyodor Dostoyevsky,book-author,who-wrote-book
"Who wrote the book ""Nonrequired Reading""?",Wisława Szymborska,book-author,who-wrote-book
"Who is the author of the book ""Kitty and the Dead Man's Hand""?",Carrie Vaughn,book-author,author-of-book
"Who wrote the book ""Nor Crystal Tears""?",Alan Dean Foster,book-author,who-wrote-book
"Who is the author of the book ""Civilización: Occidente y el resto""?",Niall Ferguson,book-author,author-of-book
"Who is the author of the book ""Trust Fund""?",Stephen W. Frey,book-author,author-of-book
"Who wrote the book ""The Mistaken Widow""?",Cheryl St.John,book-author,who-wrote-book
"Who wrote the book ""Catwings""?",Ursula K. Le Guin,book-author,who-wrote-book
"Who wrote the book ""The Cleft""?",Doris Lessing,book-author,who-wrote-book
"Who is the author of the book ""On Beauty""?",Zadie Smith,book-author,author-of-book
"Who is the author of the book ""The Darwath Trilogy: The Time of the Dark, The Walls of Air, and The Armies of Daylight""?",Barbara Hambly,book-author,author-of-book
"Who is the author of the book ""10 People Every Christian Should Know""?",Warren W. Wiersbe,book-author,author-of-book
"Who wrote the book ""The Dark Side of Midnight: Featuring The Other Side of Midnight, Rage of Angels, Bloodline""?",Sidney Sheldon,book-author,who-wrote-book
"Who wrote the book ""Grave Shadows: 5""?",Jerry B. Jenkins,book-author,who-wrote-book
"Who wrote the book ""The Rising Sea""?",Clive Cussler,book-author,who-wrote-book
"Who wrote the book ""When the Music's Over""?",Peter Robinson,book-author,who-wrote-book
"Who wrote the book ""The Cat Who Went Bump in the Night & Other Mysteries""?",Angela Pepper,book-author,who-wrote-book
"Who wrote the book ""Law and Gospel: A Theology for Sinners""?",William McDavid,book-author,who-wrote-book
"Who is the author of the book ""Election""?",Tom Perrotta,book-author,author-of-book
"Who wrote the book ""African American History: A Captivating Guide to the People and Events that Shaped the History of the United States""?",Captivating History,book-author,who-wrote-book
"Who wrote the book ""Royal Charles: Charles II and the Restoration""?",Antonia Fraser,book-author,who-wrote-book
"Who wrote the book ""The Greatest Salesman in the World (2001): 2001 Gift Edition""?",Og Mandino,book-author,who-wrote-book
"Who wrote the book ""The Hidden Reality: Parallel Universes and the Deep Laws of the Cosmos""?",Brian Greene,book-author,who-wrote-book
"Who is the author of the book ""The Inn at Rose Harbor""?",Debbie Macomber,book-author,author-of-book
"Who is the author of the book ""The Night of the Hunter""?",Davis Grubb,book-author,author-of-book
"Who wrote the book ""The Taste of Innocence""?",Stephanie Laurens,book-author,who-wrote-book
"Who is the author of the book ""The Thirteenth Pearl""?",Carolyn Keene,book-author,author-of-book
"Who is the author of the book ""A Paradise Built in Hell""?",Rebecca Solnit,book-author,author-of-book
"Who wrote the book ""Mother Night""?",Kurt Vonnegut,book-author,who-wrote-book
"Who wrote the book ""Inspirational Quotes: Top 365 Inspirational Quotes and Motivational Quotes""?",Tudor Wild,book-author,who-wrote-book
"Who is the author of the book ""The Outlander Series 7-Book Bundle: Outlander, Dragonfly in Amber, Voyager, Drums of Autumn, The Fiery Cross, A Breath of Snow and Ashes, An Echo in the Bone""?",Diana Gabaldon,book-author,author-of-book
"Who is the author of the book ""If I Have a Wicked Stepmother, Where's My Prince?""?",Melissa Kantor,book-author,author-of-book
"Who is the author of the book ""Half a Life""?",Darin Strauss,book-author,author-of-book
"Who is the author of the book ""Islam in History: Ideas, People, and Events in the Middle East""?",Bernard Lewis,book-author,author-of-book
"Who wrote the book ""Courting Catherine""?",Nora Roberts,book-author,who-wrote-book
"Who wrote the book ""Bear, Otter, and the Kid""?",T.J. Klune,book-author,who-wrote-book
"Who is the author of the book ""O Melhor Livro Sobre Nada""?",Jerry Seinfeld,book-author,author-of-book
"Who is the author of the book ""Frost Wolf""?",Kathryn Lasky,book-author,author-of-book
"Who is the author of the book ""The Risk Pool""?",Richard Russo,book-author,author-of-book
"Who wrote the book ""Fuzz""?",Ed McBain,book-author,who-wrote-book
"Who is the author of the book ""Amazing Grace""?",Danielle Steel,book-author,author-of-book
"Who wrote the book ""The World of Samuel Beckett, 1906-1946""?",Lois Gordon,book-author,who-wrote-book
"Who is the author of the book ""Holy Envy: Finding God in the Faith of Others""?",Barbara Brown Taylor,book-author,author-of-book
"Who wrote the book ""Letters to a Young Farmer: On Food, Farming, and Our Future""?",Joel Salatin,book-author,who-wrote-book
"Who is the author of the book ""Kansas City Lightning""?",Stanley Crouch,book-author,author-of-book
"Who wrote the book ""Moonwalk""?",Michael Jackson,book-author,who-wrote-book
"Who is the author of the book ""Wideacre""?",Philippa Gregory,book-author,author-of-book
"Who wrote the book ""Love In A Blue Time""?",Hanif Kureishi,book-author,who-wrote-book
"Who is the author of the book ""Darkness At Dawn""?",Cornell Woolrich,book-author,author-of-book
"Who wrote the book ""Fantasia of the Unconscious""?",D.H. Lawrence,book-author,who-wrote-book
"Who is the author of the book ""Go the Fuck to Sleep""?",Adam Mansbach,book-author,author-of-book
"Who is the author of the book ""Pretties""?",Scott Westerfeld,book-author,author-of-book
"Who is the author of the book ""Berserker's Planet""?",Fred Saberhagen,book-author,author-of-book
"Who wrote the book ""Hidden Fires""?",Sandra Brown,book-author,who-wrote-book
"Who is the author of the book ""Life Among the Lutherans""?",Garrison Keillor,book-author,author-of-book
"Who wrote the book ""Arrow's Flight""?",Mercedes Lackey,book-author,who-wrote-book
"Who is the author of the book ""The Ghosts of England: A Collection of Ghost Stories across the English Nation""?",Charles River Editors,book-author,author-of-book
"Who is the author of the book ""Enoch Primordial""?",Brian Godawa,book-author,author-of-book
"Who wrote the book ""Stopping by Woods on a Snowy Evening""?",Robert Frost,book-author,who-wrote-book
"Who wrote the book ""Foreign Influence""?",Brad Thor,book-author,who-wrote-book
"Who wrote the book ""The Ghost""?",Danielle Steel,book-author,who-wrote-book
"Who is the author of the book ""A Bittersweet Season: Caring for Our Aging Parents--and Ourselves""?",Jane Gross,book-author,author-of-book
"Who is the author of the book ""Selected Poems from Les Fleurs du mal: A Bilingual Edition""?",Charles Baudelaire,book-author,author-of-book
"Who is the author of the book ""The Selected Prose of Fernando Pessoa""?",Fernando Pessoa,book-author,author-of-book
"Who wrote the book ""The Secret Chord""?",Geraldine Brooks,book-author,who-wrote-book
"Who wrote the book ""On Teaching and Writing Fiction""?",Wallace Stegner,book-author,who-wrote-book
"Who wrote the book ""The Gospel in Brief""?",Leo Tolstoy,book-author,who-wrote-book
"Who wrote the book ""Narration: Four Lectures by Gertrude Stein""?",Gertrude Stein,book-author,who-wrote-book
"Who is the author of the book ""Death and Fame: Last Poems, 1993-1997""?",Allen Ginsberg,book-author,author-of-book
"Who wrote the book ""Existential Psychology""?",Irvin D. Yalom,book-author,who-wrote-book
"Who wrote the book ""The Very Best of Kate Elliott""?",Kate Elliott,book-author,who-wrote-book
"Who wrote the book ""On Literature""?",Umberto Eco,book-author,who-wrote-book
"Who wrote the book ""El amor de mi vida""?",Rosa Montero,book-author,who-wrote-book
"Who wrote the book ""Breathing Lessons""?",Anne Tyler,book-author,who-wrote-book
"Who is the author of the book ""All Tomorrow's Parties""?",William Gibson,book-author,author-of-book
"Who wrote the book ""Beach House Reunion""?",Mary Alice Monroe,book-author,who-wrote-book
"Who wrote the book ""J.S. Mill: Philosophy in an Hour""?",Paul Strathern,book-author,who-wrote-book
"Who wrote the book ""My Father, the Pornographer: A Memoir""?",Chris Offutt,book-author,who-wrote-book
"Who wrote the book ""The Poisoned Crown""?",Amanda Hemingway,book-author,who-wrote-book
"Who is the author of the book ""Hand Of Evil""?",J.A. Jance,book-author,author-of-book
"Who wrote the book ""Alive""?",Ha Jin,book-author,who-wrote-book
"Who wrote the book ""The Four Conversations: Daily Communication That Gets Results""?",Jeffrey D. Ford,book-author,who-wrote-book
"Who is the author of the book ""Anne of Ingleside:""?",L.M. Montgomery,book-author,author-of-book
"Who is the author of the book ""Chaos: A Very Short Introduction""?",Leonard A. Smith,book-author,author-of-book
"Who wrote the book ""The Improbable Rise of Singularity Girl""?",Bryce C. Anderson,book-author,who-wrote-book
"Who wrote the book ""Angels Of Darkness""?",Ilona Andrews,book-author,who-wrote-book
"Who is the author of the book ""The Best American Essays 2011""?",Edwidge Danticat,book-author,author-of-book
"Who wrote the book ""So Brave, Young and Handsome""?",Leif Enger,book-author,who-wrote-book
"Who wrote the book ""All Flesh Is Grass""?",Clifford D. Simak,book-author,who-wrote-book
"Who is the author of the book ""Liquor""?",Poppy Z. Brite,book-author,author-of-book
"Who is the author of the book ""Showing Off""?",Sarah Mlynowski,book-author,author-of-book
"Who is the author of the book ""Network Propaganda: Manipulation, Disinformation, and Radicalization in American Politics""?",Yochai Benkler,book-author,author-of-book
"Who is the author of the book ""The Talisman Ring""?",Georgette Heyer,book-author,author-of-book
"Who is the author of the book ""Reformation Thought""?",Alister E. McGrath,book-author,author-of-book
"Who is the author of the book ""The American West as Living Space""?",Wallace Stegner,book-author,author-of-book
"Who is the author of the book ""Blue Wide Sky""?",Inglath Cooper,book-author,author-of-book
"Who is the author of the book ""A Quilter's Holiday""?",Jennifer Chiaverini,book-author,author-of-book
"Who wrote the book ""The Family Reunion""?",T.S. Eliot,book-author,who-wrote-book
"Who wrote the book ""League of Dragons""?",Naomi Novik,book-author,who-wrote-book
"Who wrote the book ""Angels Twice Descending""?",Cassandra Clare,book-author,who-wrote-book
"Who wrote the book ""The Slow Cooker Cookbook: 87 Easy, Healthy, and Delicious Recipes for Slow Cooked Meals""?",John Chatham,book-author,who-wrote-book
"Who is the author of the book ""Personal Demons""?",Lisa Desrochers,book-author,author-of-book
"Who is the author of the book ""The Dragon in the Sword""?",Michael Moorcock,book-author,author-of-book
"Who wrote the book ""Tim Gunn: The Natty Professor: A Master Class on Mentoring, Motivating, and Making It Work!""?",Tim Gunn,book-author,who-wrote-book
"Who wrote the book ""The Fall of Atlantis""?",Marion Zimmer Bradley,book-author,who-wrote-book
"Who is the author of the book ""Snow Kisses""?",Diana Palmer,book-author,author-of-book
"Who wrote the book ""Jesus Outside the Lines: A Way Forward for Those Who Are Tired of Taking Sides""?",Scott Sauls,book-author,who-wrote-book
"Who wrote the book ""The Case of the Reluctant Model""?",Erle Stanley Gardner,book-author,who-wrote-book
"Who is the author of the book ""Tunnels of Blood""?",Darren Shan,book-author,author-of-book
"Who is the author of the book ""The Secret, Book, & Scone Society""?",Ellery Adams,book-author,author-of-book
"Who is the author of the book ""The Myth of the Dying Church: How Christianity Is Actually Thriving in America and the World""?",Glenn T Stanton,book-author,author-of-book
"Who is the author of the book ""Why Golf?: The Mystery of the Game Revisited""?",Bob Cullen,book-author,author-of-book
"Who is the author of the book ""Desolation Angels""?",Jack Kerouac,book-author,author-of-book
"Who is the author of the book ""The MacEgan Brothers Series Volume 2: The Warrior's Touch\Taming Her Irish Warrior\The Warrior's Forbidden Virgin\Surrender to an Irish Warrior\Pleasured by the Viking""?",Michelle Willingham,book-author,author-of-book
"Who is the author of the book ""The Parrot's Lament, and Other True Tales of Animal Intrigue, Intelligence, and Ingenuity""?",Eugene Linden,book-author,author-of-book
"Who wrote the book ""The Cad and the Co-Ed""?",L.H. Cosway,book-author,who-wrote-book
"Who wrote the book ""Snowbound""?",Blake Crouch,book-author,who-wrote-book
"Who is the author of the book ""The Philosopher's Apprentice""?",James K. Morrow,book-author,author-of-book
"Who wrote the book ""Empire: How Britain Made the Modern World""?",Niall Ferguson,book-author,who-wrote-book
"Who is the author of the book ""Truckers""?",Terry Pratchett,book-author,author-of-book
"Who wrote the book ""A Spirituality of Living: The Henri Nouwen Spirituality Series""?",Henri J. M. Nouwen,book-author,who-wrote-book
"Who is the author of the book ""Vision of the Future""?",Timothy Zahn,book-author,author-of-book
"Who is the author of the book ""The Blond Baboon""?",Janwillem van de Wetering,book-author,author-of-book
"Who wrote the book ""SIDDHARTHA""?",Hermann Hesse,book-author,who-wrote-book
"Who wrote the book ""Into the Woods: Tales from the Hollows and Beyond""?",Kim Harrison,book-author,who-wrote-book
"Who wrote the book ""Driver's Ed""?",Caroline B. Cooney,book-author,who-wrote-book
"Who is the author of the book ""Prime Time""?",Sandra Brown,book-author,author-of-book
"Who wrote the book ""Secrets of Eden""?",Chris Bohjalian,book-author,who-wrote-book
"Who is the author of the book ""Darwin's Dangerous Idea: Evolution and the Meaning of Life""?",Daniel C. Dennett,book-author,author-of-book
"Who is the author of the book ""The Survivors Club""?",Lisa Gardner,book-author,author-of-book
"Who is the author of the book ""La Trilogía de la Niebla""?",Carlos Ruiz Zafón,book-author,author-of-book
"Who is the author of the book ""Everything You Ever Wanted to Know about Heaven-- But Never Dreamed of Asking""?",Peter Kreeft,book-author,author-of-book
"Who is the author of the book ""A Rocky Mountain Christmas""?",William W. Johnstone,book-author,author-of-book
"Who is the author of the book ""Faking It""?",Jennifer Crusie,book-author,author-of-book
"Who is the author of the book ""Nine Coaches Waiting""?",Mary Stewart,book-author,author-of-book
"Who wrote the book ""It Ended Badly: Thirteen of the Worst Breakups in History""?",Jennifer Wright,book-author,who-wrote-book
"Who wrote the book ""Lettres, 1900-1915""?",Henry James,book-author,who-wrote-book
"Who wrote the book ""Ameriška metafikcija""?",John Barth,book-author,who-wrote-book
"Who is the author of the book ""Against the Empire""?",Jude Watson,book-author,author-of-book
"Who wrote the book ""Apologia Pro Vita Sua - John Henry Newman (ANNOTATED) Full Version of Great Classics Work""?",John Henry Newman,book-author,who-wrote-book
"Who wrote the book ""Freak The Mighty""?",Rodman Philbrick,book-author,who-wrote-book
"Who wrote the book ""Cinderella""?",Walt Disney Company,book-author,who-wrote-book
"Who is the author of the book ""American Heroes: Profiles of Men and Women Who Shaped Early America""?",Edmund S. Morgan,book-author,author-of-book
"Who is the author of the book ""Made for Love""?",Alissa Nutting,book-author,author-of-book
"Who wrote the book ""The Phenomenology of Spirit""?",Georg Wilhelm Friedrich Hegel,book-author,who-wrote-book
"Who is the author of the book ""Conspiracy of Fools""?",Kurt Eichenwald,book-author,author-of-book
"Who wrote the book ""Awesome Egyptians""?",Terry Deary,book-author,who-wrote-book
"Who is the author of the book ""The Darkest Evening of the Year""?",Dean Koontz,book-author,author-of-book
"Who is the author of the book ""Смерть Ивана Ильича""?",Leo Tolstoy,book-author,author-of-book
"Who wrote the book ""The Ladies of Missalonghi""?",Colleen McCullough,book-author,who-wrote-book
"Who is the author of the book ""Roxie and the Hooligans""?",Phyllis Reynolds Naylor,book-author,author-of-book
"Who is the author of the book ""A Fly on the Wall""?",E.L. Sayers,book-author,author-of-book
"Who is the author of the book ""The Tanners""?",Robert Walser,book-author,author-of-book
"Who wrote the book ""Men and Marriage""?",George Gilder,book-author,who-wrote-book
"Who is the author of the book ""The Day Before the Revolution""?",Ursula K. Le Guin,book-author,author-of-book
"Who wrote the book ""The Statesman""?",Benjamin Jowett,book-author,who-wrote-book
"Who wrote the book ""Fullmetal Alchemist, Vol. 23""?",Hiromu Arakawa,book-author,who-wrote-book
"Who is the author of the book ""Brother Cadfael's Penance""?",Ellis Peters,book-author,author-of-book
"Who wrote the book ""The Art of Getting Things Done: 10 Prolific Ways to Effectively Manage Your Time""?",Vincent Santiago,book-author,who-wrote-book
"Who wrote the book ""Mina Wentworth and the Invisible City""?",Meljean Brook,book-author,who-wrote-book
"Who wrote the book ""Black Dagger Brotherhood, #1-9""?",J.R. Ward,book-author,who-wrote-book
"Who wrote the book ""The Roots of Coincidence""?",Arthur Koestler,book-author,who-wrote-book
"Who wrote the book ""The Little Red Book of Prayers, Quotes and Meditations: A Twelve Step Guide to Prayers For Sober Recovery""?",Glenn Langohr,book-author,who-wrote-book
"Who is the author of the book ""Mountain Top Mystery""?",Gertrude Chandler Warner,book-author,author-of-book
"Who is the author of the book ""The Third Life Of Grange Copeland""?",Alice Walker,book-author,author-of-book
"Who wrote the book ""The Evolution Of Theology: An Anthropological Study""?",Thomas Henry Huxley,book-author,who-wrote-book
"Who wrote the book ""NYPD Red""?",James Patterson,book-author,who-wrote-book
"Who is the author of the book ""Bigger Thomas""?",Richard Wright,book-author,author-of-book
"Who wrote the book ""We Live in Water: Stories""?",Jess Walter,book-author,who-wrote-book
"Who wrote the book ""Lawless""?",Diana Palmer,book-author,who-wrote-book
"Who is the author of the book ""Darwin's Dangerous Idea: Evolution and the Meanings of Life""?",Daniel C. Dennett,book-author,author-of-book
"Who wrote the book ""Farmer Giles of Ham""?",J.R.R. Tolkien,book-author,who-wrote-book
"Who is the author of the book ""Layer Cake""?",J. J. Connolly,book-author,author-of-book
"Who is the author of the book ""Leave It to Psmith""?",P.G. Wodehouse,book-author,author-of-book
"Who wrote the book ""The Curtain: An Essay in Seven Parts""?",Milan Kundera,book-author,who-wrote-book
"Who wrote the book ""Jane Eyre / Les Hauts de Hurle-Vent / Agnes Grey""?",Charlotte Brontë,book-author,who-wrote-book
"Who wrote the book ""Welcome to Bordertown""?",Holly Black,book-author,who-wrote-book
"Who is the author of the book ""@NatGeo: The Most Popular Instagram Photos""?",National Geographic Society,book-author,author-of-book
"Who wrote the book ""Alice's Adventures In Wonderland And Through The Looking Glass""?",Lewis Carroll,book-author,who-wrote-book
"Who wrote the book ""The City of Devi""?",Manil Suri,book-author,who-wrote-book
"Who wrote the book ""Rise of the Huntress""?",Joseph Delaney,book-author,who-wrote-book
"Who is the author of the book ""Blood: A Southern Fantasy""?",Michael Moorcock,book-author,author-of-book
"Who wrote the book ""Memories of My Melancholy Whores""?",Gabriel García Márquez,book-author,who-wrote-book
"Who wrote the book ""Of Mess and Moxie: Wrangling Delight Out of This Wild and Glorious Life""?",Jen Hatmaker,book-author,who-wrote-book
"Who wrote the book ""Shoot the Piano Player""?",David Goodis,book-author,who-wrote-book
"Who wrote the book ""Trading and Investing Reading Sampler: Volume 1""?",John Wiley and Sons,book-author,who-wrote-book
"Who wrote the book ""City of Thieves""?",David Benioff,book-author,who-wrote-book
"Who wrote the book ""Timeline""?",Michael Crichton,book-author,who-wrote-book
"Who wrote the book ""The Terranauts""?",T. Coraghessan Boyle,book-author,who-wrote-book
"Who is the author of the book ""Nauti Boy""?",Lora Leigh,book-author,author-of-book
"Who is the author of the book ""Surrender""?",Lisa Renee Jones,book-author,author-of-book
"Who is the author of the book ""Kin""?",Holly Black,book-author,author-of-book
"Who is the author of the book ""Searoad""?",Ursula K. Le Guin,book-author,author-of-book
"Who wrote the book ""El Imperio eres tú""?",Javier Moro,book-author,who-wrote-book
"Who wrote the book ""Franklin's Folly""?",Georgina Grey,book-author,who-wrote-book
"Who is the author of the book ""The Nun""?",Denis Diderot,book-author,author-of-book
"Who wrote the book ""Every Year: Short Stories""?",Cecelia Ahern,book-author,who-wrote-book
"Who is the author of the book ""Lucy Sullivan Is Getting Married""?",Marian Keyes,book-author,author-of-book
"Who wrote the book ""Conversations with Kurt Vonnegut""?",Kurt Vonnegut,book-author,who-wrote-book
"Who is the author of the book ""Sometimes the Magic Works: Lessons from a Writing Life""?",Terry Brooks,book-author,author-of-book
"Who wrote the book ""The Anatomy of a Moment: Thirty-Five Minutes in History and Imagination""?",Javier Cercas,book-author,who-wrote-book
"Who wrote the book ""Both Ways is the Only Way I Want It""?",Maile Meloy,book-author,who-wrote-book
"Who is the author of the book ""The Last Apprentice: Seventh Son: Book 1 and Book 2""?",Joseph Delaney,book-author,author-of-book
"Who wrote the book ""Second Wind""?",Dick Francis,book-author,who-wrote-book
"Who is the author of the book ""Bouvard and Pecuchet""?",Gustave Flaubert,book-author,author-of-book
"Who is the author of the book ""Flores en el ático""?",V.C. Andrews,book-author,author-of-book
"Who wrote the book ""The Retribution""?",Val McDermid,book-author,who-wrote-book
"Who is the author of the book ""The Five Love Languages Singles Edition""?",Gary Chapman,book-author,author-of-book
"Who is the author of the book ""Mister Monday""?",Garth Nix,book-author,author-of-book
"Who is the author of the book ""This Lullaby""?",Sarah Dessen,book-author,author-of-book
"Who wrote the book ""La lucha contra el demonio""?",Stefan Zweig,book-author,who-wrote-book
"Who wrote the book ""Moment of Truth""?",Lisa Scottoline,book-author,who-wrote-book
"Who is the author of the book ""Open: How We’ll Work, Live and Learn In The Future""?",David Price,book-author,author-of-book
"Who is the author of the book ""Katherine of Aragon, the True Queen""?",Alison Weir,book-author,author-of-book
"Who is the author of the book ""Dealing in Futures""?",Joe Haldeman,book-author,author-of-book
"Who is the author of the book ""Chaotic""?",Kelley Armstrong,book-author,author-of-book
"Who wrote the book ""The Lesson of Her Death""?",Jeffery Deaver,book-author,who-wrote-book
"Who is the author of the book ""The Call of the Wild/White Fang""?",Jack London,book-author,author-of-book
"Who is the author of the book ""I Am Malala: The Story of the Girl Who Stood Up for Education and Was Shot by the Taliban""?",Malala Yousafzai,book-author,author-of-book
"Who wrote the book ""The Milagro Beanfield War""?",John Nichols,book-author,who-wrote-book
"Who wrote the book ""Midnight Falcon""?",David Gemmell,book-author,who-wrote-book
"Who is the author of the book ""Maximum Ride, Vol. 3""?",James Patterson,book-author,author-of-book
"Who wrote the book ""Monster Nation""?",David Wellington,book-author,who-wrote-book
"Who is the author of the book ""Peas & Queues: The Minefield of Modern Manners""?",Sandi Toksvig,book-author,author-of-book
"Who is the author of the book ""Theogony / Works and Days""?",Hesiod,book-author,author-of-book
"Who is the author of the book ""Robert Ludlum's Bourne Collection: 8 Great Novels""?",Robert Ludlum,book-author,author-of-book
"Who is the author of the book ""Plum Island""?",Nelson DeMille,book-author,author-of-book
"Who is the author of the book ""The Adventuress""?",Audrey Niffenegger,book-author,author-of-book
"Who is the author of the book ""The Door into Summer""?",Robert A. Heinlein,book-author,author-of-book
"Who wrote the book ""Noah Barleywater Runs Away: A Fairytale""?",John Boyne,book-author,who-wrote-book
"Who is the author of the book ""Demon's Kiss""?",Maggie Shayne,book-author,author-of-book
"Who wrote the book ""The Duck Commander Family""?",Willie Robertson,book-author,who-wrote-book
"Who wrote the book ""Beyond Tuesday Morning""?",Karen Kingsbury,book-author,who-wrote-book
"Who is the author of the book ""Actors Anonymous: A Novel""?",James Franco,book-author,author-of-book
"Who wrote the book ""Liar, Liar: The Theory, Practice and Destructive Properties of Deception""?",Gary Paulsen,book-author,who-wrote-book
"Who wrote the book ""Dr. Haggard's Disease""?",Patrick McGrath,book-author,who-wrote-book
"Who wrote the book ""The Importance of Being Earnest: And Other Plays""?",Oscar Wilde,book-author,who-wrote-book
"Who wrote the book ""On Ugliness""?",Umberto Eco,book-author,who-wrote-book
"Who is the author of the book ""Love Letters in the Sand: The Love Poems of Khalil Gibran""?",Kahlil Gibran,book-author,author-of-book
"Who wrote the book ""The Hellfire Club""?",Peter Straub,book-author,who-wrote-book
"Who wrote the book ""The Man from the Diogenes Club""?",Kim Newman,book-author,who-wrote-book
"Who wrote the book ""Abarat""?",Clive Barker,book-author,who-wrote-book
"Who wrote the book ""Inside the Third Reich""?",Albert Speer,book-author,who-wrote-book
"Who is the author of the book ""Same Sun Here""?",Silas House,book-author,author-of-book
"Who wrote the book ""Summer Rental""?",Mary Kay Andrews,book-author,who-wrote-book
"Who wrote the book ""The Milk Train Doesn't Stop Here Anymore""?",Tennessee Williams,book-author,who-wrote-book
"Who is the author of the book ""Moloka'i""?",Alan Brennert,book-author,author-of-book
"Who is the author of the book ""Willing to Believe: The Controversy over Free Will""?",R.C. Sproul,book-author,author-of-book
"Who wrote the book ""Caboose Mystery""?",Gertrude Chandler Warner,book-author,who-wrote-book
"Who wrote the book ""Undercover Sex Signals: A Guide For Guys""?",Leil Lowndes,book-author,who-wrote-book
"Who wrote the book ""Intimate Matters: A History of Sexuality in America, Third Edition""?",John D'Emilio,book-author,who-wrote-book
"Who wrote the book ""Hellblazer: All His Engines""?",Mike Carey,book-author,who-wrote-book
"Who wrote the book ""Siddharta""?",Hermann Hesse,book-author,who-wrote-book
"Who wrote the book ""No Judgments""?",Meg Cabot,book-author,who-wrote-book
"Who is the author of the book ""The Journals of Susanna Moodie""?",Margaret Atwood,book-author,author-of-book
"Who is the author of the book ""World Brain""?",H.G. Wells,book-author,author-of-book
"Who is the author of the book ""Despereaux = Tale of Despereaux""?",Kate DiCamillo,book-author,author-of-book
"Who wrote the book ""The Pusher""?",Ed McBain,book-author,who-wrote-book
"Who is the author of the book ""The Bloodline Feud""?",Charles Stross,book-author,author-of-book
"Who wrote the book ""The Wire In The Blood""?",Val McDermid,book-author,who-wrote-book
"Who wrote the book ""Kitty and the Silver Bullet""?",Carrie Vaughn,book-author,who-wrote-book
"Who wrote the book ""House of Holes""?",Nicholson Baker,book-author,who-wrote-book
"Who wrote the book ""Twilight Sleep""?",Edith Wharton,book-author,who-wrote-book
"Who wrote the book ""Love is Stronger Than Death""?",Peter Kreeft,book-author,who-wrote-book
"Who is the author of the book ""Dinner at the Center of the Earth""?",Nathan Englander,book-author,author-of-book
"Who is the author of the book ""The Complete Notebooks of Henry James""?",Henry James,book-author,author-of-book
"Who is the author of the book ""Green Mars""?",Kim Stanley Robinson,book-author,author-of-book
"Who wrote the book ""Prince of Foxes: The Best-Selling Historical Epic""?",Samuel Shellabarger,book-author,who-wrote-book
"Who wrote the book ""Be Patient (Job): Waiting on God in Difficult Times""?",Warren W. Wiersbe,book-author,who-wrote-book
"Who wrote the book ""Shadow Tyrants""?",Clive Cussler,book-author,who-wrote-book
"Who wrote the book ""It's Not About The Bike: My Journey Back To Life""?",Lance Armstrong and Sally Jenkins,book-author,who-wrote-book
"Who is the author of the book ""Fragile Things: Short Fictions and Wonders""?",Neil Gaiman,book-author,author-of-book
"Who is the author of the book ""Size 12 and Ready to Rock""?",Meg Cabot,book-author,author-of-book
"Who is the author of the book ""A Fine Summer's Day""?",Charles Todd,book-author,author-of-book
"Who wrote the book ""Jump Cut""?",Max Allan Collins,book-author,who-wrote-book
"Who is the author of the book ""The Book of the SubGenius : The Sacred Teachings of J.R. 'Bob' Dobbs""?",J.R. Dobbs,book-author,author-of-book
"Who is the author of the book ""Middle School: How I Survived Bullies, Broccoli, and Snake Hill""?",James Patterson,book-author,author-of-book
"Who wrote the book ""My Life So Far""?",Jane Fonda,book-author,who-wrote-book
"Who is the author of the book ""сърцето ти нося""?",E.E. Cummings,book-author,author-of-book
"Who is the author of the book ""Tomb of the Golden Bird""?",Elizabeth Peters,book-author,author-of-book
"Who is the author of the book ""Dearly Beloved""?",Mary Jo Putney,book-author,author-of-book
"Who wrote the book ""My Sister's Keeper""?",Jodi Picoult,book-author,who-wrote-book
"Who is the author of the book ""Mindfulness for Beginners""?",Jon Kabat-Zinn,book-author,author-of-book
"Who is the author of the book ""A Game of Thrones""?",George R. R. Martin,book-author,author-of-book
"Who is the author of the book ""The Lost Get-Back Boogie""?",James Lee Burke,book-author,author-of-book
"Who wrote the book ""Freya of the Seven Isles""?",Joseph Conrad,book-author,who-wrote-book
"Who wrote the book ""The Cancer Journals""?",Audre Lorde,book-author,who-wrote-book
"Who wrote the book ""The Sadeian Woman: An Exercise in Cultural History""?",Angela Carter,book-author,who-wrote-book
"Who is the author of the book ""The Marsh King's Daughter""?",Elizabeth Chadwick,book-author,author-of-book
"Who is the author of the book ""The Grapes of Wrath""?",John Steinbeck,book-author,author-of-book
"Who is the author of the book ""Rocannon's World""?",Ursula K. Le Guin,book-author,author-of-book
"Who wrote the book ""Diable, a Dog""?",Jack London,book-author,who-wrote-book
"Who is the author of the book ""Naked Economics: Undressing the Dismal Science""?",Charles Wheelan,book-author,author-of-book
"Who wrote the book ""Letters""?",D.H. Lawrence,book-author,who-wrote-book
"Who wrote the book ""The Full Cupboard of Life""?",Alexander McCall Smith,book-author,who-wrote-book
"Who wrote the book ""The Autobiography and Correspondence of Edward Gibbon the Historian""?",Edward Gibbon,book-author,who-wrote-book
"Who is the author of the book ""Happy Money: The Science of Smarter Spending""?",Elizabeth Dunn,book-author,author-of-book
"Who wrote the book ""‫السمان والخريف ‬""?",Naguib Mahfouz,book-author,who-wrote-book
"Who wrote the book ""The Science of Philip Pullman's His Dark Materials""?",Philip Pullman,book-author,who-wrote-book
"Who wrote the book ""Grateful: The Transformative Power of Giving Thanks""?",Diana Butler Bass,book-author,who-wrote-book
"Who is the author of the book ""Not That Bad: Dispatches from Rape Culture""?",Roxane Gay,book-author,author-of-book
"Who wrote the book ""Earth in the Balance: Ecology and the Human Spirit""?",Al Gore,book-author,who-wrote-book
"Who is the author of the book ""The Naked Ape: A Zoologist's Study of the Human Animal""?",Desmond Morris,book-author,author-of-book
"Who is the author of the book ""Awakening Your Inner Genius""?",Sean Patrick,book-author,author-of-book
"Who wrote the book ""The Haunted Man and the Ghost's Bargain""?",Charles Dickens,book-author,who-wrote-book
"Who wrote the book ""In the Year of Our Lord: Reflections on Twenty Centuries of Church History""?",Sinclair B. Ferguson,book-author,who-wrote-book
"Who is the author of the book ""To Show and to Tell: The Craft of Literary Nonfiction""?",Phillip Lopate,book-author,author-of-book
"Who is the author of the book ""Inventing the Enemy: Essays""?",Umberto Eco,book-author,author-of-book
"Who wrote the book ""Beyond Eden""?",Catherine Coulter,book-author,who-wrote-book
"Who wrote the book ""El Ingenioso Hidalgo Don Quijote De La Mancha, Volume 1""?",Miguel de Cervantes Saavedra,book-author,who-wrote-book
"Who is the author of the book ""PRIMAL Unleashed""?",Jack Silkstone,book-author,author-of-book
"Who is the author of the book ""Change: Principles of Problem Formation and Problem Resolution""?",Paul Watzlawick,book-author,author-of-book
"Who is the author of the book ""Angst""?",Stefan Zweig,book-author,author-of-book
"Who is the author of the book ""Revelation""?",Drew Karpyshyn,book-author,author-of-book
"Who is the author of the book ""The Masqueraders""?",Georgette Heyer,book-author,author-of-book
"Who is the author of the book ""Worlds 2""?",Eric Flint,book-author,author-of-book
"Who wrote the book ""Artemis Fowl and the Eternity Code""?",Eoin Colfer,book-author,who-wrote-book
"Who wrote the book ""This Morning, This Evening, So Soon""?",James Baldwin,book-author,who-wrote-book
"Who wrote the book ""Barn Burning and other stories""?",William Faulkner,book-author,who-wrote-book
"Who is the author of the book ""Metro Girl""?",Janet Evanovich,book-author,author-of-book
"Who is the author of the book ""Trapped""?",Kevin Hearne,book-author,author-of-book
"Who is the author of the book ""The Blue Cross: A Father Brown Mystery""?",G.K. Chesterton,book-author,author-of-book
"Who wrote the book ""The Thinker's Way""?",John Chaffee,book-author,who-wrote-book
"Who wrote the book ""Listen""?",Rene Gutteridge,book-author,who-wrote-book
"Who is the author of the book ""Mr. Monk is Cleaned Out""?",Lee Goldberg,book-author,author-of-book
"Who wrote the book ""The 7 Habits of Highly Effective People""?",Stephen Covey,book-author,who-wrote-book
"Who wrote the book ""Troll's Eye View: A Book of Villainous Tales""?",Ellen Datlow,book-author,who-wrote-book
"Who wrote the book ""Necklace of Kisses""?",Francesca Lia Block,book-author,who-wrote-book
"Who is the author of the book ""Alacakaranlıkta Bir Öykü""?",Stefan Zweig,book-author,author-of-book
"Who is the author of the book ""Terminal Freeze""?",Lincoln Child,book-author,author-of-book
"Who is the author of the book ""The Brothers Karamazov: By Fyodor Dostoyevsky - Illustrated And Unabridged""?",Fyodor Dostoyevsky,book-author,author-of-book
"Who wrote the book ""City of Truth""?",James K. Morrow,book-author,who-wrote-book
"Who is the author of the book ""Lioness Rampant""?",Tamora Pierce,book-author,author-of-book
"Who is the author of the book ""Unlucky 13""?",James Patterson,book-author,author-of-book
"Who wrote the book ""All Stirred Up""?",Z.A. Maxfield,book-author,who-wrote-book
"Who is the author of the book ""The Star""?",Arthur C. Clarke,book-author,author-of-book
"Who is the author of the book ""Midnighters Manga #1""?",Scott Westerfeld,book-author,author-of-book
"Who wrote the book ""Room""?",Emma Donoghue,book-author,who-wrote-book
"Who is the author of the book ""Fame""?",Karen Kingsbury,book-author,author-of-book
"Who is the author of the book ""Reel to Real: Race, Sex, and Class at the Movies""?",bell hooks,book-author,author-of-book
"Who is the author of the book ""The Firebrand""?",Marion Zimmer Bradley,book-author,author-of-book
"Who is the author of the book ""To Beguile a Beast""?",Elizabeth Hoyt,book-author,author-of-book
"Who wrote the book ""At the End of the Century: The Stories of Ruth Prawer Jhabvala""?",Ruth Prawer Jhabvala,book-author,who-wrote-book
"Who is the author of the book ""The Starlight Crystal""?",Christopher Pike,book-author,author-of-book
"Who is the author of the book ""On Beulah Height""?",Reginald Hill,book-author,author-of-book
"Who wrote the book ""Death of a Policeman""?",M.C. Beaton,book-author,who-wrote-book
"Who is the author of the book ""SALT Summaries, Condensed Ideas About Long-term Thinking""?",Stewart Brand,book-author,author-of-book
"Who is the author of the book ""Eric Brighteyes""?",H. Rider Haggard,book-author,author-of-book
"Who is the author of the book ""The Euro: How a Common Currency Threatens the Future of Europe""?",Joseph E. Stiglitz,book-author,author-of-book
"Who wrote the book ""The Wild Ass's Skin""?",Honoré de Balzac,book-author,who-wrote-book
"Who wrote the book ""The Beauty of the Husband: A Fictional Essay in 29 Tangos""?",Anne Carson,book-author,who-wrote-book
"Who wrote the book ""Best New Horror 21""?",Mark Valentine,book-author,who-wrote-book
"Who wrote the book ""Simple Times: Crafts for Poor People""?",Amy Sedaris,book-author,who-wrote-book
"Who is the author of the book ""Decoded""?",Jay-Z,book-author,author-of-book
"Who wrote the book ""Taran Wanderer""?",Lloyd Alexander,book-author,who-wrote-book
"Who is the author of the book ""The Eternal Wonder""?",Pearl S. Buck,book-author,author-of-book
"Who wrote the book ""Toda buena obra: Conectando tu trabajo con el de Dios""?",Timothy J. Keller,book-author,who-wrote-book
"Who is the author of the book ""The Screwtape Letters""?",C.S. Lewis,book-author,author-of-book
"Who wrote the book ""Riot""?",Shashi Tharoor,book-author,who-wrote-book
"Who is the author of the book ""The Case of Charles Dexter Ward""?",H P Lovecraft,book-author,author-of-book
"Who wrote the book ""The Harry Bosch Novels: The Black Echo / The Black Ice / The Concrete Blonde""?",Michael Connelly,book-author,who-wrote-book
"Who is the author of the book ""Hamilton: The Revolution""?",Jeremy McCarter,book-author,author-of-book
"Who is the author of the book ""Darkness Arisen""?",Stephanie Rowe,book-author,author-of-book
"Who is the author of the book ""Loving God with All Your Mind""?",Elizabeth George,book-author,author-of-book
"Who wrote the book ""La trilogía de Nueva York""?",Paul Auster,book-author,who-wrote-book
"Who is the author of the book ""Leaders' Map""?",John D.H. Greenway,book-author,author-of-book
"Who wrote the book ""The Slider Song Album""?",Marc Bolan,book-author,who-wrote-book
"Who is the author of the book ""Maru""?",Bessie Head,book-author,author-of-book
"Who wrote the book ""Never Again Good-bye""?",Terri Blackstock,book-author,who-wrote-book
"Who is the author of the book ""Sharing Jesus without Freaking Out: Evangelism the Way You Were Born to Do It""?",Alvin L. Reid,book-author,author-of-book
"Who wrote the book ""A Greyhound of a Girl""?",Roddy Doyle,book-author,who-wrote-book
"Who is the author of the book ""Jessi's Secret Language""?",Ann M. Martin,book-author,author-of-book
"Who is the author of the book ""Tailchaser's Song""?",Tad Williams,book-author,author-of-book
"Who is the author of the book ""Morning Yet on Creation Day: Essays""?",Chinua Achebe,book-author,author-of-book
"Who is the author of the book ""Centaur Aisle""?",Piers Anthony,book-author,author-of-book
"Who wrote the book ""Lisa Jackson's Bentz & Montoya Bundle: Shiver, Absolute Fear, Lost Souls, Hot Blooded, Cold Blooded, Malice & Devious""?",Lisa Jackson,book-author,who-wrote-book
"Who is the author of the book ""Riptide""?",Douglas Preston Lincoln Child,book-author,author-of-book
"Who wrote the book ""1493: How the Ecological Collision of Europe and the Americas Gave Rise to the Modern World""?",Charles C. Mann,book-author,who-wrote-book
"Who wrote the book ""La elegancia del erizo""?",Muriel Barbery,book-author,who-wrote-book
"Who wrote the book ""The Love of a Good Woman""?",Alice Munro,book-author,who-wrote-book
"Who is the author of the book ""Plague Ship[A Novel Of The Oregon Files]""?",Clive Cussler and Jack Du Brul,book-author,author-of-book
"Who wrote the book ""Self-Made Men""?",Frederick Douglass,book-author,who-wrote-book
"Who wrote the book ""The Accidental Billionaires: The Founding of Facebook, a Tale of Sex, Money, Genius, and Betrayal""?",Ben Mezrich,book-author,who-wrote-book
"Who is the author of the book ""The Leadership Ellipse: Shaping How We Lead by Who We Are""?",Robert A. Fryling,book-author,author-of-book
"Who wrote the book ""This Is Push: New Stories from the Edge""?",Eireann Corrigan,book-author,who-wrote-book
"Who wrote the book ""The Downhill Lie: A Hacker's Return to a Ruinous Sport""?",Carl Hiaasen,book-author,who-wrote-book
"Who is the author of the book ""The Pilot: A Tale of the Sea""?",James Fenimore Cooper,book-author,author-of-book
"Who wrote the book ""A Grave Talent""?",Laurie R. King,book-author,who-wrote-book
"Who wrote the book ""The Mouse That Roared Boxed Set""?",Leonard Wibberley,book-author,who-wrote-book
"Who wrote the book ""Lord John and the Private Matter""?",Diana Gabaldon,book-author,who-wrote-book
"Who wrote the book ""The Escape""?",David Baldacci,book-author,who-wrote-book
"Who is the author of the book ""Looking for Alaska""?",John Green,book-author,author-of-book
"Who is the author of the book ""Oathbreakers""?",Mercedes Lackey,book-author,author-of-book
"Who is the author of the book ""Simply Magic""?",Mary Balogh,book-author,author-of-book
"Who is the author of the book ""The Innovator's Dilemma: When New Technologies Cause Great Firms to Fail""?",Clayton M. Christensen,book-author,author-of-book
"Who is the author of the book ""The Tin Princess""?",Philip Pullman,book-author,author-of-book
"Who is the author of the book ""Chasing Hillary: Ten Years, Two Presidential Campaigns, and One Intact Glass Ceiling""?",Amy Chozick,book-author,author-of-book
"Who is the author of the book ""The Moonspinners""?",Mary Stewart,book-author,author-of-book
"Who is the author of the book ""Lust For Life""?",Irving Stone,book-author,author-of-book
"Who wrote the book ""Dangerous Games""?",Margaret MacMillan,book-author,who-wrote-book
"Who is the author of the book ""Foxfire: Confessions of a Girl Gang""?",Joyce Carol Oates,book-author,author-of-book
"Who is the author of the book ""Hilarity Ensues""?",Tucker Max,book-author,author-of-book
"Who is the author of the book ""Dear Antoine: Or, the Love That Failed""?",Jean Anouilh,book-author,author-of-book
"Who is the author of the book ""The Adventures of Sherlock Holmes""?",Arthur Conan Doyle,book-author,author-of-book
"Who is the author of the book ""Not Quite a Wife""?",Mary Jo Putney,book-author,author-of-book
"Who is the author of the book ""Full Catastrophe Living: Using the Wisdom of Your Body and Mind to Face Stress, Pain, and Illness""?",Jon Kabat-Zinn,book-author,author-of-book
"Who is the author of the book ""The Second Common Reader""?",Virginia Woolf,book-author,author-of-book
"Who wrote the book ""El Jardín Secreto [Versión Íntegra]""?",Frances Hodgson Burnett,book-author,who-wrote-book
"Who wrote the book ""Tempest: All-New Tales of Valdemar""?",Mercedes Lackey,book-author,who-wrote-book
"Who wrote the book ""Economics in One Lesson: The Shortest and Surest Way to Understand Basic Economics""?",Henry Hazlitt,book-author,who-wrote-book
"Who is the author of the book ""Put Your Dream to the Test: 10 Questions That Will Help You See It and Seize It""?",John C. Maxwell,book-author,author-of-book
"Who wrote the book ""Sarah""?",Orson Scott Card,book-author,who-wrote-book
"Who wrote the book ""Warrior Politics: Why Leadership Requires a Pagan Ethos""?",Robert D. Kaplan,book-author,who-wrote-book
"Who wrote the book ""Rosa de fuego""?",Carlos Ruiz Zafón,book-author,who-wrote-book
"Who is the author of the book ""Flashman and the Dragon""?",George MacDonald Fraser,book-author,author-of-book
"Who wrote the book ""C is for Clown""?",Iain Rob Wright,book-author,who-wrote-book
"Who wrote the book ""I Even Funnier - FREE PREVIEW EDITION (The First 13 Chapters): A Middle School Story""?",James Patterson,book-author,who-wrote-book
"Who wrote the book ""Picture Perfect""?",Jodi Picoult,book-author,who-wrote-book
"Who wrote the book ""The Graveyard of the Hesperides""?",Lindsey Davis,book-author,who-wrote-book
"Who is the author of the book ""Frost and Fire""?",Ray Bradbury,book-author,author-of-book
"Who wrote the book ""The Jeeves & Wooster Series: The Glorious Adventures of Bertie Wooster & His Valet Reginald Jeeves: Leave it to Jeeves, Jeeves and the Unbidden Guest, ... the Springtime, Aunt Agatha Takes the Count""?",P.G. Wodehouse,book-author,who-wrote-book
"Who wrote the book ""Windmills of the Gods""?",Sidney Sheldon,book-author,who-wrote-book
"Who is the author of the book ""The Short History of a Prince""?",Jane Hamilton,book-author,author-of-book
"Who is the author of the book ""Discrimination and Disparities""?",Thomas Sowell,book-author,author-of-book
"Who wrote the book ""Acheron""?",Sherrilyn Kenyon,book-author,who-wrote-book
"Who is the author of the book ""Los ojos de mi princesa""?",Carlos Cuauhtémoc Sánchez,book-author,author-of-book
"Who wrote the book ""La invención de Morel""?",Adolfo Bioy Casares,book-author,who-wrote-book
"Who is the author of the book ""The Best American Science and Nature Writing 2014""?",Deborah Blum,book-author,author-of-book
"Who wrote the book ""La Force De l'Age""?",Simone de Beauvoir,book-author,who-wrote-book
"Who is the author of the book ""The Ministry of Fear""?",Graham Greene,book-author,author-of-book
"Who wrote the book ""A Little History Of Philosophy""?",Nigel Warburton,book-author,who-wrote-book
"Who wrote the book ""Magician's End""?",Raymond E. Feist,book-author,who-wrote-book
"Who wrote the book ""Feminist Theory: From Margin to Center""?",Bell Hooks,book-author,who-wrote-book
"Who wrote the book ""Ship of Magic""?",Robin Hobb,book-author,who-wrote-book
"Who wrote the book ""The Historian""?",Elizabeth Kostova,book-author,who-wrote-book
"Who wrote the book ""Inside the Mind of Gideon Rayburn""?",Sarah Miller,book-author,who-wrote-book
"Who wrote the book ""Exemplary Stories""?",Miguel de Cervantes Saavedra,book-author,who-wrote-book
"Who wrote the book ""Canoeing in the Wilderness""?",Henry David Thoreau,book-author,who-wrote-book
"Who wrote the book ""The Car""?",Gary Paulsen,book-author,who-wrote-book
"Who wrote the book ""The Western Canon""?",Harold Bloom,book-author,who-wrote-book
"Who wrote the book ""The Hunter""?",Tom Wood,book-author,who-wrote-book
"Who is the author of the book ""A Good Woman""?",Danielle Steel,book-author,author-of-book
"Who is the author of the book ""The Art of Listening""?",Erich Fromm,book-author,author-of-book
"Who is the author of the book ""Best Food Writing 2010""?",Holly Hughes,book-author,author-of-book
"Who is the author of the book ""Depression: A Stubborn Darkness--Light for the Path""?",Edward T. Welch,book-author,author-of-book
"Who is the author of the book ""The Devil's Waters""?",David L. Robbins,book-author,author-of-book
"Who is the author of the book ""The Black Company""?",Glen Cook,book-author,author-of-book
"Who wrote the book ""الشحاذ""?",Naguib Mahfouz,book-author,who-wrote-book
"Who is the author of the book ""You Make Me""?",Erin McCarthy,book-author,author-of-book
"Who wrote the book ""The Mark and the Void: A Novel""?",Paul Murray,book-author,who-wrote-book
"Who is the author of the book ""Rich Dad's Who Took My Money?: Why Slow Investors Lose and Fast Money Wins!""?",Robert T. Kiyosaki,book-author,author-of-book
"Who is the author of the book ""Easy Go""?",John Lange,book-author,author-of-book
"Who wrote the book ""Leota's Garden""?",Francine Rivers,book-author,who-wrote-book
"Who is the author of the book ""The real life of Sebastian Knight""?",Vladimir Nabokov,book-author,author-of-book
"Who is the author of the book ""Rick Steves Spain 2015""?",Rick Steves,book-author,author-of-book
"Who is the author of the book ""The Museum of Innocence""?",Orhan Pamuk,book-author,author-of-book
"Who is the author of the book ""Arcana Rising""?",Kresley Cole,book-author,author-of-book
"Who is the author of the book ""Shadowland""?",Meg Cabot,book-author,author-of-book
"Who is the author of the book ""A Study in Sable""?",Mercedes Lackey,book-author,author-of-book
"Who is the author of the book ""Hidden""?",Barbara Taylor Bradford,book-author,author-of-book
"Who wrote the book ""Books, Movies, Rhythm, Blues (Penguin Special): Twenty Years of Writing about Film, Music and Books""?",Nick Hornby,book-author,who-wrote-book
"Who wrote the book ""Pastoralia""?",George Saunders,book-author,who-wrote-book
"Who wrote the book ""Dying Scream""?",Mary Burton,book-author,who-wrote-book
"Who is the author of the book ""The Cat Who Could Read Backwards""?",Lilian Jackson Braun,book-author,author-of-book
"Who is the author of the book ""Faster: The Acceleration of Just About Everything""?",James Gleick,book-author,author-of-book
"Who wrote the book ""Rick Steves' Walk: Trastevere, Rome""?",Rick Steves,book-author,who-wrote-book
"Who wrote the book ""Water for Elephants""?",Sara Gruen,book-author,who-wrote-book
"Who is the author of the book ""Happy Hour at Casa Dracula""?",Marta Acosta,book-author,author-of-book
"Who is the author of the book ""The Merry Adventures of Robin Hood of Great Renown in Nottinghamshire""?",Howard Pyle,book-author,author-of-book
"Who is the author of the book ""The Dutch House""?",Ann Patchett,book-author,author-of-book
"Who is the author of the book ""House of Robots: Robot Revolution""?",James Patterson,book-author,author-of-book
"Who is the author of the book ""Small Island""?",Andrea Levy,book-author,author-of-book
"Who is the author of the book ""All The Pretty Horses""?",Cormac McCarthy,book-author,author-of-book
"Who is the author of the book ""The Choirboys""?",Joseph Wambaugh,book-author,author-of-book
"Who wrote the book ""Darkness Seduced""?",Stephanie Rowe,book-author,who-wrote-book
"Who wrote the book ""Baby-sitters' Haunted House""?",Ann M. Martin,book-author,who-wrote-book
"Who wrote the book ""Execution of Innocence""?",Christopher Pike,book-author,who-wrote-book
"Who is the author of the book ""Lady Knight""?",Tamora Pierce,book-author,author-of-book
"Who wrote the book ""السهم: مختارات قصصية""?",Naguib Mahfouz,book-author,who-wrote-book
"Who is the author of the book ""Ice Limit: La Barriere de Glace""?",Douglas Preston,book-author,author-of-book
"Who is the author of the book ""The Kraken King and the Scribbling Spinster""?",Meljean Brook,book-author,author-of-book
"Who wrote the book ""The Steel Remains""?",Richard K Morgan,book-author,who-wrote-book
"Who is the author of the book ""Here Be Dragons""?",Sharon Kay Penman,book-author,author-of-book
"Who is the author of the book ""The Escape from Home""?",Avi,book-author,author-of-book
"Who is the author of the book ""The Portable Frederick Douglass""?",Frederick Douglass,book-author,author-of-book
"Who is the author of the book ""The Symposium""?",Plato,book-author,author-of-book
"Who is the author of the book ""The Mind Connection""?",Joyce Meyer,book-author,author-of-book
"Who wrote the book ""Lavorare con intelligenza emotiva""?",Daniel Goleman,book-author,who-wrote-book
"Who wrote the book ""Asylum""?",Amy Cross,book-author,who-wrote-book
"Who is the author of the book ""Pussy and Doggy Tales""?",E. Nesbit,book-author,author-of-book
"Who wrote the book ""Poseidon's Gold""?",Lindsey Davis,book-author,who-wrote-book
"Who wrote the book ""The Demon in the Freezer""?",Richard Preston,book-author,who-wrote-book
"Who wrote the book ""Dream When You're Feeling Blue""?",Elizabeth Berg,book-author,who-wrote-book
"Who wrote the book ""Talking to Girls About Duran Duran: One Young Man's Quest for True Love and a Cooler Haircut""?",Rob Sheffield,book-author,who-wrote-book
"Who wrote the book ""Proust's Way: A Field Guide to In Search of Lost Time""?",Roger Shattuck,book-author,who-wrote-book
"Who is the author of the book ""Royal Wedding""?",Meg Cabot,book-author,author-of-book
"Who wrote the book ""The Life and Times of the Thunderbolt Kid""?",Bill Bryson,book-author,who-wrote-book
"Who is the author of the book ""Characters of the Passion""?",Fulton J. Sheen,book-author,author-of-book
"Who is the author of the book ""The Newpointe 911 Collection: Private Justice, Shadow of Doubt, Word of Honor, Trial by Fire, Line of Duty""?",Terri Blackstock,book-author,author-of-book
"Who is the author of the book ""The Spiral Staircase: My Climb Out of Darkness""?",Karen Armstrong,book-author,author-of-book
"Who wrote the book ""Shadows""?",Jennifer L. Armentrout,book-author,who-wrote-book
"Who wrote the book ""From Eve to Dawn: A History of Women in the World, Vol. 3""?",Marilyn French,book-author,who-wrote-book
"Who is the author of the book ""A Place of Greater Safety""?",Hilary Mantel,book-author,author-of-book
"Who is the author of the book ""Worship Leaders, We Are Not Rock Stars""?",Stephen Miller,book-author,author-of-book
"Who wrote the book ""Where Is God When It Hurts?""?",Philip Yancey,book-author,who-wrote-book
"Who wrote the book ""Make No Law: The Sullivan Case and the First Amendment""?",Anthony Lewis,book-author,who-wrote-book
"Who is the author of the book ""Think Like a Cat: How to Raise a Well-Adjusted Cat--Not a Sour Puss""?",Pam Johnson-Bennett,book-author,author-of-book
"Who is the author of the book ""The Perfect Kill: 21 Laws for Assassins""?",Robert B. Baer,book-author,author-of-book
"Who is the author of the book ""Heretics Anonymous""?",Katie Henry,book-author,author-of-book
"Who is the author of the book ""Taggerung""?",Brian Jacques,book-author,author-of-book
"Who wrote the book ""My Seinfeld Year""?",Fred Stoller,book-author,who-wrote-book
"Who is the author of the book ""A Whisper of Roses""?",Teresa Medeiros,book-author,author-of-book
"Who wrote the book ""Cliffs Notes on Salinger's The Catcher in the Rye""?",J.D. Salinger,book-author,who-wrote-book
"Who is the author of the book ""How To Be Right: The Art of Being Persuasively Correct""?",Greg Gutfeld,book-author,author-of-book
"Who wrote the book ""The Unwritten, Vol. 1: Tommy Taylor and the Bogus Identity""?",Mike Carey,book-author,who-wrote-book
"Who wrote the book ""Boneman's Daughters""?",Ted Dekker,book-author,who-wrote-book
"Who wrote the book ""Dumbing Down Our Kids: Why American Children Feel Good About Themselves But Can't Read, Write or Add""?",Charles J. Sykes,book-author,who-wrote-book
"Who wrote the book ""The Write Stuff""?",Jahnna N. Malcolm,book-author,who-wrote-book
"Who wrote the book ""To Hate Adam Connor""?",Ella Maise,book-author,who-wrote-book
"Who wrote the book ""Notes from a Small Island""?",Bill Bryson,book-author,who-wrote-book
"Who is the author of the book ""Wrong Planet - Searching for your Tribe""?",Karl Wiggins,book-author,author-of-book
"Who wrote the book ""Remember Me""?",Christopher Pike,book-author,who-wrote-book
"Who wrote the book ""Eager to Love: The Alternative Way of Francis of Assisi""?",Richard Rohr,book-author,who-wrote-book
"Who wrote the book ""German Fiction: J. W. Von Goethe, Gottfried Keller, Theodor Fontane, Theodor Storm""?",William Allan Neilson,book-author,who-wrote-book
"Who wrote the book ""Scarlett: The Sequel to Margaret Mitchell's Gone with the Wind""?",Alexandra Ripley,book-author,who-wrote-book
"Who is the author of the book ""Queen of Heaven: Mary's Battle for Souls""?",Brian Kennelly,book-author,author-of-book
"Who is the author of the book ""The Rising: Antichrist is Born""?",Tim F. LaHaye,book-author,author-of-book
"Who wrote the book ""Visions of Sugar Plums""?",Janet Evanovich,book-author,who-wrote-book
"Who is the author of the book ""Betwixt""?",Tara Bray Smith,book-author,author-of-book
"Who wrote the book ""The Best Man""?",Barbie Bohrman,book-author,who-wrote-book
"Who is the author of the book ""Reasons to Be Pretty""?",Neil LaBute,book-author,author-of-book
"Who is the author of the book ""At the Edge of the Forest""?",Amy Cross,book-author,author-of-book
"Who wrote the book ""Numbering All the Bones""?",Ann Rinaldi,book-author,who-wrote-book
"Who is the author of the book ""The Princess Priscilla's Fortnight""?",Elizabeth von Arnim,book-author,author-of-book
"Who wrote the book ""Dear Zoe""?",Philip Beard,book-author,who-wrote-book
"Who wrote the book ""Miss Sara Sampson""?",Gotthold Ephraim Lessing,book-author,who-wrote-book
"Who wrote the book ""Bon Appetit""?",Sandra Byrd,book-author,who-wrote-book
"Who wrote the book ""Total Truth: Liberating Christianity from its Cultural Captivity""?",Nancy Pearcey,book-author,who-wrote-book
"Who is the author of the book ""The Reversal""?",Michael Connelly,book-author,author-of-book
"Who is the author of the book ""Sweet Spot""?",Susan Mallery,book-author,author-of-book
"Who is the author of the book ""Introducing Radical Orthodoxy: Mapping a Post-secular Theology""?",James K.A. Smith,book-author,author-of-book
"Who wrote the book ""A Journey to the Centre of the Earth""?",Jules Verne,book-author,who-wrote-book
"Who wrote the book ""The Wisdom of Finance: Discovering Humanity in the World of Risk and Return""?",Mihir Desai,book-author,who-wrote-book
"Who is the author of the book ""The Fire Rose""?",Mercedes Lackey,book-author,author-of-book
"Who wrote the book ""Midcentury""?",John Dos Passos,book-author,who-wrote-book
"Who is the author of the book ""Notes from the Underground & The Gambler""?",Fyodor Dostoyevsky,book-author,author-of-book
"Who is the author of the book ""Obsession""?",Jennifer L. Armentrout,book-author,author-of-book
"Who is the author of the book ""Intimacy With The Almighty""?",Charles R. Swindoll,book-author,author-of-book
"Who is the author of the book ""Yours Is the Day, Lord, Yours Is the Night: A Morning and Evening Prayer Book""?",David P. Gushee,book-author,author-of-book
"Who is the author of the book ""The Specimen: A Novel of Horror""?",Pete Kahle,book-author,author-of-book
"Who wrote the book ""Son of the Morning""?",Linda Howard,book-author,who-wrote-book
"Who wrote the book ""The Lady's Not for Burning""?",Christopher Fry,book-author,who-wrote-book
"Who wrote the book ""Loving Rose: The Redemption of Malcolm Sinclair""?",Stephanie Laurens,book-author,who-wrote-book
"Who is the author of the book ""A Mackenzie Family Christmas: The Perfect Gift""?",Jennifer Ashley,book-author,author-of-book
"Who is the author of the book ""Big Bang: The Origin of the Universe""?",Simon Singh,book-author,author-of-book
"Who wrote the book ""Open Season""?",Linda Howard,book-author,who-wrote-book
"Who is the author of the book ""Dirk Gently's Holistic Detective Agency""?",Douglas Adams,book-author,author-of-book
"Who is the author of the book ""44 Chapters About 4 Men""?",B.B. Easton,book-author,author-of-book
"Who wrote the book ""The Pilo Family Circus""?",Katherine Dunn,book-author,who-wrote-book
"Who wrote the book ""Courageous Collaboration with Gracious Space: From Small Openings to Profound Transformation""?",Patricia Hughes,book-author,who-wrote-book
"Who wrote the book ""The Pool""?",Daphne du Maurier,book-author,who-wrote-book
"Who is the author of the book ""Coloso""?",Niall Ferguson,book-author,author-of-book
"Who wrote the book ""The Companions""?",R.A. Salvatore,book-author,who-wrote-book
"Who wrote the book ""Leading at The Edge""?",Dennis N. T. Perkins,book-author,who-wrote-book
"Who is the author of the book ""Trial by Fire""?",James Osiris Baldwin,book-author,author-of-book
"Who wrote the book ""The Angry Wife""?",Pearl S. Buck,book-author,who-wrote-book
"Who is the author of the book ""Grave Peril""?",Jim Butcher,book-author,author-of-book
"Who wrote the book ""Something Wicked This Way Comes""?",Ray Bradbury,book-author,who-wrote-book
"Who wrote the book ""Bradbury Speaks: Too Soon from the Cave, Too Far from the Stars""?",Ray Bradbury,book-author,who-wrote-book
"Who is the author of the book ""The Lonesome Gods""?",LAmour Louis,book-author,author-of-book
"Who wrote the book ""Candle Bay""?",Tamara Thorne,book-author,who-wrote-book
"Who wrote the book ""Private Rio""?",James Patterson,book-author,who-wrote-book
"Who wrote the book ""The Wasteland, Prufrock and Other Poems""?",T. S. Eliot,book-author,who-wrote-book
"Who is the author of the book ""Public Displays of Affection""?",Susan Donovan,book-author,author-of-book
"Who is the author of the book ""Mentir""?",Sam Harris,book-author,author-of-book
"Who wrote the book ""Bad Boy Daddy""?",Chance Carter,book-author,who-wrote-book
"Who wrote the book ""To Throw Away Unopened""?",Viv Albertine,book-author,who-wrote-book
"Who wrote the book ""Infinity's Shore""?",David Brin,book-author,who-wrote-book
"Who is the author of the book ""Great Baseball Stories""?",John Updike,book-author,author-of-book
"Who is the author of the book ""Bob Dylan - Love and Theft: Piano/Vocal/Guitar""?",Bob Dylan,book-author,author-of-book
"Who wrote the book ""Ripping Off Black Music""?",Margo Jefferson,book-author,who-wrote-book
"Who is the author of the book ""Cry No More""?",Linda Howard,book-author,author-of-book
"Who is the author of the book ""Valor's Choice""?",Tanya Huff,book-author,author-of-book
"Who wrote the book ""Not That Kind of Girl: A Young Woman Tells You What She's ""Learned""?",Lena Dunham,book-author,who-wrote-book
"Who is the author of the book ""The Confidence-Man""?",Herman Melville,book-author,author-of-book
"Who is the author of the book ""After Silence""?",Jonathan Carroll,book-author,author-of-book
"Who wrote the book ""The Inkheart Trilogy: Inkheart, Inkspell, Inkdeath""?",Cornelia Funke,book-author,who-wrote-book
"Who is the author of the book ""Ex-Heroes""?",Peter Clines,book-author,author-of-book
"Who is the author of the book ""Caged: Love and Treachery on the High Seas""?",Bey Deckard,book-author,author-of-book
"Who is the author of the book ""Livia Lone""?",Barry Eisler,book-author,author-of-book
"Who is the author of the book ""The Plot Against America""?",Philip Roth,book-author,author-of-book
"Who wrote the book ""The Crime of Our Lives""?",Lawrence Block,book-author,who-wrote-book
"Who is the author of the book ""Applied Economics: Thinking Beyond Stage One""?",Thomas Sowell,book-author,author-of-book
"Who wrote the book ""Clean Gut: The Breakthrough Plan for Eliminating the Root Cause of Disease and Revolutionizing Your Health""?",Alejandro Junger,book-author,who-wrote-book
"Who wrote the book ""The Mysterious Mr. Quin""?",Agatha Christie,book-author,who-wrote-book
"Who wrote the book ""The Craft Beer Revolution: How a Band of Microbrewers Is Transforming the World's Favorite Drink""?",Steve Hindy,book-author,who-wrote-book
"Who wrote the book ""Reading The Victorian Novel: Detail Into Form""?",Ian Gregor,book-author,who-wrote-book
"Who wrote the book ""Blaze""?",Richard Bachman,book-author,who-wrote-book
"Who is the author of the book ""Under My Skin""?",Lisa Unger,book-author,author-of-book
"Who is the author of the book ""The Case for Grace: A Journalist Explores the Evidence of Transformed Lives""?",Lee Strobel,book-author,author-of-book
"Who is the author of the book ""The Ticket That Exploded""?",William S. Burroughs,book-author,author-of-book
"Who wrote the book ""Trust: Mastering the Four Essential Trusts: Trust in Self, Trust in God, Trust in Others, Trust in Life""?",Iyanla Vanzant,book-author,who-wrote-book
"Who wrote the book ""Web of Light""?",Marion Zimmer Bradley,book-author,who-wrote-book
"Who is the author of the book ""Saints, Scholars, and Schizophrenics: Mental Illness in Rural Ireland""?",Nancy Scheper-Hughes,book-author,author-of-book
"Who is the author of the book ""An Edible History of Humanity""?",Tom Standage,book-author,author-of-book
"Who wrote the book ""The Labours of Hercules""?",Agatha Christie,book-author,who-wrote-book
"Who is the author of the book ""Investing in Your 20s & 30s for Dummies""?",Eric Tyson,book-author,author-of-book
"Who wrote the book ""Loon Lake""?",E.L. Doctorow,book-author,who-wrote-book
"Who wrote the book ""ESV Study Bible""?",Anonymous,book-author,who-wrote-book
"Who is the author of the book ""The Boys Start the War""?",Phyllis Reynolds Naylor,book-author,author-of-book
"Who is the author of the book ""De Profundis""?",Oscar Wilde,book-author,author-of-book
"Who wrote the book ""A Generous Orthodoxy: Why I am a missional, evangelical, post/protestant, liberal/conservative, mystical/poetic, biblical, charismatic/contemplative, fundamentalist/calvinist, ... anabaptist/anglican, metho""?",Brian D. McLaren,book-author,who-wrote-book
"Who wrote the book ""The Children of Llyr""?",Evangeline Walton,book-author,who-wrote-book
"Who is the author of the book ""No god but God: The Origins and Evolution of Islam""?",Reza Aslan,book-author,author-of-book
"Who is the author of the book ""When to Rob a Bank""?",Steven D. Levitt,book-author,author-of-book
"Who wrote the book ""The Unholy Consult""?",R. Scott Bakker,book-author,who-wrote-book
"Who is the author of the book ""Cranford""?",Elizabeth Gaskell,book-author,author-of-book
"Who wrote the book ""The News: A User's Manual""?",Alain de Botton,book-author,who-wrote-book
"Who wrote the book ""The Witchwood Crown""?",Tad Williams,book-author,who-wrote-book
"Who wrote the book ""The Last Olympian""?",Rick Riordan,book-author,who-wrote-book
"Who wrote the book ""The Obstacle Is the Way: The Timeless Art of Turning Trials into Triumph""?",Ryan Holiday,book-author,who-wrote-book
"Who is the author of the book ""Misreadings""?",Umberto Eco,book-author,author-of-book
"Who is the author of the book ""Young Men and Fire""?",Norman Maclean,book-author,author-of-book
"Who wrote the book ""The Crossing Places""?",Elly Griffiths,book-author,who-wrote-book
"Who is the author of the book ""Wish List""?",Fern Michaels,book-author,author-of-book
"Who wrote the book ""The Nightmare Stacks""?",Charles Stross,book-author,who-wrote-book
"Who wrote the book ""The Fifth of March: A Story of the Boston Massacre""?",Ann Rinaldi,book-author,who-wrote-book
"Who is the author of the book ""Montaigne""?",Stefan Zweig,book-author,author-of-book
"Who is the author of the book ""Post Office""?",Charles Bukowski,book-author,author-of-book
"Who is the author of the book ""The Clothing of Books""?",Jhumpa Lahiri,book-author,author-of-book
"Who wrote the book ""The Moving Finger""?",Agatha Christie,book-author,who-wrote-book
"Who is the author of the book ""Close""?",Martina Cole,book-author,author-of-book
"Who is the author of the book ""Never Eat Alone: And Other Secrets to Success, One Relationship at a Time""?",Keith Ferrazzi,book-author,author-of-book
"Who is the author of the book ""Aerie""?",Mercedes Lackey,book-author,author-of-book
"Who is the author of the book ""Deadly Intent""?",Lynda La Plante,book-author,author-of-book
"Who is the author of the book ""The MacArthur Daily Bible: Read through the Bible in one year, with notes from John MacArthur""?",John F. MacArthur Jr.,book-author,author-of-book
"Who is the author of the book ""The Neon Bible""?",John Kennedy Toole,book-author,author-of-book
"Who wrote the book ""A Chinaman's Chance: One Family's Journey and the Chinese American Dream""?",Eric Liu,book-author,who-wrote-book
"Who wrote the book ""Conversations with God""?",Neale Donald Walsch,book-author,who-wrote-book
"Who is the author of the book ""Leadership: In Turbulent Times""?",Doris Kearns Goodwin,book-author,author-of-book
"Who is the author of the book ""The Summer House: A Tradition of Leisure""?",Amy Willard Cross,book-author,author-of-book
"Who is the author of the book ""St. Peter's Fair""?",Ellis Peters,book-author,author-of-book
"Who wrote the book ""Wind Whispers, Shadow Shouts""?",Sharon Green,book-author,who-wrote-book
"Who is the author of the book ""Weekend Warriors""?",Fern Michaels,book-author,author-of-book
"Who is the author of the book ""La patología de la normalidad""?",Erich Fromm,book-author,author-of-book
"Who is the author of the book ""Grunt: The Curious Science of Humans at War""?",Mary Roach,book-author,author-of-book
"Who is the author of the book ""The Five Gifts: Discovering Hope, Healing and Strength When Disaster Strikes""?",Laurie Nadel,book-author,author-of-book
"Who wrote the book ""The Aftermath of War""?",Jean-Paul Sartre,book-author,who-wrote-book
"Who is the author of the book ""The Mystery in New York""?",Gertrude Chandler Warner,book-author,author-of-book
"Who is the author of the book ""Horoscopes for the Dead""?",Billy Collins,book-author,author-of-book
"Who is the author of the book ""Matters of the Heart""?",Danielle Steel,book-author,author-of-book
"Who wrote the book ""A Civil Contract""?",Georgette Heyer,book-author,who-wrote-book
"Who is the author of the book ""Slam""?",Nick Hornby,book-author,author-of-book
"Who is the author of the book ""Un señor muy viejo con unas alas enormes""?",Gabriel Garcí­a Márquez,book-author,author-of-book
"Who is the author of the book ""Keep It Pithy: Useful Observations in a Tough World""?",Bill O'Reilly,book-author,author-of-book
"Who is the author of the book ""One Day My Soul Just Opened Up""?",Iyanla Vanzant,book-author,author-of-book
"Who wrote the book ""Pulp""?",Charles Bukowski,book-author,who-wrote-book
"Who is the author of the book ""Upper Fourth at Malory Towers""?",Enid Blyton,book-author,author-of-book
"Who wrote the book ""The Hunt for Dark Infinity""?",James Dashner,book-author,who-wrote-book
"Who is the author of the book ""Preacher, Volume 9: Alamo""?",Garth Ennis,book-author,author-of-book
"Who is the author of the book ""The Bible Made Impossible: Why Biblicism is Not a Truly Evangelical Reading of Scripture""?",Christian Smith,book-author,author-of-book
"Who wrote the book ""Crash Landing!""?",Francine Pascal,book-author,who-wrote-book
"Who is the author of the book ""A Night Without Stars""?",Peter F. Hamilton,book-author,author-of-book
"Who wrote the book ""The Woman Who Wouldn't""?",Gene Wilder,book-author,who-wrote-book
"Who wrote the book ""Flight of Magpies""?",K.J. Charles,book-author,who-wrote-book
"Who is the author of the book ""The Complete Bakery Sisters Trilogy: An Anthology""?",Susan Mallery,book-author,author-of-book
"Who is the author of the book ""Преступление и наказание""?",Fyodor Dostoyevsky,book-author,author-of-book
"Who is the author of the book ""The ""Rebecca"" Notebook: And Other Memories""?",Daphne du Maurier,book-author,author-of-book
"Who wrote the book ""One Hundred Years of Solitude: Gabriel Garcí­a Márquez""?",Gabriel García Márquez,book-author,who-wrote-book
"Who is the author of the book ""Uglies: Shay's Story""?",Scott Westerfeld,book-author,author-of-book
"Who is the author of the book ""Die Upon a Kiss""?",Barbara Hambly,book-author,author-of-book
"Who wrote the book ""After the First Death""?",Lawrence Block,book-author,who-wrote-book
"Who is the author of the book ""Secrets and Shadows""?",Shannon Delany,book-author,author-of-book
"Who is the author of the book ""Shopgirl""?",Steve Martin,book-author,author-of-book
"Who wrote the book ""Beautiful Country Burn Again: Democracy, Rebellion, and Revolution""?",Ben Fountain,book-author,who-wrote-book
"Who wrote the book ""Runaway Vampire""?",Lynsay Sands,book-author,who-wrote-book
"Who is the author of the book ""Ensaio Sobre a Cegueira: A arquitetura de um romance""?",José Saramago,book-author,author-of-book
"Who is the author of the book ""The Psychology of Winning""?",Denis Waitley,book-author,author-of-book
"Who wrote the book ""Storm Prey""?",John Sandford,book-author,who-wrote-book
"Who wrote the book ""Cat People""?",Michael Korda,book-author,who-wrote-book
"Who wrote the book ""Darkside""?",Tom Stoppard,book-author,who-wrote-book
"Who wrote the book ""Christianity and Culture: The Idea of a Christian Society and Notes Towards the Definition of Culture""?",T.S. Eliot,book-author,who-wrote-book
"Who is the author of the book ""From Beyond""?",H.P. Lovecraft,book-author,author-of-book
"Who is the author of the book ""Love to the Uttermost""?",John Piper,book-author,author-of-book
"Who is the author of the book ""Mutineer's Moon""?",David Weber,book-author,author-of-book
"Who wrote the book ""Adjustment Day""?",Chuck Palahniuk,book-author,who-wrote-book
"Who wrote the book ""Something Fresh""?",P.G. Wodehouse,book-author,who-wrote-book
"Who wrote the book ""Nebula Awards Showcase 2008""?",Ben Bova,book-author,who-wrote-book
"Who wrote the book ""The Bourne Ultimatum""?",Robert Ludlum,book-author,who-wrote-book
"Who is the author of the book ""To End All Wars: A Story of Loyalty and Rebellion, 1914-1918""?",Adam Hochschild,book-author,author-of-book
"Who is the author of the book ""Banner of the Damned""?",Sherwood Smith,book-author,author-of-book
"Who is the author of the book ""Touch & Go""?",Lisa Gardner,book-author,author-of-book
"Who is the author of the book ""April Fool's Day""?",Bryce Courtenay,book-author,author-of-book
"Who is the author of the book ""Refuge Recovery: A Buddhist Path to Recovering from Addiction""?",Noah Levine,book-author,author-of-book
"Who wrote the book ""Edgar Allan Poe: The Fever Called Living""?",Paul Collins,book-author,who-wrote-book
"Who wrote the book ""Her Secret Fling""?",Sarah Mayberry,book-author,who-wrote-book
"Who wrote the book ""Angels Walking""?",Karen Kingsbury,book-author,who-wrote-book
"Who is the author of the book ""Sunset Limited""?",James Lee Burke,book-author,author-of-book
"Who wrote the book ""The War on Guns: Arming Yourself Against Gun Control Lies""?",John R. Lott Jr.,book-author,who-wrote-book
"Who wrote the book ""My One True Highlander""?",Suzanne Enoch,book-author,who-wrote-book
"Who wrote the book ""The Child of the Holy Grail""?",Rosalind Miles,book-author,who-wrote-book
"Who is the author of the book ""Self Leadership and the One Minute Manager""?",Kenneth H. Blanchard,book-author,author-of-book
"Who wrote the book ""Blue Dahlia""?",Nora Roberts,book-author,who-wrote-book
"Who is the author of the book ""Book of Haikus""?",Jack Kerouac,book-author,author-of-book
"Who is the author of the book ""Band of Misfits: Tales of the 2010 San Francisco Giants""?",andrew baggarly,book-author,author-of-book
"Who wrote the book ""Fulton Sheen's Wartime Prayer Book""?",Fulton J. Sheen,book-author,who-wrote-book
"Who wrote the book ""The Explorer""?",W. Somerset Maugham,book-author,who-wrote-book
"Who is the author of the book ""Family Wisdom from the Monk Who Sold His Ferrari""?",Robin S. Sharma,book-author,author-of-book
"Who wrote the book ""Martin Arrowsmith""?",Sinclair Lewis,book-author,who-wrote-book
"Who is the author of the book ""Spud""?",John van de Ruit,book-author,author-of-book
"Who is the author of the book ""La Douleur""?",Marguerite Duras,book-author,author-of-book
"Who is the author of the book ""Mary Queen of Scots""?",Antonia Fraser,book-author,author-of-book
"Who wrote the book ""La Dama Errante: Novela""?",Pío Baroja,book-author,who-wrote-book
"Who is the author of the book ""Bloodsucking Fiends""?",Christopher Moore,book-author,author-of-book
"Who is the author of the book ""La mezzanine""?",Nicholson Baker,book-author,author-of-book
"Who is the author of the book ""Magic Burns""?",Ilona Andrews,book-author,author-of-book
"Who wrote the book ""Never Mind""?",Edward St. Aubyn,book-author,who-wrote-book
"Who wrote the book ""At Your Beck & Call""?",Jane Harvey-Berrick,book-author,who-wrote-book
"Who wrote the book ""Past Perfect""?",Danielle Steel,book-author,who-wrote-book
"Who wrote the book ""Will You Still Love Me Tomorrow?""?",Claudia Carroll,book-author,who-wrote-book
"Who wrote the book ""I Heard You Paint Houses"", Updated Edition: Frank ""The Irishman"" Sheeran & Closing the Case on Jimmy Hoffa""?",Charles Brandt,book-author,who-wrote-book
"Who wrote the book ""Crimson Shore""?",Douglas Preston,book-author,who-wrote-book
"Who is the author of the book ""Dear Scott, Dearest Zelda: The Love Letters of F. Scott and Zelda Fitzgerald""?",F. Scott Fitzgerald,book-author,author-of-book
"Who wrote the book ""Susan Wiggs Lakeshore Chronicles Series Books 4-6: Snowfall at Willow Lake\Fireside\Lakeshore Christmas""?",Susan Wiggs,book-author,who-wrote-book
"Who wrote the book ""Zero Waste Home: The Ultimate Guide to Simplifying Your Life by Reducing Your Waste""?",Bea Johnson,book-author,who-wrote-book
"Who wrote the book ""Flirty Thirty""?",Cassie Mae,book-author,who-wrote-book
"Who wrote the book ""Fat Pig""?",Neil LaBute,book-author,who-wrote-book
"Who wrote the book ""The New New Rules: A Funny Look At How Everybody But Me Has Their Head Up Their Ass""?",Bill Maher,book-author,who-wrote-book
"Who is the author of the book ""Michael W. Smith - This Is Your Time""?",Michael W. Smith,book-author,author-of-book
"Who is the author of the book ""Doce mujeres extraordinarias: Cómo Dios formó a las mujeres de la Biblia y lo qué Él quiere hacer con usted""?",John F. MacArthur Jr.,book-author,author-of-book
"Who is the author of the book ""Ashenden, or The British Agent""?",W. Somerset Maugham,book-author,author-of-book
"Who is the author of the book ""The Soul of the Marionette: A Short Inquiry into Human Freedom""?",John Nicholas Gray,book-author,author-of-book
"Who is the author of the book ""Going Native""?",Stephen Wright,book-author,author-of-book
"Who is the author of the book ""An Enchanted Season""?",Erin McCarthy,book-author,author-of-book
"Who is the author of the book ""My Life as a Doormat""?",Rene Gutteridge,book-author,author-of-book
"Who wrote the book ""Fade to Black""?",Leslie A. Kelly,book-author,who-wrote-book
"Who is the author of the book ""Vaporwave Sixtyten""?",Rebecca McNutt,book-author,author-of-book
"Who is the author of the book ""The Boy in the Striped Pyjamas""?",John Boyne,book-author,author-of-book
"Who is the author of the book ""Love's Sacred Song""?",Mesu Andrews,book-author,author-of-book
"Who is the author of the book ""Crocodile on the Sandbank""?",Elizabeth Peters,book-author,author-of-book
"Who is the author of the book ""The Second Life of Nick Mason""?",Steve Hamilton,book-author,author-of-book
"Who is the author of the book ""The Next Person You Meet in Heaven""?",Mitch Albom,book-author,author-of-book
"Who is the author of the book ""The Last Hero""?",Terry Pratchett,book-author,author-of-book
"Who is the author of the book ""Lucy & Desi: The Legendary Love Story of Television's Most Famous Couple""?",Warren G. Harris,book-author,author-of-book
"Who wrote the book ""Grace Notes: Daily Readings with Philip Yancey""?",Philip Yancey,book-author,who-wrote-book
"Who is the author of the book ""Purple Cane Road""?",James Lee Burke,book-author,author-of-book
"Who wrote the book ""Reason in a Dark Time: Why the Struggle Against Climate Change Failed -- and What It Means for Our Future""?",Dale Jamieson,book-author,who-wrote-book
"Who wrote the book ""RatBurger""?",David Walliams,book-author,who-wrote-book
"Who is the author of the book ""In the Morning I'll be Gone""?",Adrian McKinty,book-author,author-of-book
"Who is the author of the book ""The Complete Illustrated Novels of Sherlock Holmes: A Study in Scarlet, The Sign of the Four, The Hound of the Baskervilles & The Valley of Fear""?",Sir Arthur Conan Doyle,book-author,author-of-book
"Who is the author of the book ""School of the Spirit: Developing the Human Spirit""?",Roberts Liardon,book-author,author-of-book
"Who is the author of the book ""Star Wars: Scoundrels""?",Timothy Zahn,book-author,author-of-book
"Who is the author of the book ""The Changeling: 3""?",Jerry B. Jenkins,book-author,author-of-book
"Who wrote the book ""Thus Spoke Zarathustra: Color Illustrated, Formatted for E-Readers""?",Friedrich Wilhelm Nietzsche,book-author,who-wrote-book
"Who wrote the book ""Stilwell and the American Experience in China, 1911-45""?",Barbara W. Tuchman,book-author,who-wrote-book
"Who is the author of the book ""La ciudad ausente""?",Ricardo Piglia,book-author,author-of-book
"Who wrote the book ""The Book Charmer""?",Karen Hawkins,book-author,who-wrote-book
"Who is the author of the book ""Monsignor Quixote""?",Graham Greene,book-author,author-of-book
"Who is the author of the book ""100 People Who Are Screwing Up America:""?",Bernard Goldberg,book-author,author-of-book
"Who is the author of the book ""Chain Letter""?",Christopher Pike,book-author,author-of-book
"Who is the author of the book ""Insatiable, Book Two""?",J.D. Hawkins,book-author,author-of-book
"Who is the author of the book ""Northern Lights""?",Nora Roberts,book-author,author-of-book
"Who wrote the book ""A Tale for the Time Being""?",Ruth Ozeki,book-author,who-wrote-book
"Who is the author of the book ""Envy the Night""?",Michael Koryta,book-author,author-of-book
"Who is the author of the book ""What Do You Care What Other People Think?: Further Adventures of a Curious Character""?",Richard P. Feynman,book-author,author-of-book
"Who is the author of the book ""Retrato en sepia""?",Isabel Allende,book-author,author-of-book
"Who is the author of the book ""Brooklyn""?",Colm Tóibín,book-author,author-of-book
"Who is the author of the book ""Winter Moon""?",C.E. Murphy,book-author,author-of-book
"Who wrote the book ""Within a Budding Grove, Part 2""?",Marcel Proust,book-author,who-wrote-book
"Who wrote the book ""Splinter of the Mind's Eye""?",Alan Dean Foster,book-author,who-wrote-book
"Who is the author of the book ""How to Change Your Mind: What the New Science of Psychedelics Teaches Us About Consciousness, Dying, Addiction, Depression, and Transcendence""?",Michael Pollan,book-author,author-of-book
"Who wrote the book ""Phantastische Nacht Und 5 Andere Erz�hlungen""?",Stefan Zweig,book-author,who-wrote-book
"Who is the author of the book ""Living by Fiction""?",Annie Dillard,book-author,author-of-book
"Who wrote the book ""Isaac's Universe Volume One: The Diplomacy Guild""?",David Brin,book-author,who-wrote-book
"Who wrote the book ""Guns, Germs And Steel""?",Jared Diamond,book-author,who-wrote-book
"Who is the author of the book ""Fixing My Eyes on Jesus: Daily Moments in His Word""?",Anne Graham Lotz,book-author,author-of-book
"Who is the author of the book ""Lost Children Archive""?",Valeria Luiselli,book-author,author-of-book
"Who wrote the book ""Half Asleep in Frog Pajamas""?",Tom Robbins,book-author,who-wrote-book
"Who wrote the book ""Hobby""?",Jane Yolen,book-author,who-wrote-book
"Who is the author of the book ""The Unpunished Vice: A Life of Reading""?",Edmund White,book-author,author-of-book
"Who is the author of the book ""Let Nobody Turn Us Around: Voices on Resistance, Reform, and Renewal an African American Anthology""?",Martin Luther King Jr.,book-author,author-of-book
"Who wrote the book ""Everyday Blessings: 365 Days of Inspirational Thoughts""?",Max Lucado,book-author,who-wrote-book
"Who wrote the book ""Real Dissent: A Libertarian Sets Fire to the Index Card of Allowable Opinion""?",Thomas E. Woods Jr.,book-author,who-wrote-book
"Who wrote the book ""The Birth of Plenty: How the Prosperity of the Modern World was Created""?",William J. Bernstein,book-author,who-wrote-book
"Who is the author of the book ""La disparition/ Les revenentes et autres lipogrammes""?",Georges Perec,book-author,author-of-book
"Who wrote the book ""Stars of Fortune""?",Nora Roberts,book-author,who-wrote-book
"Who is the author of the book ""The Final Solution: A Story of Detection""?",Michael Chabon,book-author,author-of-book
"Who wrote the book ""Stigma: Notes on the Management of Spoiled Identity""?",Erving Goffman,book-author,who-wrote-book
"Who wrote the book ""The Ultimate Guide to Dorothy Dunnett's The Game of Kings""?",Laura Caine Ramsey,book-author,who-wrote-book
"Who is the author of the book ""The Little Book of Stupidity: How We Lie to Ourselves and Don't Believe Others""?",Sia Mohajer,book-author,author-of-book
"Who is the author of the book ""The Angels' Share""?",J.R. Ward,book-author,author-of-book
"Who is the author of the book ""Naming the Bones""?",Louise Welsh,book-author,author-of-book
"Who is the author of the book ""A Place for Weakness: Preparing Yourself for Suffering""?",Michael S. Horton,book-author,author-of-book
"Who is the author of the book ""My Several Worlds""?",Pearl S. Buck,book-author,author-of-book
"Who wrote the book ""The Winds of Marble Arch and Other Stories""?",Connie Willis,book-author,who-wrote-book
"Who is the author of the book ""Rules for Reasoning""?",Richard E. Nisbett,book-author,author-of-book
"Who wrote the book ""Faded Steel Heat""?",Glen Cook,book-author,who-wrote-book
"Who wrote the book ""Speedboat""?",Renata Adler,book-author,who-wrote-book
"Who wrote the book ""Brief einer Unbekannten""?",Stefan Zweig,book-author,who-wrote-book
"Who is the author of the book ""Lost Island""?",Barbara Newhall Follett,book-author,author-of-book
"Who wrote the book ""Atlantis Found""?",Clive Cussler,book-author,who-wrote-book
"Who wrote the book ""Behind the Scenes at the Museum""?",Kate Atkinson,book-author,who-wrote-book
"Who wrote the book ""Complete Tales and Poems""?",Edgar Allan Poe,book-author,who-wrote-book
"Who is the author of the book ""Dead Toad Scrolls""?",Kilroy J. Oldster,book-author,author-of-book
"Who wrote the book ""The Kingdom of God Is Within You: Revised Edition of Original Version""?",Leo Tolstoy,book-author,who-wrote-book
"Who wrote the book ""Fantasy in Death""?",J.D. Robb,book-author,who-wrote-book
"Who wrote the book ""The Cure at Troy: A Version of Sophocles' Philoctetes""?",Seamus Heaney,book-author,who-wrote-book
"Who wrote the book ""The Best of Wodehouse: An Anthology""?",P.G. Wodehouse,book-author,who-wrote-book
"Who is the author of the book ""Bilinmeyen Bir Kadının Mektubu - Olağanüstü Bir Gece""?",Stefan Zweig,book-author,author-of-book
"Who is the author of the book ""The Silver Age of Russian Culture: An Anthology""?",Boris Sadovskoy,book-author,author-of-book
"Who wrote the book ""In a Fertile Desert: Modern Writing from the United Arab Emirates""?",Denys Johnson-Davies,book-author,who-wrote-book
"Who is the author of the book ""The Smoke Thief""?",Shana Abe,book-author,author-of-book
"Who wrote the book ""Hag-Seed: The Tempest Retold""?",Margaret Atwood,book-author,who-wrote-book
"Who is the author of the book ""Paper Rose""?",Diana Palmer,book-author,author-of-book
"Who is the author of the book ""Rebel Rising""?",Beth Revis,book-author,author-of-book
"Who is the author of the book ""Chasing Brooklyn""?",Lisa Schroeder,book-author,author-of-book
"Who is the author of the book ""The Green Mile""?",Stephen King,book-author,author-of-book
"Who wrote the book ""A Far Cry from Kensington""?",Muriel Spark,book-author,who-wrote-book
"Who is the author of the book ""Word of Honor""?",Nelson DeMille,book-author,author-of-book
"Who wrote the book ""PRIMAL Origin""?",Jack Silkstone,book-author,who-wrote-book
"Who wrote the book ""Press Start to Play""?",Ernest Cline,book-author,who-wrote-book
"Who is the author of the book ""An American Family: The Baby with the Curious Markings""?",Harry Crews,book-author,author-of-book
"Who wrote the book ""72 Hour Hold""?",Bebe Moore Campbell,book-author,who-wrote-book
"Who wrote the book ""Caught""?",Harlan Coben,book-author,who-wrote-book
"Who is the author of the book ""Dreaming Spies""?",Laurie R. King,book-author,author-of-book
"Who wrote the book ""Covert Game""?",Christine Feehan,book-author,who-wrote-book
"Who is the author of the book ""Be Still and Know that You are NOT God: God is not ""in"" everyone and everything""?",Warren B. Smith,book-author,author-of-book
"Who is the author of the book ""Shamanic Astrology Handbook""?",Daniel Giamario,book-author,author-of-book
"Who wrote the book ""Naughty Neighbor""?",Janet Evanovich,book-author,who-wrote-book
"Who is the author of the book ""On Rue Tatin: Living and Cooking in a French Town""?",Susan Herrmann Loomis,book-author,author-of-book
"Who wrote the book ""Y: The Last Man - The Deluxe Edition Book Five""?",Brian K. Vaughan,book-author,who-wrote-book
"Who wrote the book ""The Serpentwar Saga: The Complete 4-Book Collection""?",Raymond E. Feist,book-author,who-wrote-book
"Who wrote the book ""Halo: Mortal Dictata""?",Karen Traviss,book-author,who-wrote-book
"Who wrote the book ""Brain Power: Improve Your Mind as You Age""?",Michael J. Gelb,book-author,who-wrote-book
"Who wrote the book ""House of Cards: The True Story of How a 26-Year-Old Fundamentalist Virgin Learned about Life, Love, and Sex by Writing Greeting Cards""?",David Ellis Dickerson,book-author,who-wrote-book
"Who is the author of the book ""My Last JDate""?",Esther Schor,book-author,author-of-book
"Who is the author of the book ""The Elements of Typographic Style""?",Robert Bringhurst,book-author,author-of-book
"Who wrote the book ""Черный лебедь""?",Nassim Nicholas Taleb,book-author,who-wrote-book
"Who is the author of the book ""Kafka Americana: Fiction""?",Jonathan Lethem,book-author,author-of-book
"Who wrote the book ""A Room of One's Own and Three Guineas""?",Virginia Woolf,book-author,who-wrote-book
"Who wrote the book ""Prometheus Rising""?",Robert Anton Wilson,book-author,who-wrote-book
"Who is the author of the book ""The Diary of Anais Nin Volume 1 1931-1934""?",Anaïs Nin,book-author,author-of-book
"Who wrote the book ""Mean Street""?",D.K. Herman,book-author,who-wrote-book
"Who wrote the book ""The Washington Connection & Third World Fascism""?",Noam Chomsky,book-author,who-wrote-book
"Who is the author of the book ""Alone in the Kitchen with an Eggplant : Confessions of Cooking for One and Dining Alone""?",Ann Patchett,book-author,author-of-book
"Who is the author of the book ""Bella Mafia""?",Lynda La Plante,book-author,author-of-book
"Who wrote the book ""Run with the Horses: The Quest for Life at Its Best""?",Eugene H. Peterson,book-author,who-wrote-book
"Who is the author of the book ""Set This House On Fire""?",William Styron,book-author,author-of-book
"Who is the author of the book ""In This House of Brede""?",Rumer Godden,book-author,author-of-book
"Who wrote the book ""Gathering Blue (The Giver Quartet)""?",Lois Lowry,book-author,who-wrote-book
"Who is the author of the book ""Theories of Relativity""?",Barbara Haworth-Attard,book-author,author-of-book
"Who wrote the book ""The Ladies' Room""?",Carolyn Brown,book-author,who-wrote-book
"Who wrote the book ""Egyedül""?",Laura Leiner,book-author,who-wrote-book
"Who is the author of the book ""A Creed In Stone Creek""?",Linda Lael Miller,book-author,author-of-book
"Who wrote the book ""No Free Left""?",Vijay Prashad,book-author,who-wrote-book
"Who wrote the book ""Dare To Be Creative!: A Lecture Presented At The Library Of Congress, November 16, 1983""?",Madeleine L'Engle,book-author,who-wrote-book
"Who wrote the book ""Getting Real""?",Jason Fried,book-author,who-wrote-book
"Who wrote the book ""Fire In You""?",Jennifer L. Armentrout,book-author,who-wrote-book
"Who wrote the book ""Ahab's Wife, or The Star-Gazer""?",Sena Jeter Naslund,book-author,who-wrote-book
"Who wrote the book ""The Christmas Shoes""?",Donna VanLiere,book-author,who-wrote-book
"Who is the author of the book ""I Ching Wisdom: More Guidance from the Book of Answers""?",Wu Wei,book-author,author-of-book
"Who is the author of the book ""Conspiracy Game""?",Christine Feehan,book-author,author-of-book
"Who wrote the book ""Hannah and Her Sisters""?",Woody Allen,book-author,who-wrote-book
"Who wrote the book ""Live To Tell""?",Lisa Gardner,book-author,who-wrote-book
"Who wrote the book ""Preacher's Fortune""?",William W. Johnstone,book-author,who-wrote-book
"Who wrote the book ""The Second Chair""?",John Lescroart,book-author,who-wrote-book
"Who is the author of the book ""The Word for World is Forest""?",Ursula K. Le Guin,book-author,author-of-book
"Who wrote the book ""The Prince and Betty""?",P.G. Wodehouse,book-author,who-wrote-book
"Who is the author of the book ""Mr. X""?",Peter Straub,book-author,author-of-book
"Who is the author of the book ""Mitch and Amy""?",Beverly Cleary,book-author,author-of-book
"Who is the author of the book ""Let the Great World Spin""?",Colum McCann,book-author,author-of-book
"Who wrote the book ""The Rise: Creativity, the Gift of Failure, and the Search for Mastery""?",Sarah Lewis,book-author,who-wrote-book
"Who wrote the book ""On the Move: A Life""?",Oliver Sacks,book-author,who-wrote-book
"Who wrote the book ""Perdido Street Station""?",China Miéville,book-author,who-wrote-book
"Who wrote the book ""God's Battalions: The Case for the Crusades""?",Rodney Stark,book-author,who-wrote-book
"Who is the author of the book ""Feathers from My Nest""?",Beth Moore,book-author,author-of-book
"Who is the author of the book ""In the Midst of Winter""?",Isabel Allende,book-author,author-of-book
"Who wrote the book ""Digital Fortress""?",Dan Brown,book-author,who-wrote-book
"Who is the author of the book ""1636: The Ottoman Onslaught""?",Eric Flint,book-author,author-of-book
"Who is the author of the book ""New Revelations:  A Conversation With God""?",Neale Donald Walsch,book-author,author-of-book
"Who is the author of the book ""Journey of Faith""?",Kristiana Gregory,book-author,author-of-book
"Who wrote the book ""The Story of Sir Launcelot and His Companions""?",Howard Pyle,book-author,who-wrote-book
"Who is the author of the book ""The Lazarus Effect: Pandora Sequence Book 3""?",Frank Herbert,book-author,author-of-book
"Who is the author of the book ""Project Princess""?",Meg Cabot,book-author,author-of-book
"Who is the author of the book ""Quantum Lens""?",Douglas E. Richards,book-author,author-of-book
"Who is the author of the book ""A Purple Place for Dying: A Travis McGee Novel""?",John D. MacDonald,book-author,author-of-book
"Who wrote the book ""Sunder""?",Tara Brown,book-author,who-wrote-book
"Who is the author of the book ""The History of Mr. Polly""?",H.G. Wells,book-author,author-of-book
"Who is the author of the book ""The Castle""?",Franz Kafka,book-author,author-of-book
"Who is the author of the book ""The Wounded Land""?",Stephen R. Donaldson,book-author,author-of-book
"Who is the author of the book ""Approaching Ali: A Reclamation in Three Acts""?",Davis Miller,book-author,author-of-book
"Who wrote the book ""Queer""?",William S. Burroughs,book-author,who-wrote-book
"Who wrote the book ""You Can Begin Again: No Matter What, It's Never Too Late""?",Joyce Meyer,book-author,who-wrote-book
"Who is the author of the book ""La dieta interior""?",Alexandre Havard,book-author,author-of-book
"Who is the author of the book ""Thunder in the Morning Calm""?",Don Brown,book-author,author-of-book
"Who wrote the book ""The Witch's Head""?",H. Rider Haggard,book-author,who-wrote-book
"Who is the author of the book ""Ultimate Magic""?",T.A. Barron,book-author,author-of-book
"Who is the author of the book ""A Touch of Minx""?",Suzanne Enoch,book-author,author-of-book
"Who wrote the book ""The Inconvenient Indian: A Curious Account of Native People in North America""?",Thomas King,book-author,who-wrote-book
"Who is the author of the book ""Palm Sunday: An Autobiographical Collage""?",Kurt Vonnegut,book-author,author-of-book
"Who wrote the book ""A Girl Named Zippy: Growing Up Small in Mooreland Indiana""?",Haven Kimmel,book-author,who-wrote-book
"Who wrote the book ""The Shape of a Pocket""?",John Berger,book-author,who-wrote-book
"Who is the author of the book ""Cleaving: A Story of Marriage, Meat, and Obsession""?",Julie Powell,book-author,author-of-book
"Who wrote the book ""The Second Sex""?",Simone de Beauvoir,book-author,who-wrote-book
"Who wrote the book ""The Girl Most Likely To...""?",Susan Donovan,book-author,who-wrote-book
"Who wrote the book ""The Death of Ivan Ilych""?",Leo Tolstoy,book-author,who-wrote-book
"Who wrote the book ""The Other Side""?",J.D. Robb,book-author,who-wrote-book
"Who is the author of the book ""Linchpin: Are You Indispensable?""?",Seth Godin,book-author,author-of-book
"Who wrote the book ""Gyn/Ecology: The Metaethics of Radical Feminism""?",Mary Daly,book-author,who-wrote-book
"Who is the author of the book ""The Jesus Incident""?",Frank Herbert,book-author,author-of-book
"Who wrote the book ""The Fellowship of the Ring""?",J. R. R. Tolkien,book-author,who-wrote-book
"Who is the author of the book ""A Coffin for Dimitrios""?",Eric Ambler,book-author,author-of-book
"Who wrote the book ""Letters Home""?",Sylvia Plath,book-author,who-wrote-book
"Who is the author of the book ""The Queen's Mistake""?",Diane Haeger,book-author,author-of-book
"Who is the author of the book ""Rule 34""?",Charles Stross,book-author,author-of-book
"Who wrote the book ""Shattered Rainbows""?",Mary Jo Putney,book-author,who-wrote-book
"Who is the author of the book ""A Dialogue""?",James Baldwin,book-author,author-of-book
"Who is the author of the book ""The Unicorn""?",Iris Murdoch,book-author,author-of-book
"Who wrote the book ""The Boy Next Door""?",Meg Cabot,book-author,who-wrote-book
"Who wrote the book ""Further Still: A Collection of Poetry and Vignettes""?",Beth Moore,book-author,who-wrote-book
"Who wrote the book ""Beauty Queens""?",Libba Bray,book-author,who-wrote-book
"Who is the author of the book ""Of Love and Other Demons""?",Gabriel García Márquez,book-author,author-of-book
"Who wrote the book ""Bryant & May and the Memory of Blood""?",Christopher Fowler,book-author,who-wrote-book
"Who wrote the book ""Darkly Dreaming Dexter""?",Jeff Lindsay,book-author,who-wrote-book
"Who is the author of the book ""The Modern Mind: An Intellectual History of the 20th Century""?",Peter Watson,book-author,author-of-book
"Who wrote the book ""The Toilers of the Sea""?",Victor Hugo,book-author,who-wrote-book
"Who wrote the book ""The Visitation""?",Frank E. Peretti,book-author,who-wrote-book
"Who wrote the book ""Tim Gunn's Fashion Bible: The Fascinating History of Everything in Your Closet""?",Tim Gunn,book-author,who-wrote-book
"Who wrote the book ""I Heart You, You Haunt Me""?",Lisa Schroeder,book-author,who-wrote-book
"Who wrote the book ""Sideswipe: A Hoke Moseley Novel""?",Charles Willeford,book-author,who-wrote-book
"Who wrote the book ""Religion for Atheists: A Non-Believer's Guide to the Uses of Religion""?",Alain de Botton,book-author,who-wrote-book
"Who is the author of the book ""Portuguese Irregular Verbs""?",Alexander McCall Smith,book-author,author-of-book
"Who wrote the book ""Wood Nymph Seeks Centaur: A Mythological Dating Guide""?",Francesca Lia Block,book-author,who-wrote-book
"Who is the author of the book ""La luz que no puedes ver""?",Anthony Doerr,book-author,author-of-book
"Who is the author of the book ""Truth vs. Falsehood: How To Tell the Difference""?",David R. Hawkins,book-author,author-of-book
"Who is the author of the book ""Sticletele""?",Donna Tartt,book-author,author-of-book
"Who is the author of the book ""Victory of Eagles""?",Naomi Novik,book-author,author-of-book
"Who is the author of the book ""The SF Collection""?",Richard K. Morgan,book-author,author-of-book
"Who wrote the book ""El Dorado: Further Adventures of the Scarlet Pimpernel""?",Emmuska Orczy,book-author,who-wrote-book
"Who is the author of the book ""Fruits Basket, Vol. 4""?",Natsuki Takaya,book-author,author-of-book
"Who wrote the book ""L'ultima riga delle favole""?",Massimo Gramellini,book-author,who-wrote-book
"Who wrote the book ""Suffering Is Optional: Three Keys to Freedom and Joy""?",Cheri Huber,book-author,who-wrote-book
"Who is the author of the book ""We Are As Gods: Back to the Land in the 1970s on the Quest for a New America""?",Kate Daloz,book-author,author-of-book
"Who is the author of the book ""The Horse You Came in On""?",Martha Grimes,book-author,author-of-book
"Who is the author of the book ""The Counselor: A Screenplay""?",Cormac McCarthy,book-author,author-of-book
"Who is the author of the book ""The Shark""?",Mary Burton,book-author,author-of-book
"Who is the author of the book ""A Stab in the Dark""?",Lawrence Block,book-author,author-of-book
"Who is the author of the book ""My Secret Garden""?",Nancy Friday,book-author,author-of-book
"Who is the author of the book ""White Man's Justice, Black Man's Grief""?",Donald Goines,book-author,author-of-book
"Who is the author of the book ""Eternal Love: The Immortal Witch Series""?",Maggie Shayne,book-author,author-of-book
"Who wrote the book ""Survivor""?",Chuck Palahniuk,book-author,who-wrote-book
"Who wrote the book ""Weniger als nichts - Hegel und der Schatten des dialektischen Materialismus""?",Slavoj Žižek,book-author,who-wrote-book
"Who wrote the book ""Daisy Fay And The Miracle Man""?",Fannie Flagg,book-author,who-wrote-book
"Who is the author of the book ""TRANCE Formation of America: True life story of a mind control slave""?",Cathy O'Brien,book-author,author-of-book
"Who wrote the book ""Studies in Pessimism: The Essays""?",Arthur Schopenhauer,book-author,who-wrote-book
"Who is the author of the book ""Retreat, Hell!""?",W.E.B. Griffin,book-author,author-of-book
"Who is the author of the book ""Slacker""?",Gordon Korman,book-author,author-of-book
"Who is the author of the book ""From Heaven He Came and Sought Her: Definite Atonement in Historical, Biblical, Theological, and Pastoral Perspective""?",John Piper,book-author,author-of-book
"Who wrote the book ""Not My Blood""?",Barbara Cleverly,book-author,who-wrote-book
"Who is the author of the book ""Hidden Summit""?",Robyn Carr,book-author,author-of-book
"Who is the author of the book ""A Slip of the Keyboard: Collected Nonfiction""?",Terry Pratchett,book-author,author-of-book
"Who is the author of the book ""The MacArthur New Testament Commentary Set of 30 volumes""?",John F. MacArthur Jr.,book-author,author-of-book
"Who wrote the book ""Dead Men's Boots""?",Mike Carey,book-author,who-wrote-book
"Who is the author of the book ""The Autobiography of a Yogi""?",Paramahansa Yogananda,book-author,author-of-book
"Who is the author of the book ""Heartbroken""?",Lisa Unger,book-author,author-of-book
"Who wrote the book ""What's The Worst That Could Happen?""?",Donald E. Westlake,book-author,who-wrote-book
"Who is the author of the book ""Machine Man""?",Max Barry,book-author,author-of-book
"Who is the author of the book ""Theories Of Relativity""?",Barbara Haworth-Attard,book-author,author-of-book
"Who wrote the book ""Wicked Pleasure""?",Lora Leigh,book-author,who-wrote-book
"Who wrote the book ""The Thames River Murders""?",Ashley Gardner,book-author,who-wrote-book
"Who is the author of the book ""The Mongoliad""?",Neal Stephenson,book-author,author-of-book
"Who is the author of the book ""Poems, 1923-1954""?",E.E. Cummings,book-author,author-of-book
"Who wrote the book ""Cinnamon Skin: A Travis McGee Novel""?",John D. MacDonald,book-author,who-wrote-book
"Who is the author of the book ""دين الفطرة""?",Jean-Jacques Rousseau,book-author,author-of-book
"Who is the author of the book ""The Colonels""?",W.E.B. Griffin,book-author,author-of-book
"Who is the author of the book ""1812: The Rivers of War""?",Eric Flint,book-author,author-of-book
"Who wrote the book ""Summer of the Monkeys""?",Wilson Rawls,book-author,who-wrote-book
"Who wrote the book ""The Housing Boom and Bust""?",Thomas Sowell,book-author,who-wrote-book
"Who wrote the book ""All But Alice""?",Phyllis Reynolds Naylor,book-author,who-wrote-book
"Who wrote the book ""Beyond Black""?",Hilary Mantel,book-author,who-wrote-book
"Who is the author of the book ""Just Send Me Word: A True Story of Love and Survival in the Gulag""?",Orlando Figes,book-author,author-of-book
"Who is the author of the book ""Keep Smiling Through""?",Ann Rinaldi,book-author,author-of-book
"Who is the author of the book ""Windhaven""?",George R.R. Martin,book-author,author-of-book
"Who is the author of the book ""Star Wars: Thrawn""?",Timothy Zahn,book-author,author-of-book
"Who wrote the book ""Neither Here, Nor There: Travels in Europe""?",Bill Bryson,book-author,who-wrote-book
"Who wrote the book ""My Perfect Life""?",Lynda Barry,book-author,who-wrote-book
"Who wrote the book ""The Lotus Eater""?",W. Somerset Maugham,book-author,who-wrote-book
"Who is the author of the book ""Dawn and the Surfer Ghost""?",Ann M. Martin,book-author,author-of-book
"Who is the author of the book ""Screw It, Let's Do It: Lessons In Life""?",Richard Branson,book-author,author-of-book
"Who wrote the book ""A House Full of Females: Plural Marriage and Women's Rights in Early Mormonism, 1835-1870""?",Laurel Thatcher Ulrich,book-author,who-wrote-book
"Who wrote the book ""Poems New and Collected""?",Wisława Szymborska,book-author,who-wrote-book
"Who is the author of the book ""Media Control: The Spectacular Achievements of Propaganda""?",Noam Chomsky,book-author,author-of-book
"Who is the author of the book ""Because of Miss Bridgerton""?",Julia Quinn,book-author,author-of-book
"Who wrote the book ""Crabwalk""?",Günter Grass,book-author,who-wrote-book
"Who wrote the book ""Trailerpark""?",Russell Banks,book-author,who-wrote-book
"Who wrote the book ""Sinbad""?",Kurt Vonnegut Jr.,book-author,who-wrote-book
"Who is the author of the book ""Red Doc>""?",Anne Carson,book-author,author-of-book
"Who wrote the book ""The Husserl Dictionary""?",Dermot Moran,book-author,who-wrote-book
"Who wrote the book ""An Old Fashioned Girl""?",Louisa May Alcott,book-author,who-wrote-book
"Who is the author of the book ""The Diary of Anaïs Nin, Vol. 7: 1966-1974""?",Anaïs Nin,book-author,author-of-book
"Who wrote the book ""How to Feel Confident: Simple Tools for Instant Success""?",Leil Lowndes,book-author,who-wrote-book
"Who is the author of the book ""The Dying Grass: A Novel of the Nez Perce War""?",William T. Vollmann,book-author,author-of-book
"Who is the author of the book ""Far & Away: Reporting from the Brink of Change: Seven Continents, Twenty-Five Years""?",Andrew Solomon,book-author,author-of-book
"Who is the author of the book ""Practical Theology: Spiritual Direction from St. Thomas Aquinas""?",Peter Kreeft,book-author,author-of-book
"Who is the author of the book ""Stay with Me""?",Jennifer L. Armentrout,book-author,author-of-book
"Who wrote the book ""The Basic Kafka""?",Franz Kafka,book-author,who-wrote-book
"Who is the author of the book ""Heartbeat""?",Danielle Steel,book-author,author-of-book
"Who is the author of the book ""The Glimpses of the Moon""?",Edith Wharton,book-author,author-of-book
"Who is the author of the book ""Five Go to Smuggler's Top""?",Enid Blyton,book-author,author-of-book
"Who is the author of the book ""The Idaho Affairs""?",Bobby Underwood,book-author,author-of-book
"Who is the author of the book ""L. M. MONTGOMERY – Ultimate Collection: 20 Novels & 170+ Short Stories, Poetry, Letters and Autobiography (Including The Complete Anne of Green Gables ... Kilmeny of the Orchard and many more""?",L.M. Montgomery,book-author,author-of-book
"Who wrote the book ""March""?",Geraldine Brooks,book-author,who-wrote-book
"Who is the author of the book ""Careless Love""?",Peter Robinson,book-author,author-of-book
"Who is the author of the book ""Jeeves and the Feudal Spirit""?",P.G. Wodehouse,book-author,author-of-book
"Who is the author of the book ""Prayers for the Assassin""?",Robert Ferrigno,book-author,author-of-book
"Who wrote the book ""Eugene Onegin, Vol. II""?",Vladimir Nabokov,book-author,who-wrote-book
"Who is the author of the book ""Five Little Peppers and How They Grew""?",Margaret Sidney,book-author,author-of-book
"Who wrote the book ""Rumors of Another World: What on Earth Are We Missing?""?",Philip Yancey,book-author,who-wrote-book
"Who wrote the book ""Sanctuary""?",Brenda Novak,book-author,who-wrote-book
"Who is the author of the book ""Death Star""?",Michael Reaves and Steve Perry,book-author,author-of-book
"Who wrote the book ""The Prize""?",Julie Garwood,book-author,who-wrote-book
"Who wrote the book ""You Can Do It--Even if Others Say You Can't""?",John Mason,book-author,who-wrote-book
"Who is the author of the book ""The Thirteenth Tale""?",Diane Setterfield,book-author,author-of-book
"Who wrote the book ""Everlasting""?",Angie Frazier,book-author,who-wrote-book
"Who wrote the book ""Isaac Asimov's Science Fiction Magazine, February 1980""?",George H. Scithers,book-author,who-wrote-book
"Who is the author of the book ""Mirrors: Stories of Almost Everyone""?",Eduardo Galeano,book-author,author-of-book
"Who is the author of the book ""The Little Book of Talent: 52 Tips for Improving Your Skills""?",Daniel Coyle,book-author,author-of-book
"Who wrote the book ""Mom & Me & Mom""?",Maya Angelou,book-author,who-wrote-book
"Who wrote the book ""The Red Circle: My Life in the Navy SEAL Sniper Corps and How I Trained America's Deadliest Marksmen""?",Brandon Webb,book-author,who-wrote-book
"Who is the author of the book ""The Penny-a-Worder""?",Cornell Woolrich,book-author,author-of-book
"Who wrote the book ""Brother Odd""?",Dean Koontz,book-author,who-wrote-book
"Who is the author of the book ""Mutants: On Genetic Variety and the Human Body""?",Armand Marie Leroi,book-author,author-of-book
"Who is the author of the book ""¿Controla Dios todas Las Cosas?""?",R.C. Sproul,book-author,author-of-book
"Who wrote the book ""When to Rob a Bank: A Rogue Economist's Guide to the World""?",Steven D. Levitt,book-author,who-wrote-book
"Who is the author of the book ""Unfiltered Thought: A Political Philosophy""?",Slavoj Žižek,book-author,author-of-book
"Who wrote the book ""Bad Behavior""?",Mary Gaitskill,book-author,who-wrote-book
"Who is the author of the book ""Collected Poems, 1909-1962""?",T. S. Eliot,book-author,author-of-book
"Who wrote the book ""Love Quotes""?",Delano Johnson,book-author,who-wrote-book
"Who is the author of the book ""La fiesta del Chivo""?",Mario Vargas Llosa,book-author,author-of-book
"Who wrote the book ""The Quotable Anais Nin: 365 Quotations with Citations""?",Anaïs Nin,book-author,who-wrote-book
"Who is the author of the book ""The Book of Disquiet: The Complete Edition""?",Fernando Pessoa,book-author,author-of-book
"Who is the author of the book ""The Stepford Wives""?",Chuck Palahniuk,book-author,author-of-book
"Who wrote the book ""The White Company""?",Arthur Conan Doyle,book-author,who-wrote-book
"Who wrote the book ""Hands Free Mama: A Guide to Putting Down the Phone, Burning the To-Do List, and Letting Go of Perfection to Grasp What Really Matters!""?",Rachel Macy Stafford,book-author,who-wrote-book
"Who wrote the book ""James""?",Chris A. Vlachos,book-author,who-wrote-book
"Who is the author of the book ""The Friends We Keep""?",Susan Mallery,book-author,author-of-book
"Who wrote the book ""Hombres y engranajes / Heterodoxia""?",Ernesto Sabato,book-author,who-wrote-book
"Who is the author of the book ""Brand New Justice: How Branding Places and Products Can Help the Developing World""?",Simon Anholt,book-author,author-of-book
"Who wrote the book ""Undone""?",Karin Slaughter,book-author,who-wrote-book
"Who wrote the book ""The Mind-Body Problem""?",Rebecca Goldstein,book-author,who-wrote-book
"Who wrote the book ""The Politically Incorrect Guide to Islam""?",Robert Spencer,book-author,who-wrote-book
"Who wrote the book ""Bloodsport""?",Matt Braun,book-author,who-wrote-book
"Who is the author of the book ""Eight Ways to Keep the Devil Under Your Feet""?",Joyce Meyer,book-author,author-of-book
"Who is the author of the book ""El ingenioso hidalgo don Quijote de la Mancha""?",Miguel de Cervantes Saavedra,book-author,author-of-book
"Who wrote the book ""The Grand Sophy""?",Georgette Heyer,book-author,who-wrote-book
"Who is the author of the book ""This Rake of Mine""?",Elizabeth Boyle,book-author,author-of-book
"Who is the author of the book ""Los hijos de los días""?",Eduardo Galeano,book-author,author-of-book
"Who is the author of the book ""Green Shadows, White Whale: A Novel of Ray Bradbury's Adventures Making Moby Dick with John Huston in Ireland""?",Ray Bradbury,book-author,author-of-book
"Who wrote the book ""Ancient Evenings""?",Norman Mailer,book-author,who-wrote-book
"Who wrote the book ""Dark Legend""?",Christine Feehan,book-author,who-wrote-book
"Who is the author of the book ""Great Tales of Terror and the Supernatural""?",H.G. Wells,book-author,author-of-book
"Who is the author of the book ""The Forgery of Venus""?",Michael Gruber,book-author,author-of-book
"Who is the author of the book ""The Atlantis Complex""?",Eoin Colfer,book-author,author-of-book
"Who wrote the book ""The In Death Collection: Books 6-10""?",J.D. Robb,book-author,who-wrote-book
"Who is the author of the book ""Pecked To Death By Ducks""?",Tim Cahill,book-author,author-of-book
"Who wrote the book ""The Practice of Saying No: A HarperOne Select""?",Barbara Brown Taylor,book-author,who-wrote-book
"Who is the author of the book ""Complexity: A Guided Tour""?",Melanie Mitchell,book-author,author-of-book
"Who is the author of the book ""Children of the Albatross""?",Anaïs Nin,book-author,author-of-book
"Who wrote the book ""THE CUSTOM OF THE COUNTRY""?",Edith Wharton,book-author,who-wrote-book
"Who is the author of the book ""Maigret and the Headless Corpse""?",Georges Simenon,book-author,author-of-book
"Who wrote the book ""Gertrude""?",Hermann Hesse,book-author,who-wrote-book
"Who is the author of the book ""In the Heart of Darkness""?",Eric Flint,book-author,author-of-book
"Who is the author of the book ""The Collected Stories 1""?",H.P. Lovecraft,book-author,author-of-book
"Who wrote the book ""The Luck of the Bodkins""?",P.G. Wodehouse,book-author,who-wrote-book
"Who wrote the book ""Yo no vengo a decir un discurso""?",Gabriel Garcí­a Márquez,book-author,who-wrote-book
"Who is the author of the book ""The Fear Institute""?",Jonathan L. Howard,book-author,author-of-book
"Who wrote the book ""Writings to Young Women from Laura Ingalls Wilder: On Wisdom and Virtues""?",Laura Ingalls Wilder,book-author,who-wrote-book
"Who is the author of the book ""Not Quite What I Was Planning: Six-Word Memoirs by Writers Famous and Obscure""?",Larry Smith,book-author,author-of-book
"Who is the author of the book ""Lady of Conquest""?",Teresa Medeiros,book-author,author-of-book
"Who wrote the book ""The Lost Sisters""?",Holly Black,book-author,who-wrote-book
"Who wrote the book ""A Clean Well Lighted Place""?",Ernest Hemingway,book-author,who-wrote-book
"Who is the author of the book ""Quotations from Chairman Mao Tse-Tung""?",Mao Zedong,book-author,author-of-book
"Who is the author of the book ""Two Cheers for Democracy""?",E. M. Forster,book-author,author-of-book
"Who is the author of the book ""A Rising Thunder""?",David Weber,book-author,author-of-book
"Who is the author of the book ""Templar Silks""?",Elizabeth Chadwick,book-author,author-of-book
"Who is the author of the book ""Summer Desserts""?",Nora Roberts,book-author,author-of-book
"Who is the author of the book ""Appreciations and Criticisms of the Works of Charles Dickens""?",G.K. Chesterton,book-author,author-of-book
"Who wrote the book ""Boomsday""?",Christopher Buckley,book-author,who-wrote-book
"Who is the author of the book ""Hero at Large""?",Janet Evanovich,book-author,author-of-book
"Who is the author of the book ""An Experiment in Love""?",Hilary Mantel,book-author,author-of-book
"Who wrote the book ""Death In Troy""?",Bilge Karasu,book-author,who-wrote-book
"Who is the author of the book ""Somewhere in My Mind There Is a Painting Box""?",Charles de Lint,book-author,author-of-book
"Who is the author of the book ""The Girl Who Was Saturday Night""?",Heather O'Neill,book-author,author-of-book
"Who wrote the book ""Getting Married""?",George Bernard Shaw,book-author,who-wrote-book
"Who wrote the book ""The Medusa Frequency""?",Russell Hoban,book-author,who-wrote-book
"Who is the author of the book ""For Love of Eli""?",Loree Lough,book-author,author-of-book
"Who wrote the book ""The Mad, Bad Duke""?",Jennifer Ashley,book-author,who-wrote-book
"Who is the author of the book ""Bringing Down the House: The Inside Story of Six M.I.T. Students Who Took Vegas for Millions""?",Ben Mezrich,book-author,author-of-book
"Who is the author of the book ""Healing the Heart of Democracy: The Courage to Create a Politics Worthy of the Human Spirit""?",Parker J. Palmer,book-author,author-of-book
"Who is the author of the book ""George's Marvellous Medicine""?",Roald Dahl,book-author,author-of-book
"Who wrote the book ""A Sight for Sore Eyes""?",Ruth Rendell,book-author,who-wrote-book
"Who wrote the book ""Echoes of Honor""?",David Weber,book-author,who-wrote-book
"Who is the author of the book ""You Should Come With Me Now: Stories of Ghosts""?",M. John Harrison,book-author,author-of-book
"Who wrote the book ""Crossing to Paradise""?",Kevin Crossley-Holland,book-author,who-wrote-book
"Who wrote the book ""Quidditch Through the Ages""?",J.K. Rowling,book-author,who-wrote-book
"Who is the author of the book ""The Eternal Enemy""?",Christopher Pike,book-author,author-of-book
"Who is the author of the book ""The Kingdom of God Is Within You""?",Leo Tolstoy,book-author,author-of-book
"Who is the author of the book ""The Lurking Fear""?",H.P. Lovecraft,book-author,author-of-book
"Who is the author of the book ""Night and Day""?",Tom Stoppard,book-author,author-of-book
"Who wrote the book ""Chitty Chitty Bang Bang""?",Ian Fleming,book-author,who-wrote-book
"Who is the author of the book ""Free Play: Improvisation in Life and Art""?",Stephen Nachmanovitch,book-author,author-of-book
"Who is the author of the book ""Echoes in the Darkness""?",Joseph Wambaugh,book-author,author-of-book
"Who is the author of the book ""Changing Tracks""?",Sarah Cass,book-author,author-of-book
"Who is the author of the book ""The Ethics of Identity""?",Kwame Anthony Appiah,book-author,author-of-book
"Who is the author of the book ""A Very Easy Death""?",Simone de Beauvoir,book-author,author-of-book
"Who is the author of the book ""Mark of Evil""?",Tim LaHaye,book-author,author-of-book
"Who is the author of the book ""The Prairie""?",James Fenimore Cooper,book-author,author-of-book
"Who is the author of the book ""Complete Poems, 1904-1962""?",E. E. Cummings,book-author,author-of-book
"Who wrote the book ""Difficult Women""?",Roxane Gay,book-author,who-wrote-book
"Who is the author of the book ""Best Friends, Occasional Enemies: The Lighter Side of Life as a Mother and Daughter""?",Lisa Scottoline,book-author,author-of-book
"Who is the author of the book ""We Were Soldiers Once . . . and Young: Ia Drang-The Battle That Changed the War in Vietnam""?",Harold G. Moore,book-author,author-of-book
"Who wrote the book ""The Shark-Infested Custard""?",Charles Willeford,book-author,who-wrote-book
"Who wrote the book ""The Weird of the White Wolf""?",Michael Moorcock,book-author,who-wrote-book
"Who wrote the book ""Dangerous Pleasure""?",Lora Leigh,book-author,who-wrote-book
"Who is the author of the book ""Zero to One: Notes on Start Ups, or How to Build the Future""?",Peter Thiel,book-author,author-of-book
"Who is the author of the book ""Designed for Disaster""?",Carolyn Keene,book-author,author-of-book
"Who is the author of the book ""ReWork: Change the Way You Work Forever""?",Jason Fried,book-author,author-of-book
"Who is the author of the book ""Theft by Finding: Diaries 1977-2002""?",David Sedaris,book-author,author-of-book
"Who wrote the book ""Caucasia""?",Danzy Senna,book-author,who-wrote-book
"Who wrote the book ""A Lady's Guide to Improper Behavior""?",Suzanne Enoch,book-author,who-wrote-book
"Who wrote the book ""The Last Lion: Winston Spencer Churchill, Volume I: Visions of Glory 1874-1932""?",William Manchester,book-author,who-wrote-book
"Who wrote the book ""The Psalms and the Life of Faith""?",Walter Brueggemann,book-author,who-wrote-book
"Who wrote the book ""The Prince of Tides""?",Pat Conroy,book-author,who-wrote-book
"Who wrote the book ""At even one penny, this book would be overpriced. In fact, free is too expensive, because you'd still waste time by reading it.""?",Jarod Kintz,book-author,who-wrote-book
"Who wrote the book ""Time and the Tilting Earth""?",Miller Williams,book-author,who-wrote-book
"Who is the author of the book ""The Shame of the Nation: The Restoration of Apartheid Schooling in America""?",Jonathan Kozol,book-author,author-of-book
"Who wrote the book ""The Meaning of Life""?",Terry Eagleton,book-author,who-wrote-book
"Who is the author of the book ""Option B: Facing Adversity, Building Resilience, and Finding Joy""?",Sheryl Sandberg,book-author,author-of-book
"Who is the author of the book ""Psychological Types""?",C.G. Jung,book-author,author-of-book
"Who wrote the book ""Forced Entries- The Downtown Diaries: 1971-1973""?",Jim Carroll,book-author,who-wrote-book
"Who wrote the book ""The Days of Anna Madrigal""?",Armistead Maupin,book-author,who-wrote-book
"Who is the author of the book ""Welcome to the Great Mysterious""?",Lorna Landvik,book-author,author-of-book
"Who wrote the book ""Star Wars: Republic Commando: Triple Zero""?",Karen Traviss,book-author,who-wrote-book
"Who is the author of the book ""The Robot MEGAPACK®: 19 Gear-Grinding Robot Stories!""?",Fritz Leiber,book-author,author-of-book
"Who is the author of the book ""Pawn of Prophecy""?",David Eddings,book-author,author-of-book
"Who wrote the book ""The Butterfly""?",James M. Cain,book-author,who-wrote-book
"Who is the author of the book ""White Noise: Text and Criticism""?",Don DeLillo,book-author,author-of-book
"Who is the author of the book ""Arrow in the Blue""?",Arthur Koestler,book-author,author-of-book
"Who wrote the book ""The Story Girl""?",L.M. Montgomery,book-author,who-wrote-book
"Who is the author of the book ""Living the Proverbs: Insights for the Daily Grind""?",Charles R. Swindoll,book-author,author-of-book
"Who is the author of the book ""The Pagan Lord""?",Bernard Cornwell,book-author,author-of-book
"Who wrote the book ""Broken Moon""?",Sarah Beth Moore,book-author,who-wrote-book
"Who wrote the book ""Surely You're Joking, Mr. Feynman!  Adventures of a Curious Character""?",Richard Feynman,book-author,who-wrote-book
"Who is the author of the book ""Galatians MacArthur New Testament Commentary""?",John F. MacArthur Jr.,book-author,author-of-book
"Who wrote the book ""Our Father""?",Marilyn French,book-author,who-wrote-book
"Who is the author of the book ""The Mirror Crack'd from Side to Side""?",Agatha Christie,book-author,author-of-book
"Who is the author of the book ""Castle of Days""?",Gene Wolfe,book-author,author-of-book
"Who wrote the book ""Heavy Weather""?",P.G. Wodehouse,book-author,who-wrote-book
"Who wrote the book ""Don't Feed the Monkey Mind: How to Stop the Cycle of Anxiety, Fear, and Worry""?",Jennifer Shannon,book-author,who-wrote-book
"Who is the author of the book ""Last Days of Summer""?",Steve Kluger,book-author,author-of-book
"Who is the author of the book ""Addicted to You""?",Becca Ritchie,book-author,author-of-book
"Who is the author of the book ""Oblivion""?",David Foster Wallace,book-author,author-of-book
"Who is the author of the book ""Homeward Bound""?",James Fenimore Cooper,book-author,author-of-book
"Who is the author of the book ""Edward And God""?",Milan Kundera,book-author,author-of-book
"Who wrote the book ""Pippi Longstocking""?",Astrid Lindgren,book-author,who-wrote-book
"Who is the author of the book ""Big Girls Don't Cry""?",Brenda Novak,book-author,author-of-book
"Who is the author of the book ""Sleep""?",Haruki Murakami,book-author,author-of-book
"Who wrote the book ""Pleasing People: How not to be an ""approval junkie""?",Lou Priolo,book-author,who-wrote-book
"Who wrote the book ""The Lady Elizabeth""?",Alison Weir,book-author,who-wrote-book
"Who is the author of the book ""The Tenant Of Wildfell Hall""?",Anne Brontë,book-author,author-of-book
"Who is the author of the book ""The Premature Burial""?",Edgar Allan Poe,book-author,author-of-book
"Who wrote the book ""Darkest Hour""?",Meg Cabot,book-author,who-wrote-book
"Who is the author of the book ""Girlfriend in a Coma""?",Douglas Coupland,book-author,author-of-book
"Who is the author of the book ""Rabbit, Run""?",John Updike,book-author,author-of-book
"Who is the author of the book ""Four to Score""?",Janet Evanovich,book-author,author-of-book
"Who is the author of the book ""Stark""?",Ben Elton,book-author,author-of-book
"Who is the author of the book ""Growth Hacker Marketing""?",Ryan Holiday,book-author,author-of-book
"Who is the author of the book ""Smith Wigglesworth On The Holy Spirit""?",Smith Wigglesworth,book-author,author-of-book
"Who is the author of the book ""Something Under the Bed is Drooling""?",Bill Watterson,book-author,author-of-book
"Who is the author of the book ""The Letters, 1830-1880""?",Gustave Flaubert,book-author,author-of-book
"Who wrote the book ""Good-Bye, Chunky Rice""?",Craig Thompson,book-author,who-wrote-book
"Who is the author of the book ""Pagan Christianity?: Exploring the Roots of Our Church Practices""?",Frank Viola,book-author,author-of-book
"Who is the author of the book ""Arrow's Fall""?",Mercedes Lackey,book-author,author-of-book
"Who wrote the book ""G.K. Chesterton: A Biography""?",Ian Ker,book-author,who-wrote-book
"Who wrote the book ""Codes, Ciphers and Secret Writing""?",Martin Gardner,book-author,who-wrote-book
"Who is the author of the book ""Dead Ever After""?",Charlaine Harris,book-author,author-of-book
"Who is the author of the book ""The Sphinx of the Charles: A Year at Harvard with Harry Parker""?",Toby Ayer,book-author,author-of-book
"Who is the author of the book ""I Was a Teenage Fairy""?",Francesca Lia Block,book-author,author-of-book
"Who is the author of the book ""A Pattern of Lies""?",Charles Todd,book-author,author-of-book
"Who is the author of the book ""The Princess Bride Screenplay""?",William Goldman,book-author,author-of-book
"Who wrote the book ""Secrets of the World's Best-Selling Writer: The Storytelling Techniques of Erle Stanley Gardner""?",Francis L. Fugate,book-author,who-wrote-book
"Who is the author of the book ""Another Chance""?",Diane Adams,book-author,author-of-book
"Who wrote the book ""Why Quantum Physicists Do Not Fail""?",Greg Kuhn,book-author,who-wrote-book
"Who wrote the book ""Young Goodman Brown""?",Nathaniel Hawthorne,book-author,who-wrote-book
"Who is the author of the book ""The Adventures of Sherlock Holmes - Illustrated""?",Sir Arthur Conan Doyle,book-author,author-of-book
"Who is the author of the book ""The Art of Maurice Sendak: 1980 to Present""?",Maurice Sendak,book-author,author-of-book
"Who is the author of the book ""The Village by the Sea""?",Anita Desai,book-author,author-of-book
"Who wrote the book ""What's Best Next: How the Gospel Transforms the Way You Get Things Done""?",Matt Perman,book-author,who-wrote-book
"Who is the author of the book ""How Propaganda Works""?",Jason Stanley,book-author,author-of-book
"Who is the author of the book ""Starship Troopers""?",Robert A. Heinlein,book-author,author-of-book
"Who wrote the book ""Odd Thomas""?",Dean Koontz,book-author,who-wrote-book
"Who wrote the book ""The Best of Richard Matheson""?",Richard Matheson,book-author,who-wrote-book
"Who wrote the book ""Fortune's Fool""?",Mercedes Lackey,book-author,who-wrote-book
"Who wrote the book ""Anxious for Nothing: Finding Calm in a Chaotic World: Study Guide with DVD""?",Max Lucado,book-author,who-wrote-book
"Who wrote the book ""The Last Threshold""?",R.A. Salvatore,book-author,who-wrote-book
"Who is the author of the book ""The Wasp Factory""?",Iain Banks,book-author,author-of-book
"Who wrote the book ""Creature Teacher""?",R.L. Stine,book-author,who-wrote-book
"Who is the author of the book ""Who Will Cry When You Die?""?",Robin S. Sharma,book-author,author-of-book
"Who wrote the book ""Haunting Violet""?",Alyxandra Harvey,book-author,who-wrote-book
"Who is the author of the book ""Cast in Peril""?",Michelle Sagara,book-author,author-of-book
"Who is the author of the book ""The Girl Who Invented Romance""?",Caroline B. Cooney,book-author,author-of-book
"Who wrote the book ""Summer of My Amazing Luck""?",Miriam Toews,book-author,who-wrote-book
"Who wrote the book ""Metrophage: A Novel""?",Richard Kadrey,book-author,who-wrote-book
"Who wrote the book ""Spontaneous Healing""?",Andrew Weil,book-author,who-wrote-book
"Who is the author of the book ""Daily Readings with St. Augustine""?",Augustine of Hippo,book-author,author-of-book
"Who is the author of the book ""A Second Helping: A Blessings Novel""?",Beverly Jenkins,book-author,author-of-book
"Who is the author of the book ""The Invisible Man""?",H G Wells,book-author,author-of-book
"Who wrote the book ""Scandalous Desires""?",Elizabeth Hoyt,book-author,who-wrote-book
"Who is the author of the book ""The Secret of the Old Clock""?",Carolyn Keene,book-author,author-of-book
"Who wrote the book ""A Chain of Thunder""?",Jeff Shaara,book-author,who-wrote-book
"Who wrote the book ""Life and Death in Shanghai""?",Nien Cheng,book-author,who-wrote-book
"Who is the author of the book ""Double Cross: The True Story of the D-Day Spies""?",Ben Macintyre,book-author,author-of-book
"Who is the author of the book ""Black Rights/White Wrongs: The Critique of Racial Liberalism""?",Charles W. Mills,book-author,author-of-book
"Who is the author of the book ""Typee: A Peep at Polynesian Life""?",Herman Melville,book-author,author-of-book
"Who wrote the book ""The MacKade Brothers: Devin and Shane""?",Nora Roberts,book-author,who-wrote-book
"Who is the author of the book ""Beastly Things""?",Donna Leon,book-author,author-of-book
"Who is the author of the book ""The Swords of Night and Day (Drenai Tales, #11)""?",David Gemmell,book-author,author-of-book
"Who wrote the book ""For Richer, For Poorer: A Love Affair with Poker""?",Victoria Coren,book-author,who-wrote-book
"Who wrote the book ""Four Friends""?",Robyn Carr,book-author,who-wrote-book
"Who is the author of the book ""When Genius Failed: The Rise and Fall of Long-Term Capital Management""?",Roger Lowenstein,book-author,author-of-book
"Who is the author of the book ""A Failure of Nerve: Leadership in the Age of the Quick Fix""?",Edwin H. Friedman,book-author,author-of-book
"Who wrote the book ""El Llano en llamas""?",Juan Rulfo,book-author,who-wrote-book
"Who wrote the book ""Feast of Fools""?",Rachel Caine,book-author,who-wrote-book
"Who wrote the book ""Foreign Agent""?",Brad Thor,book-author,who-wrote-book
"Who is the author of the book ""إجعل حياتك سعيدة""?",Albert Ellis,book-author,author-of-book
"Who is the author of the book ""Third Debt""?",Pepper Winters,book-author,author-of-book
"Who wrote the book ""Pippi Langstrumpf""?",Astrid Lindgren,book-author,who-wrote-book
"Who wrote the book ""Perfect Chemistry""?",Simone Elkeles,book-author,who-wrote-book
"Who wrote the book ""Somersault""?",Kenzaburō Ōe,book-author,who-wrote-book
"Who is the author of the book ""Giovanni’s Room""?",James Baldwin,book-author,author-of-book
"Who is the author of the book ""The Tempest""?",William Shakespeare,book-author,author-of-book
"Who wrote the book ""Roger Was a Razor Fish, and Other Poems""?",Shel Silverstein,book-author,who-wrote-book
"Who is the author of the book ""A Million Little Ways: Uncover the Art You Were Made to Live""?",Emily P. Freeman,book-author,author-of-book
"Who is the author of the book ""Bleach, Volume 20""?",Tite Kubo,book-author,author-of-book
"Who is the author of the book ""Palace of Mirrors""?",Margaret Peterson Haddix,book-author,author-of-book
"Who is the author of the book ""Apple Cider Vinegar and Coconut Oil: How to Improve Your Health, Rejuvenate your Skin, and Lose Weight""?",Ben Night,book-author,author-of-book
"Who wrote the book ""The Nowhere Girls""?",Amy Reed,book-author,who-wrote-book
"Who wrote the book ""Making the Cat Laugh""?",Lynne Truss,book-author,who-wrote-book
"Who is the author of the book ""Inés del alma mía""?",Isabel Allende,book-author,author-of-book
"Who wrote the book ""Du mußt dein Leben ändern""?",Peter Sloterdijk,book-author,who-wrote-book
"Who wrote the book ""Unabrow: Misadventures of a Late Bloomer""?",Una LaMarche,book-author,who-wrote-book
"Who wrote the book ""Kitty Saves the World""?",Carrie Vaughn,book-author,who-wrote-book
"Who wrote the book ""The Lacuna""?",Barbara Kingsolver,book-author,who-wrote-book
"Who is the author of the book ""Behind His Lens""?",R.S. Grey,book-author,author-of-book
"Who is the author of the book ""Infections and Inequalities: The Modern Plagues""?",Paul Farmer,book-author,author-of-book
"Who is the author of the book ""The Secret of Lost Things""?",Sheridan Hay,book-author,author-of-book
"Who wrote the book ""Unlocked""?",Karen Kingsbury,book-author,who-wrote-book
"Who is the author of the book ""Stranglehold""?",William W. Johnstone,book-author,author-of-book
"Who is the author of the book ""Smash Cut""?",Sandra Brown,book-author,author-of-book
"Who is the author of the book ""The Great Good Thing""?",Roderick Townley,book-author,author-of-book
"Who wrote the book ""The Devil's Horse""?",Cynthia Harrod-Eagles,book-author,who-wrote-book
"Who wrote the book ""The Art of Happiness: A Handbook for Living""?",Dalai Lama XIV,book-author,who-wrote-book
"Who wrote the book ""Why We Love: The Nature and Chemistry of Romantic Love""?",Helen Fisher,book-author,who-wrote-book
"Who is the author of the book ""Pippi Goes on Board""?",Astrid Lindgren,book-author,author-of-book
"Who is the author of the book ""The Meaning of Marriage: Facing the Complexities of Marriage with the Wisdom of God""?",Timothy J. Keller,book-author,author-of-book
"Who is the author of the book ""Inside Mr. Enderby""?",Anthony Burgess,book-author,author-of-book
"Who wrote the book ""Basme""?",Hermann Hesse,book-author,who-wrote-book
"Who wrote the book ""A Lesson in Secrets""?",Jacqueline Winspear,book-author,who-wrote-book
"Who is the author of the book ""Evolution of the Word: The New Testament in the Order the Books Were Written""?",Marcus J. Borg,book-author,author-of-book
"Who is the author of the book ""God Came Near: God's Perfect Gift""?",Max Lucado,book-author,author-of-book
"Who is the author of the book ""Line of Scrimmage""?",Marie Force,book-author,author-of-book
"Who is the author of the book ""Living on Luck""?",Charles Bukowski,book-author,author-of-book
"Who wrote the book ""Witch House""?",Evangeline Walton,book-author,who-wrote-book
"Who wrote the book ""Anne: The Green Gables Complete Collection""?",L.M. Montgomery,book-author,who-wrote-book
"Who is the author of the book ""Cycling Home From Siberia""?",Rob Lilwall,book-author,author-of-book
"Who wrote the book ""Live Flesh""?",Ruth Rendell,book-author,who-wrote-book
"Who wrote the book ""Lost In The Valley: A True Account of An Addict's Journey To Recovery""?",Ivana Vereen,book-author,who-wrote-book
"Who wrote the book ""Atonement""?",Ian McEwan,book-author,who-wrote-book
"Who wrote the book ""Legacy of Ashes: The History of the CIA""?",Tim Weiner,book-author,who-wrote-book
"Who is the author of the book ""Travesuras de la niña mala""?",Mario Vargas Llosa,book-author,author-of-book
"Who wrote the book ""The Handbook (The Encheiridion)""?",Epictetus,book-author,who-wrote-book
"Who wrote the book ""The Black Unicorn: Poems""?",Audre Lorde,book-author,who-wrote-book
"Who is the author of the book ""Cinderella and Other Tales by the Brothers Grimm Book and Charm""?",Grimm Jacob And Wilhelm,book-author,author-of-book
"Who wrote the book ""The Winter Room""?",Gary Paulsen,book-author,who-wrote-book
"Who wrote the book ""Dial Murder!""?",Bobby Underwood,book-author,who-wrote-book
"Who wrote the book ""Twenty-five Books That Shaped America: How White Whales, Green Lights, and Restless Spirits Forged Our National Identity""?",Thomas C. Foster,book-author,who-wrote-book
"Who wrote the book ""No Longer a Gentleman""?",Mary Jo Putney,book-author,who-wrote-book
"Who is the author of the book ""John Henry Newman: 5 Works: An Essay On The Development Of Christian Doctrine, Apologia Pro Vita Sua, Parochial And Plain Sermons Vol. VII & Vol. VIII,Loss And Gain, Callista""?",John Henry Newman,book-author,author-of-book
"Who wrote the book ""Death of a Witch""?",M.C. Beaton,book-author,who-wrote-book
"Who is the author of the book ""The Devil Knows You're Dead""?",Lawrence Block,book-author,author-of-book
"Who is the author of the book ""The People Look Like Flowers at Last""?",Charles Bukowski,book-author,author-of-book
"Who wrote the book ""Wildwood: A Journey through Trees""?",Roger Deakin,book-author,who-wrote-book
"Who wrote the book ""At the End of the Day""?",Betty Neels,book-author,who-wrote-book
"Who wrote the book ""The Valley of Horses""?",Jean M. Auel,book-author,who-wrote-book
"Who wrote the book ""Zom-B Underground""?",Darren Shan,book-author,who-wrote-book
"Who is the author of the book ""The Sun Still Shines: How a Brain Tumor Helped Me See the Light""?",Jodi Orgill Brown,book-author,author-of-book
"Who wrote the book ""Signs Of Life""?",M. John Harrison,book-author,who-wrote-book
"Who wrote the book ""Shadowlands""?",William Nicholson,book-author,who-wrote-book
"Who is the author of the book ""Pure Joy: The Dogs We Love""?",Danielle Steel,book-author,author-of-book
"Who is the author of the book ""Le Chef-d'œuvre inconnu""?",Honoré de Balzac,book-author,author-of-book
"Who is the author of the book ""Swallowtail""?",Sheri Meshal,book-author,author-of-book
"Who wrote the book ""Labyrinths:  Selected Stories and Other Writings""?",Jorge Luis Borges,book-author,who-wrote-book
"Who wrote the book ""Return of the Prodigal Son""?",Henri J.M. Nouwen,book-author,who-wrote-book
"Who is the author of the book ""Boy Alone: A Brother's Memoir""?",Karl Taro Greenfeld,book-author,author-of-book
"Who is the author of the book ""Black Reconstruction in America 1860-1880""?",W.E.B. Du Bois,book-author,author-of-book
"Who wrote the book ""The Private School Murders""?",James Patterson,book-author,who-wrote-book
"Who wrote the book ""Books Do Furnish a Room""?",Anthony Powell,book-author,who-wrote-book
"Who is the author of the book ""The Judas Rose: Native Tongue II""?",Julie Vedder Suzette Haden Elgin,book-author,author-of-book
"Who wrote the book ""To the Moon and Back""?",Jill Mansell,book-author,who-wrote-book
"Who is the author of the book ""Lady Windermere's Fan""?",Oscar Wilde,book-author,author-of-book
"Who wrote the book ""Listen, Little Man!""?",Wilhelm Reich,book-author,who-wrote-book
"Who is the author of the book ""Hammer of the Gods""?",Stephen Davis,book-author,author-of-book
"Who wrote the book ""My Life from Air Bras to Zits""?",Barbara Haworth-Attard,book-author,who-wrote-book
"Who wrote the book ""در رؤیای بابل""?",Richard Brautigan,book-author,who-wrote-book
"Who wrote the book ""Bearing False Witness: Debunking Centuries of Anti-Catholic History""?",Rodney Stark,book-author,who-wrote-book
"Who wrote the book ""Mahatma Gandhi and His Myths: Civil Disobedience, Nonviolence, and Satyagraha in the Real World""?",Mark Shepard,book-author,who-wrote-book
"Who is the author of the book ""Bravehearts: Whistle-Blowing in the Age of Snowden""?",Mark Hertsgaard,book-author,author-of-book
"Who is the author of the book ""El amor en los tiempos del cólera""?",Gabriel Garcí­a Márquez,book-author,author-of-book
"Who is the author of the book ""Be Safe I Love You""?",Cara Hoffman,book-author,author-of-book
"Who is the author of the book ""Talking It Over""?",Julian Barnes,book-author,author-of-book
"Who is the author of the book ""River Town: Two Years on the Yangtze""?",Peter Hessler,book-author,author-of-book
"Who wrote the book ""Knowledge and Power: The Information Theory of Capitalism and How it is Revolutionizing our World""?",George Gilder,book-author,who-wrote-book
"Who wrote the book ""What Is Baptism?""?",R.C. Sproul,book-author,who-wrote-book
"Who is the author of the book ""The Character of Physical Law""?",Richard P. Feynman,book-author,author-of-book
"Who is the author of the book ""The Gnostic Gospels""?",Elaine Pagels,book-author,author-of-book
"Who is the author of the book ""As Time Goes By""?",Mary Higgins Clark,book-author,author-of-book
"Who is the author of the book ""A Woman of Substance""?",Barbara Taylor Bradford,book-author,author-of-book
"Who wrote the book ""White Fire""?",Douglas Preston,book-author,who-wrote-book
"Who wrote the book ""Sweet Thursday""?",John Steinbeck,book-author,who-wrote-book
"Who wrote the book ""The Rational Optimist: How Prosperity Evolves""?",Matt Ridley,book-author,who-wrote-book
"Who is the author of the book ""The Illyrian Adventure""?",Lloyd Alexander,book-author,author-of-book
"Who wrote the book ""Claire and the Lady Billionaire 4""?",Giselle Fox,book-author,who-wrote-book
"Who wrote the book ""The Found and the Lost: The Collected Novellas of Ursula K. Le Guin""?",Ursula K. Le Guin,book-author,who-wrote-book
"Who wrote the book ""Persuasión, influencia y manipulación usando métodos científicamente probados: Cómo persuadir, influenciar y manipular usando métodos científicamente probados""?",Steve Allen,book-author,who-wrote-book
"Who wrote the book ""Advice to a Young Critic""?",George Bernard Shaw,book-author,who-wrote-book
"Who is the author of the book ""Camille""?",Alexandre Dumas (fils),book-author,author-of-book
"Who wrote the book ""A Perilous Proposal""?",Michael R. Phillips,book-author,who-wrote-book
"Who is the author of the book ""Speaks the Nightbird""?",Robert R. McCammon,book-author,author-of-book
"Who is the author of the book ""My Father's Dragon""?",Ruth Stiles Gannett,book-author,author-of-book
"Who wrote the book ""The Burglar Who Dropped in on Elvis""?",Lawrence Block,book-author,who-wrote-book
"Who is the author of the book ""Adding a Dimension: Seventeen Essays on the History of Science""?",Isaac Asimov,book-author,author-of-book
"Who is the author of the book ""Improbable Planet: How Earth Became Humanity's Home""?",Hugh Ross,book-author,author-of-book
"Who is the author of the book ""Big Sky Country""?",Linda Lael Miller,book-author,author-of-book
"Who wrote the book ""Hayao Miyazaki: Master of Japanese Animation""?",Helen McCarthy,book-author,who-wrote-book
"Who wrote the book ""The Scorpio Illusion""?",Robert Ludlum,book-author,who-wrote-book
"Who wrote the book ""Salonica, City of Ghosts: Christians, Muslims and Jews, 1430-1950""?",Mark Mazower,book-author,who-wrote-book
"Who is the author of the book ""Practicalities""?",Marguerite Duras,book-author,author-of-book
"Who is the author of the book ""Funny in Farsi: A Memoir of Growing Up Iranian in America""?",Firoozeh Dumas,book-author,author-of-book
"Who wrote the book ""The Brightest Star in the Sky""?",Marian Keyes,book-author,who-wrote-book
"Who wrote the book ""The Book of Dragons""?",E. Nesbit,book-author,who-wrote-book
"Who wrote the book ""Space Chronicles: Facing the Ultimate Frontier""?",Neil deGrasse Tyson,book-author,who-wrote-book
"Who wrote the book ""La Vérité sur l'affaire Harry Quebert""?",Joël Dicker,book-author,who-wrote-book
"Who wrote the book ""Europe: A Natural History""?",Tim Flannery,book-author,who-wrote-book
"Who is the author of the book ""Comfort Food""?",Kate Jacobs,book-author,author-of-book
"Who is the author of the book ""Savage""?",Kelley Armstrong,book-author,author-of-book
"Who is the author of the book ""How to be Idle""?",Tom Hodgkinson,book-author,author-of-book
"Who wrote the book ""Some of the Best from Tor.com: 2012 Edition""?",Patrick Nielsen Hayden,book-author,who-wrote-book
"Who wrote the book ""The Book Thief / I Am the Messenger""?",Markus Zusak,book-author,who-wrote-book
"Who is the author of the book ""In Sunlight and in Shadow""?",Mark Helprin,book-author,author-of-book
"Who is the author of the book ""The Social Contract and The Discourses""?",Jean-Jacques Rousseau,book-author,author-of-book
"Who wrote the book ""Our Endangered Values: America's Moral Crisis""?",Jimmy Carter,book-author,who-wrote-book
"Who is the author of the book ""The Silent Gondoliers""?",William Goldman,book-author,author-of-book
"Who is the author of the book ""Into the Forest""?",Mark Z. Danielewski,book-author,author-of-book
"Who wrote the book ""The Attenbury Emeralds""?",Jill Paton Walsh,book-author,who-wrote-book
"Who wrote the book ""Lo arcangélico y otros poemas""?",Georges Bataille,book-author,who-wrote-book
"Who wrote the book ""The Woman Who Gave Birth to Rabbits: Stories""?",Emma Donoghue,book-author,who-wrote-book
"Who wrote the book ""Trout Fishing in America""?",Richard Brautigan,book-author,who-wrote-book
"Who wrote the book ""Hinds' Feet on High Places""?",Hannah Hurnard,book-author,who-wrote-book
"Who is the author of the book ""Outer Order, Inner Calm""?",Gretchen Rubin,book-author,author-of-book
"Who is the author of the book ""A Nice Derangement of Epitaphs""?",Ellis Peters,book-author,author-of-book
"Who is the author of the book ""A Perfect Life""?",Danielle Steel,book-author,author-of-book
"Who is the author of the book ""Independence Lost: Lives on the Edge of the American Revolution""?",Kathleen DuVal,book-author,author-of-book
"Who is the author of the book ""10 Minutes to Powerful Prayer""?",Stormie Omartian,book-author,author-of-book
"Who wrote the book ""Collages""?",Anaïs Nin,book-author,who-wrote-book
"Who is the author of the book ""The Little Gentleman""?",Philippa Pearce,book-author,author-of-book
"Who is the author of the book ""Speed-The-Plow""?",David Mamet,book-author,author-of-book
"Who wrote the book ""Ego Is the Enemy""?",Ryan Holiday,book-author,who-wrote-book
"Who wrote the book ""The Best Man to Die""?",Ruth Rendell,book-author,who-wrote-book
"Who is the author of the book ""The Final Cut""?",Catherine Coulter,book-author,author-of-book
"Who wrote the book ""Southern Gentleman""?",Jessica Peterson,book-author,who-wrote-book
"Who wrote the book ""Blood Red""?",Mercedes Lackey,book-author,who-wrote-book
"Who wrote the book ""On the Origin of Species by Means of Natural Selection, Vol 2""?",Charles Darwin,book-author,who-wrote-book
"Who wrote the book ""Lecciones de liderazgo de Steve Jobs""?",Walter Isaacson,book-author,who-wrote-book
"Who wrote the book ""Synchronicity""?",C.G. Jung,book-author,who-wrote-book
"Who wrote the book ""Six Easy Pieces: Essentials of Physics By Its Most Brilliant Teacher""?",Richard Feynman,book-author,who-wrote-book
"Who wrote the book ""Banewreaker""?",Jacqueline Carey,book-author,who-wrote-book
"Who wrote the book ""Thundersword""?",Julian Rosado-Machain,book-author,who-wrote-book
"Who is the author of the book ""Rhapsody: Child of Blood""?",Elizabeth Haydon,book-author,author-of-book
"Who wrote the book ""Fatal Throne""?",Jennifer Donnelly,book-author,who-wrote-book
"Who is the author of the book ""Night Flight""?",Antoine de Saint-Exupéry,book-author,author-of-book
"Who is the author of the book ""Zadig et autres contes""?",Voltaire,book-author,author-of-book
"Who is the author of the book ""The White Boy Shuffle: A Novel""?",Paul Beatty,book-author,author-of-book
"Who wrote the book ""The World Beneath""?",Rebecca Cantrell,book-author,who-wrote-book
"Who is the author of the book ""L'Ordinateur du paradis""?",Benoît Duteurtre,book-author,author-of-book
"Who is the author of the book ""Power of a Woman""?",Barbara Taylor Bradford,book-author,author-of-book
"Who wrote the book ""The Pearl Brooch: Time Travel Romance""?",Katherine Lowry Logan,book-author,who-wrote-book
"Who is the author of the book ""The Colossus and Other Poems""?",Sylvia Plath,book-author,author-of-book
"Who wrote the book ""Fullmetal Alchemist, Vol. 20""?",Hiromu Arakawa,book-author,who-wrote-book
"Who wrote the book ""Snow White""?",Donald Barthelme,book-author,who-wrote-book
"Who is the author of the book ""Nymphomation""?",Jeff Noon,book-author,author-of-book
"Who wrote the book ""The Pellucidar Series""?",Edgar Rice Burroughs,book-author,who-wrote-book
"Who wrote the book ""Team of Rivals:The Political Genius of Abraham Lincoln""?",Doris Kearns Goodwin,book-author,who-wrote-book
"Who is the author of the book ""Everything is an Afterthought""?",Nick Tosches,book-author,author-of-book
"Who wrote the book ""L'Avare""?",Molière,book-author,who-wrote-book
"Who wrote the book ""The Secret Team: The CIA & its Allies in Control of the United States & the World""?",L. Fletcher Prouty,book-author,who-wrote-book
"Who is the author of the book ""Today I'm Alice: Nine Personalities, One Tortured Mind""?",Alice Jamieson,book-author,author-of-book
"Who is the author of the book ""Mount Analogue""?",René Daumal,book-author,author-of-book
"Who wrote the book ""Blackadder: The Whole Damn Dynasty, 1485-1917""?",Richard Curtis,book-author,who-wrote-book
"Who wrote the book ""The Summer Garden""?",Paullina Simons,book-author,who-wrote-book
"Who is the author of the book ""The Greek Tycoon's Unwilling Wife""?",Kate Walker,book-author,author-of-book
"Who wrote the book ""Kiss Me Like a Stranger: My Search for Love and Art""?",Gene Wilder,book-author,who-wrote-book
"Who wrote the book ""River of Shadows: Eadweard Muybridge and the Technological Wild West""?",Rebecca Solnit,book-author,who-wrote-book
"Who is the author of the book ""Tempt Me at Twilight""?",Lisa Kleypas,book-author,author-of-book
"Who wrote the book ""Winning Body Language:""?",Mark Bowden,book-author,who-wrote-book
"Who is the author of the book ""What Darkness Brings""?",C.S. Harris,book-author,author-of-book
"Who wrote the book ""Loitering With Intent""?",Muriel Spark,book-author,who-wrote-book
"Who is the author of the book ""Behave: The Biology of Humans at Our Best and Worst""?",Robert M. Sapolsky,book-author,author-of-book
"Who wrote the book ""Happy Ending""?",DAVID RAT,book-author,who-wrote-book
"Who is the author of the book ""If Beale Street Could Talk""?",James Baldwin,book-author,author-of-book
"Who is the author of the book ""Birds Of Prey""?",J.A. Jance,book-author,author-of-book
"Who is the author of the book ""The Heritage of Hastur""?",Marion Zimmer Bradley,book-author,author-of-book
"Who wrote the book ""Just the Sexiest Man Alive""?",Julie James,book-author,who-wrote-book
"Who wrote the book ""Fractured""?",Karin Slaughter,book-author,who-wrote-book
"Who is the author of the book ""Havana: A Subtropical Delirium""?",Mark Kurlansky,book-author,author-of-book
"Who wrote the book ""Ace in the Hole""?",George R.R. Martin,book-author,who-wrote-book
"Who wrote the book ""Love & Respect in the Family: The Respect Parents Desire; The Love Children Need""?",Emerson Eggerichs,book-author,who-wrote-book
"Who wrote the book ""The 7-Day Prayer Warrior Experience""?",Stormie Omartian,book-author,who-wrote-book
"Who wrote the book ""The Republic of Love""?",Carol Shields,book-author,who-wrote-book
"Who wrote the book ""Mister B. Gone""?",Clive Barker,book-author,who-wrote-book
"Who is the author of the book ""Rock My Soul: Black People and Self-Esteem""?",bell hooks,book-author,author-of-book
"Who wrote the book ""Legado""?",Christopher Paolini,book-author,who-wrote-book
"Who is the author of the book ""Think Like a Cat: How to Raise a Well-Adjusted Cat—Not a Sour Puss""?",Pam Johnson-Bennett,book-author,author-of-book
"Who is the author of the book ""Other People""?",Martin Amis,book-author,author-of-book
"Who wrote the book ""In the Blaze of His Hungers""?",Dominique Frost,book-author,who-wrote-book
"Who is the author of the book ""The Winter Ghosts""?",Kate Mosse,book-author,author-of-book
"Who wrote the book ""Dawn Saves the Planet""?",Ann M. Martin,book-author,who-wrote-book
"Who wrote the book ""The Prince of Tennessee: The Rise of Al Gore""?",David Maraniss,book-author,who-wrote-book
"Who wrote the book ""La guerra del mundo""?",Niall Ferguson,book-author,who-wrote-book
"Who wrote the book ""Atypical: Life with Asperger's in 20 1/3 Chapters""?",Jesse Saperstein,book-author,who-wrote-book
"Who wrote the book ""The Children's Book""?",A.S. Byatt,book-author,who-wrote-book
"Who wrote the book ""Notes From A Small Island""?",Bill Bryson,book-author,who-wrote-book
"Who is the author of the book ""The Heralds of Valdemar""?",Mercedes Lackey,book-author,author-of-book
"Who is the author of the book ""Insomniac City: New York, Oliver, and Me""?",Bill Hayes,book-author,author-of-book
"Who wrote the book ""Because I'm Watching""?",Christina Dodd,book-author,who-wrote-book
"Who wrote the book ""Imperial""?",William T. Vollmann,book-author,who-wrote-book
"Who wrote the book ""Eight Hundred Grapes""?",Laura Dave,book-author,who-wrote-book
"Who wrote the book ""The Boys of Summer""?",Francine Pascal,book-author,who-wrote-book
"Who wrote the book ""Mini Shopaholic""?",Sophie Kinsella,book-author,who-wrote-book
"Who wrote the book ""Lord of the Rings (3-in-1)""?",J. R. R. Tolkein,book-author,who-wrote-book
"Who is the author of the book ""Breaking the Rules""?",Katie McGarry,book-author,author-of-book
"Who wrote the book ""The Sandman: Endless Nights""?",Neil Gaiman,book-author,who-wrote-book
"Who wrote the book ""Opened Ground: Selected Poems, 1966-1996""?",Seamus Heaney,book-author,who-wrote-book
"Who wrote the book ""McCarthy's Bar: A Journey of Discovery in Ireland""?",Pete McCarthy,book-author,who-wrote-book
"Who is the author of the book ""Everyday Enlightenment: The Twelve Gateways to Personal Growth""?",Dan Millman,book-author,author-of-book
"Who wrote the book ""Twilight Set""?",Stephenie Meyer,book-author,who-wrote-book
"Who wrote the book ""Krugman's Economics for AP*""?",Margaret Ray,book-author,who-wrote-book
"Who is the author of the book ""The Red Limit""?",Timothy Ferris,book-author,author-of-book
"Who is the author of the book ""Hopes and Prospects""?",Noam Chomsky,book-author,author-of-book
"Who wrote the book ""Some of the Best from Tor.com: 2016 Edition""?",Ellen Datlow,book-author,who-wrote-book
"Who is the author of the book ""A Fall of Moondust""?",Arthur C. Clarke,book-author,author-of-book
"Who is the author of the book ""The Gap of Time""?",Jeanette Winterson,book-author,author-of-book
"Who wrote the book ""Corelli's Mandolin""?",Louis de Bernières,book-author,who-wrote-book
"Who is the author of the book ""Pride And Prejudice""?",Jane Austen,book-author,author-of-book
"Who is the author of the book ""A Prima Bette""?",Honoré de Balzac,book-author,author-of-book
"Who wrote the book ""Hopeful Parenting: Encouragement for Raising Kids Who Love God""?",David Jeremiah,book-author,who-wrote-book
"Who wrote the book ""The Voyage Out""?",Virginia Woolf,book-author,who-wrote-book
"Who wrote the book ""Rick Steves' Italy 2014""?",Rick Steves,book-author,who-wrote-book
"Who wrote the book ""Don Fernando""?",W. Somerset Maugham,book-author,who-wrote-book
"Who is the author of the book ""Rich Dad's Guide to Investing: What the Rich Invest in That the Poor and Middle Class Do Not!""?",Robert T. Kiyosaki,book-author,author-of-book
"Who wrote the book ""Absolutely, Positively""?",Jayne Ann Krentz,book-author,who-wrote-book
"Who is the author of the book ""The Meaning of Marriage: Facing the Complexities of Commitment with the Wisdom of God""?",Timothy J. Keller,book-author,author-of-book
"Who wrote the book ""Vacations from Hell""?",Libba Bray,book-author,who-wrote-book
"Who wrote the book ""Murder in the Paperback Parlor""?",Ellery Adams,book-author,who-wrote-book
"Who is the author of the book ""All Marbles Accounted for""?",Saul Bellow,book-author,author-of-book
"Who wrote the book ""The Messengers: Owls, Synchronicity and the UFO Abductee""?",Mike Clelland,book-author,who-wrote-book
"Who is the author of the book ""El Hobbit""?",J.R.R. Tolkien,book-author,author-of-book
"Who is the author of the book ""Tex""?",S.E. Hinton,book-author,author-of-book
"Who is the author of the book ""Prospero's Cell: A Guide to the Landscape and Manners of the Island of Corfu""?",Lawrence Durrell,book-author,author-of-book
"Who wrote the book ""Ratner's Star""?",Don DeLillo,book-author,who-wrote-book
"Who is the author of the book ""Em defesa da comida""?",Michael Pollan,book-author,author-of-book
"Who wrote the book ""El hombre duplicado""?",José Saramago,book-author,who-wrote-book
"Who is the author of the book ""Citizens: A Chronicle of the French Revolution""?",Simon Schama,book-author,author-of-book
"Who is the author of the book ""Caring for One Another: 8 Ways to Cultivate Meaningful Relationships""?",Edward T. Welch,book-author,author-of-book
"Who is the author of the book ""The Girls of Mulberry Lane""?",Rosie Clarke,book-author,author-of-book
"Who is the author of the book ""A Nation of Victims: The Decay of the American Character""?",Charles J. Sykes,book-author,author-of-book
"Who is the author of the book ""Know My Name""?",Chanel Miller,book-author,author-of-book
"Who wrote the book ""Robert Schumann: Life and death of a musician""?",John Worthen,book-author,who-wrote-book
"Who is the author of the book ""Something Like Love""?",Beverly Jenkins,book-author,author-of-book
"Who is the author of the book ""More Pricks Than Kicks""?",Samuel Beckett,book-author,author-of-book
"Who is the author of the book ""No Speed Limit: Three Essays on Accelerationism""?",Steven Shaviro,book-author,author-of-book
"Who wrote the book ""Gravitation, Volume 07""?",Maki Murakami,book-author,who-wrote-book
"Who wrote the book ""My Religion""?",Leo Tolstoy,book-author,who-wrote-book
"Who wrote the book ""The Lady Travelers Guide to Deception with an Unlikely Earl""?",Victoria Alexander,book-author,who-wrote-book
"Who is the author of the book ""For Kicks""?",Dick Francis,book-author,author-of-book
"Who wrote the book ""Jeeves and the Wedding Bells""?",Sebastian Faulks,book-author,who-wrote-book
"Who wrote the book ""A Strange Wilderness: The Lives of the Great Mathematicians""?",Amir D. Aczel,book-author,who-wrote-book
"Who is the author of the book ""The Lion, the Witch, and the Wardrobe""?",C.S. Lewis,book-author,author-of-book
"Who is the author of the book ""Beauvallet""?",Georgette Heyer,book-author,author-of-book
"Who wrote the book ""Wastelands 2 - More Stories of the Apocalypse""?",John Joseph Adams,book-author,who-wrote-book
"Who is the author of the book ""The Forever Girl""?",Alexander McCall Smith,book-author,author-of-book
"Who is the author of the book ""The Joys of Love""?",Madeleine L'Engle,book-author,author-of-book
"Who is the author of the book ""Marriage Wanted""?",Debbie Macomber,book-author,author-of-book
"Who is the author of the book ""I've Been Thinking . . .Reflections, Prayers, and Meditations for a Meaningful Life""?",Maria Shriver,book-author,author-of-book
"Who is the author of the book ""Girls at War and Other Stories""?",Chinua Achebe,book-author,author-of-book
"Who is the author of the book ""The Year of Lear: Shakespeare in 1606""?",James Shapiro,book-author,author-of-book
"Who is the author of the book ""The Dark Mirror""?",Juliet Marillier,book-author,author-of-book
"Who wrote the book ""North""?",Seamus Heaney,book-author,who-wrote-book
"Who wrote the book ""Adventures of Huckleberry Finn""?",Mark Twain,book-author,who-wrote-book
"Who wrote the book ""Mindsight: The New Science of Personal Transformation""?",Daniel J. Siegel,book-author,who-wrote-book
"Who wrote the book ""The Birthday Girl""?",Melissa de la Cruz,book-author,who-wrote-book
"Who is the author of the book ""Berenice""?",Edgar Allan Poe,book-author,author-of-book
"Who is the author of the book ""Forge""?",Laurie Halse Anderson,book-author,author-of-book
"Who is the author of the book ""Plant Intelligence and the Imaginal Realm: Beyond the Doors of Perception into the Dreaming of Earth""?",Stephen Harrod Buhner,book-author,author-of-book
"Who wrote the book ""Timm Thaler oder Das verkaufte Lachen""?",James Krüss,book-author,who-wrote-book
"Who wrote the book ""Christine""?",Elizabeth von Arnim,book-author,who-wrote-book
"Who wrote the book ""Never Lie to a Lady""?",Liz Carlyle,book-author,who-wrote-book
"Who wrote the book ""Elmore Leonard's 10 Rules of Writing""?",Elmore Leonard,book-author,who-wrote-book
"Who wrote the book ""On Magnolia Lane""?",Denise Hunter,book-author,who-wrote-book
"Who is the author of the book ""Bloomability""?",Sharon Creech,book-author,author-of-book
"Who wrote the book ""Love Is a Mix Tape: Life and Loss, One Song at a Time""?",Rob Sheffield,book-author,who-wrote-book
"Who is the author of the book ""Mind Wide Open: Your Brain and the Neuroscience of Everyday Life""?",Steven Johnson,book-author,author-of-book
"Who is the author of the book ""Last Night""?",James Salter,book-author,author-of-book
"Who is the author of the book ""Cordero""?",Christopher Moore,book-author,author-of-book
"Who wrote the book ""Practical Issues of This Life""?",Watchman Nee,book-author,who-wrote-book
"Who is the author of the book ""The Power of a Praying® Parent Book of Prayers""?",Stormie Omartian,book-author,author-of-book
"Who wrote the book ""Airhead""?",Meg Cabot,book-author,who-wrote-book
"Who wrote the book ""Turske priče""?",Ivo Andrić,book-author,who-wrote-book
"Who is the author of the book ""Awaken""?",Meg Cabot,book-author,author-of-book
"Who is the author of the book ""Idea of a University, The""?",John Henry Newman,book-author,author-of-book
"Who wrote the book ""Where Are You Now?""?",Mary Higgins Clark,book-author,who-wrote-book
"Who is the author of the book ""Les surprises du destin""?",Michael Crichton,book-author,author-of-book
"Who wrote the book ""Pureza""?",Jonathan Franzen,book-author,who-wrote-book
"Who is the author of the book ""The Story of Beautiful Girl""?",Rachel Simon,book-author,author-of-book
"Who is the author of the book ""Am kürzeren Ende der Sonnenallee""?",Thomas Brussig,book-author,author-of-book
"Who is the author of the book ""The Letters of D. H. Lawrence: Volume 3, October 1916 June 1921""?",D.H. Lawrence,book-author,author-of-book
"Who is the author of the book ""Kilmeny of the Orchard""?",L.M. Montgomery,book-author,author-of-book
"Who wrote the book ""Overeaters Anonymous""?",Overeaters Anonymous,book-author,who-wrote-book
"Who is the author of the book ""The Thief""?",J.R. Ward,book-author,author-of-book
"Who wrote the book ""Northanger Abbey""?",Jane Austen,book-author,who-wrote-book
"Who is the author of the book ""Life Code""?",Phillip C. McGraw,book-author,author-of-book
"Who wrote the book ""The Hillside""?",Jane Smiley,book-author,who-wrote-book
"Who wrote the book ""Arc d'X""?",Steve Erickson,book-author,who-wrote-book
"Who wrote the book ""The Mark of a Man""?",Elisabeth Elliot,book-author,who-wrote-book
"Who wrote the book ""The Apple Store""?",Seinfeld 2000,book-author,who-wrote-book
"Who is the author of the book ""Dermaphoria""?",Craig Clevenger,book-author,author-of-book
"Who is the author of the book ""The Inheritance Cycle Complete Collection: Eragon, Eldest, Brisingr, Inheritance""?",Christopher Paolini,book-author,author-of-book
"Who is the author of the book ""The Edwin Smith Surgical Papyrus, Vol 1: Hieroglyphic Transliteration, Translation and Commentary""?",James Henry Breasted,book-author,author-of-book
"Who is the author of the book ""Journey To The Centre Of The Earth: Teacher's Book""?",Jules Verne,book-author,author-of-book
"Who is the author of the book ""Power Play""?",Catherine Coulter,book-author,author-of-book
"Who wrote the book ""Politically Correct Bedtime Stories""?",James Finn Garner,book-author,who-wrote-book
"Who wrote the book ""Confessions of a Shopaholic""?",Sophie Kinsella,book-author,who-wrote-book
"Who is the author of the book ""One Nation Under God: How Corporate America Invented Christian America""?",Kevin M. Kruse,book-author,author-of-book
"Who wrote the book ""Breves y eternos: Cuentos de lunáticos y poseídos""?",Cervantes Saavedra Miguel de,book-author,who-wrote-book
"Who wrote the book ""Middle School: Get Me out of Here! - Free Preview""?",James Patterson,book-author,who-wrote-book
"Who is the author of the book ""Nobody's Darling""?",Teresa Medeiros,book-author,author-of-book
"Who wrote the book ""Poemas de Álvaro de Campos""?",Fernando Pessoa,book-author,who-wrote-book
"Who wrote the book ""Existentialists and Mystics: Writings on Philosophy and Literature""?",Iris Murdoch,book-author,who-wrote-book
"Who is the author of the book ""Plato, Not Prozac!: Applying Eternal Wisdom to Everyday Problems""?",Lou Marinoff,book-author,author-of-book
"Who wrote the book ""Past Caring""?",Robert Goddard,book-author,who-wrote-book
"Who wrote the book ""Egg & Spoon""?",Gregory Maguire,book-author,who-wrote-book
"Who wrote the book ""Geek Girls Unite: How Fangirls, Bookworms, Indie Chicks, and Other Misfits Are Taking Over the World""?",Leslie Simon,book-author,who-wrote-book
"Who is the author of the book ""Leopard's Fury""?",Christine Feehan,book-author,author-of-book
"Who is the author of the book ""Joseph Heller's Catch-22""?",Joseph Heller,book-author,author-of-book
"Who is the author of the book ""My Rock; My Refuge: A Year of Daily Devotions in the Psalms""?",Timothy J. Keller,book-author,author-of-book
"Who is the author of the book ""The Complete Short Prose, 1929-1989""?",Samuel Beckett,book-author,author-of-book
"Who wrote the book ""Bring Up the Bodies""?",Hilary Mantel,book-author,who-wrote-book
"Who wrote the book ""Nicola and the Viscount""?",Meg Cabot,book-author,who-wrote-book
"Who wrote the book ""Good to Great: Why Some Companies Make the Leap... and Others Don't""?",James C. Collins,book-author,who-wrote-book
"Who is the author of the book ""The House of the Dead""?",Fyodor Dostoyevsky,book-author,author-of-book
"Who wrote the book ""Running Dog""?",Don DeLillo,book-author,who-wrote-book
"Who wrote the book ""The Baby-Sitters Club #7: Claudia and Mean Janine""?",Ann M. Martin,book-author,who-wrote-book
"Who is the author of the book ""Sacré Bleu""?",Christopher Moore,book-author,author-of-book
"Who is the author of the book ""Asa, as I Knew Him""?",Susanna Kaysen,book-author,author-of-book
"Who wrote the book ""Men of Bronze: Hoplite Warfare in Ancient Greece""?",Donald Kagan,book-author,who-wrote-book
"Who wrote the book ""Hello, Sunshine""?",Laura Dave,book-author,who-wrote-book
"Who wrote the book ""Commonwealth""?",Ann Patchett,book-author,who-wrote-book
"Who wrote the book ""El público""?",Federico García Lorca,book-author,who-wrote-book
"Who wrote the book ""One God, One Plan, One Life: A 365 Devotional""?",Max Lucado,book-author,who-wrote-book
"Who wrote the book ""True Love""?",Robert Fulghum,book-author,who-wrote-book
"Who wrote the book ""Hammered""?",Kevin Hearne,book-author,who-wrote-book
"Who wrote the book ""An Ideal Husband""?",Oscar Wilde,book-author,who-wrote-book
"Who wrote the book ""Queens' Play""?",Dorothy Dunnett,book-author,who-wrote-book
"Who is the author of the book ""The Spine of the World""?",R.A. Salvatore,book-author,author-of-book
"Who wrote the book ""Ladders to Fire""?",Anaïs Nin,book-author,who-wrote-book
"Who wrote the book ""Longitude: The True Story of a Lone Genius Who Solved the Greatest Scientific Problem of His Time""?",Dava Sobel,book-author,who-wrote-book
"Who wrote the book ""The 13th Juror""?",John Lescroart,book-author,who-wrote-book
"Who wrote the book ""Born to Bite""?",Lynsay Sands,book-author,who-wrote-book
"Who is the author of the book ""Gravity's Rainbow""?",Thomas Pynchon,book-author,author-of-book
"Who is the author of the book ""Discovering Your Purpose: A Short Interview with Bill Johnson""?",Bill Johnson,book-author,author-of-book
"Who wrote the book ""Nothing to Be Frightened Of""?",Julian Barnes,book-author,who-wrote-book
"Who is the author of the book ""The 12 Screams of Christmas""?",R.L. Stine,book-author,author-of-book
"Who is the author of the book ""The New Life""?",Orhan Pamuk,book-author,author-of-book
"Who wrote the book ""The Supernaturalist""?",Eoin Colfer,book-author,who-wrote-book
"Who wrote the book ""The Fairy Tales of Hermann Hesse""?",Hermann Hesse,book-author,who-wrote-book
"Who wrote the book ""But What If We're Wrong?: Thinking About the Present As If It Were the Past""?",Chuck Klosterman,book-author,who-wrote-book
"Who wrote the book ""Searching for Sunday: Loving, Leaving, and Finding the Church""?",Rachel Held Evans,book-author,who-wrote-book
"Who is the author of the book ""One Night of Scandal""?",Teresa Medeiros,book-author,author-of-book
"Who is the author of the book ""Paddle Your Own Canoe: One Man's Fundamentals for Delicious Living""?",Nick Offerman,book-author,author-of-book
"Who wrote the book ""Elements of Fiction Writing - Conflict and Suspense""?",James Scott Bell,book-author,who-wrote-book
"Who is the author of the book ""Eden West""?",Pete Hautman,book-author,author-of-book
"Who wrote the book ""Standard Operating Procedure""?",Philip Gourevitch,book-author,who-wrote-book
"Who is the author of the book ""Complete Stories and Poems""?",Edgar Allan Poe,book-author,author-of-book
"Who is the author of the book ""National Geographic: The Photographs""?",Leah Bendavid-Val,book-author,author-of-book
"Who is the author of the book ""Full Ride""?",Margaret Peterson Haddix,book-author,author-of-book
"Who wrote the book ""Life After Death: The Evidence""?",Dinesh D'Souza,book-author,who-wrote-book
"Who wrote the book ""Dance of the Bones""?",J.A. Jance,book-author,who-wrote-book
"Who is the author of the book ""Alicia en el País de las Maravillas""?",Lewis Carroll,book-author,author-of-book
"Who is the author of the book ""Damaged and the Bulldog""?",Bijou Hunter,book-author,author-of-book
"Who is the author of the book ""Nehru: The Invention of India""?",Shashi Tharoor,book-author,author-of-book
"Who is the author of the book ""The If I Run Series Collection: If I Run, If I'm Found, If I Live""?",Terri Blackstock,book-author,author-of-book
"Who wrote the book ""Bad Boy""?",Peter Robinson,book-author,who-wrote-book
"Who is the author of the book ""Meanwhile or the Picture of a Lady""?",H.G. Wells,book-author,author-of-book
"Who wrote the book ""The Mistletoe Kiss""?",Betty Neels,book-author,who-wrote-book
"Who is the author of the book ""Magic Mourns""?",Ilona Andrews,book-author,author-of-book
"Who wrote the book ""The Girl in the Flammable Skirt""?",Aimee Bender,book-author,who-wrote-book
"Who is the author of the book ""The Yage Letters""?",William S. Burroughs,book-author,author-of-book
"Who is the author of the book ""Beyond the Occult: Twenty Years' Research into the Paranormal""?",Colin Wilson,book-author,author-of-book
"Who is the author of the book ""Youth/Heart of Darkness/Typhoon""?",Joseph Conrad,book-author,author-of-book
"Who wrote the book ""The Perfect Bride""?",Brenda Joyce,book-author,who-wrote-book
"Who wrote the book ""Before He Kills""?",Blake Pierce,book-author,who-wrote-book
"Who is the author of the book ""Among the Brave""?",Margaret Peterson Haddix,book-author,author-of-book
"Who is the author of the book ""The Sword in the Stone""?",T. H. White,book-author,author-of-book
"Who is the author of the book ""Merlin's Dragon""?",T.A. Barron,book-author,author-of-book
"Who wrote the book ""Mugged: Racial Demagoguery from the Seventies to Obama""?",Ann Coulter,book-author,who-wrote-book
"Who wrote the book ""The Same Sea""?",Amos Oz,book-author,who-wrote-book
"Who is the author of the book ""Extremely Loud & Incredibly Close""?",Jonathan Safran Foer,book-author,author-of-book
"Who is the author of the book ""Horace Silver - The Art of Small Jazz Combo Playing""?",Horace Silver,book-author,author-of-book
"Who wrote the book ""Física de lo imposible: ¿Podremos ser invisibles, viajar en el tiempo y teletransportarnos?""?",Michio Kaku,book-author,who-wrote-book
"Who is the author of the book ""Nightbirds on Nantucket""?",Joan Aiken,book-author,author-of-book
"Who is the author of the book ""Abe Lincoln Crosses a Creek: A Tall, Thin Tale""?",Deborah Hopkinson,book-author,author-of-book
"Who is the author of the book ""A Wonder Book: Heroes and Monsters of Greek Mythology""?",Nathaniel Hawthorne,book-author,author-of-book
"Who is the author of the book ""Ultimate Joke Book for Kids (Knock Knock Jokes, Funny Jokes, and More!): 400+ Funny and Hilarious Jokes for Kids""?",Johnny B. Laughing,book-author,author-of-book
"Who is the author of the book ""Apology for Raymond Sebond""?",Michel de Montaigne,book-author,author-of-book
"Who wrote the book ""The River of Winged Dreams""?",Aberjhani,book-author,who-wrote-book
"Who wrote the book ""The B-Team""?",John Scalzi,book-author,who-wrote-book
"Who wrote the book ""Whispers from Eternity""?",Paramahansa Yogananda,book-author,who-wrote-book
"Who wrote the book ""The Frozen Hours: A Novel of the Korean War""?",Jeff Shaara,book-author,who-wrote-book
"Who is the author of the book ""The Gospel According to Job: An Honest Look at Pain and Doubt from the Life of One Who Lost Everything""?",Mike Mason,book-author,author-of-book
"Who wrote the book ""Academ's Fury""?",Jim Butcher,book-author,who-wrote-book
"Who wrote the book ""How to Seduce a Band Geek""?",Cassie Mae,book-author,who-wrote-book
"Who wrote the book ""November""?",Gustave Flaubert,book-author,who-wrote-book
"Who is the author of the book ""Books Burn Badly""?",Manuel Rivas,book-author,author-of-book
"Who wrote the book ""Only You Can Save Mankind""?",Terry Pratchett,book-author,who-wrote-book
"Who wrote the book ""Silent Sons: A Book for and About Men""?",Robert J. Ackerman,book-author,who-wrote-book
"Who is the author of the book ""No Man's Land""?",David Baldacci,book-author,author-of-book
"Who is the author of the book ""100+ Knock Knock Jokes for Kids""?",Johnny B. Laughing,book-author,author-of-book
"Who is the author of the book ""Daphne's Book""?",Mary Downing Hahn,book-author,author-of-book
"Who wrote the book ""Heart Song""?",V.C. Andrews,book-author,who-wrote-book
"Who wrote the book ""Literary Theory: An Introduction""?",Terry Eagleton,book-author,who-wrote-book
"Who is the author of the book ""Sister Outsider: Essays and Speeches""?",Audre Lorde,book-author,author-of-book
"Who is the author of the book ""Within a Budding Grove: Part 2""?",Marcel Proust,book-author,author-of-book
"Who is the author of the book ""Conversación en Princeton con Rubén Gallo""?",Mario Vargas Llosa,book-author,author-of-book
"Who is the author of the book ""On Friendship""?",Michel de Montaigne,book-author,author-of-book
"Who is the author of the book ""Far from the Tree: Parents, Children, and the Search for Identity""?",Andrew Solomon,book-author,author-of-book
"Who wrote the book ""Theodore Boone""?",John Grisham,book-author,who-wrote-book
"Who is the author of the book ""Fields of Color: The theory that escaped Einstein""?",Rodney A. Brooks,book-author,author-of-book
"Who is the author of the book ""Salvation""?",Peter F. Hamilton,book-author,author-of-book
"Who is the author of the book ""Hunted""?",Kevin Hearne,book-author,author-of-book
"Who is the author of the book ""Mazirian the Magician""?",Jack Vance,book-author,author-of-book
"Who is the author of the book ""The Kraken King and the Fox's Den""?",Meljean Brook,book-author,author-of-book
"Who is the author of the book ""Beautiful in God's Eyes: The Treasures of the Proverbs 31 Woman""?",Elizabeth George,book-author,author-of-book
"Who is the author of the book ""Globes: Spheres Volume II: Macrospherology""?",Peter Sloterdijk,book-author,author-of-book
"Who is the author of the book ""Live to Tell""?",Lisa Gardner,book-author,author-of-book
"Who wrote the book ""Let Me be a Woman""?",Elisabeth Elliot,book-author,who-wrote-book
"Who wrote the book ""Spider""?",Patrick McGrath,book-author,who-wrote-book
"Who wrote the book ""Wintertide""?",Michael J. Sullivan,book-author,who-wrote-book
"Who wrote the book ""The Blue Cheer""?",Ed Lynskey,book-author,who-wrote-book
"Who wrote the book ""Migrations and Cultures: A World View""?",Thomas Sowell,book-author,who-wrote-book
"Who wrote the book ""The Hate U Give""?",Angie Thomas,book-author,who-wrote-book
"Who wrote the book ""I'm a Stranger Here Myself: Notes on Returning to America After 20 Years Away""?",Bill Bryson,book-author,who-wrote-book
"Who wrote the book ""Never While the Grass Grows""?",Betty Neels,book-author,who-wrote-book
"Who wrote the book ""Godless""?",Pete Hautman,book-author,who-wrote-book
"Who wrote the book ""Extreme Prey""?",John Sandford,book-author,who-wrote-book
"Who is the author of the book ""Bearing an Hourglass""?",Piers Anthony,book-author,author-of-book
"Who is the author of the book ""Inside the Miracle: Enduring Suffering, Approaching Wholeness""?",Mark Nepo,book-author,author-of-book
"Who is the author of the book ""A Fighting Man of Mars""?",Edgar Rice Burroughs,book-author,author-of-book
"Who is the author of the book ""The Language of Love & Respect: Cracking the Communication Code with Your Mate""?",Emerson Eggerichs,book-author,author-of-book
"Who wrote the book ""Small Man in a Book""?",Rob Brydon,book-author,who-wrote-book
"Who is the author of the book ""Le Temps Sauvage ; Suivi De La Mercière Assassinée ; Et Les Invités Au Procès""?",Anne Hébert,book-author,author-of-book
"Who wrote the book ""Ratio: The Simple Codes Behind the Craft of Everyday Cooking""?",Michael Ruhlman,book-author,who-wrote-book
"Who is the author of the book ""Mere Anarchy""?",Woody Allen,book-author,author-of-book
"Who is the author of the book ""Winter Dreams""?",F. Scott Fitzgerald,book-author,author-of-book
"Who wrote the book ""Naked in Garden Hills""?",Harry Crews,book-author,who-wrote-book
"Who is the author of the book ""Where Were You When the Fun Stopped""?",Hunter S. Thompson,book-author,author-of-book
"Who wrote the book ""Thoughts On Government Applicable To The Present State Of The American Colonies.: Philadelphia, Printed By John Dunlap, M,Dcc,Lxxxvi""?",John Adams,book-author,who-wrote-book
"Who is the author of the book ""The Perfect Summer""?",Luanne Rice,book-author,author-of-book
"Who wrote the book ""Monster Island""?",David Wellington,book-author,who-wrote-book
"Who is the author of the book ""An Introduction to Mathematics""?",Alfred North Whitehead,book-author,author-of-book
"Who is the author of the book ""Voice of the Fire""?",Alan Moore,book-author,author-of-book
"Who wrote the book ""L'Étranger""?",Albert Camus,book-author,who-wrote-book
"Who is the author of the book ""Feminism is for Everybody: Passionate Politics""?",Bell Hooks,book-author,author-of-book
"Who is the author of the book ""KinderGarden Of Eden""?",Evan Sayet,book-author,author-of-book
"Who wrote the book ""Sharpe's Waterloo""?",Bernard Cornwell,book-author,who-wrote-book
"Who is the author of the book ""Views from a Window: Conversations with Gore Vidal""?",Gore Vidal,book-author,author-of-book
"Who wrote the book ""The Apology, Phaedo & Crito of Plato/Golden Sayings of Epictetus/Meditations of Marcus Aurelius""?",Marcus Aurelius,book-author,who-wrote-book
"Who is the author of the book ""The Icarus Hunt""?",Timothy Zahn,book-author,author-of-book
"Who wrote the book ""Two More Pints""?",Roddy Doyle,book-author,who-wrote-book
"Who is the author of the book ""The Man Who Mistook His Wife For A Hat: And Other Clinical Tales""?",Oliver Sacks,book-author,author-of-book
"Who wrote the book ""Harlequin Presents May 2014 - Bundle 1 of 2: The Only Woman to Defy Him / Gambling with the Crown / Secrets of a Ruthless Tycoon / A Clash with Cannavaro""?",Carol Marinelli,book-author,who-wrote-book
"Who wrote the book ""The Jeeves Collection: Stiff Upper Lip, Jeeves / The Inimitable Jeeves / Carry On, Jeeves""?",P.G. Wodehouse,book-author,who-wrote-book
"Who is the author of the book ""Bad Girls of the Bible: And What We Can Learn from Them""?",Liz Curtis Higgs,book-author,author-of-book
"Who is the author of the book ""Reasons to Be Happy""?",Katrina Kittle,book-author,author-of-book
"Who wrote the book ""Carnets De Travail""?",Gustave Flaubert,book-author,who-wrote-book
"Who is the author of the book ""Excitable Speech: A Politics of the Performative""?",Judith Butler,book-author,author-of-book
"Who is the author of the book ""Collected Works of W. Somerset Maugham""?",William Somerset Maugham,book-author,author-of-book
"Who wrote the book ""The Sea Came in at Midnight""?",Steve Erickson,book-author,who-wrote-book
"Who is the author of the book ""The Reivers""?",William Faulkner,book-author,author-of-book
"Who wrote the book ""The Restaurant at the End of the Universe""?",Douglas Adams,book-author,who-wrote-book
"Who wrote the book ""The Punisher, Vol. 1: Welcome Back, Frank""?",Garth Ennis,book-author,who-wrote-book
"Who is the author of the book ""Something in Between""?",Melissa de la Cruz,book-author,author-of-book
"Who is the author of the book ""Surrender, New York""?",Caleb Carr,book-author,author-of-book
"Who wrote the book ""The Cranford Chronicles""?",Elizabeth Gaskell,book-author,who-wrote-book
"Who is the author of the book ""The Last Mercenary""?",Diana Palmer,book-author,author-of-book
"Who wrote the book ""What Keeps You Up at Night?: How to Find Peace While Chasing Your Dreams""?",Pete Wilson,book-author,who-wrote-book
"Who wrote the book ""The Loving Daylights""?",Lynsay Sands,book-author,who-wrote-book
"Who wrote the book ""Carrera's Bride""?",Diana Palmer,book-author,who-wrote-book
"Who is the author of the book ""The Destruction of the Books""?",Mel Odom,book-author,author-of-book
"Who wrote the book ""The Assault""?",Harry Mulisch,book-author,who-wrote-book
"Who is the author of the book ""The Dilbert Principle: A Cubicle's-Eye View of Bosses, Meetings, Management Fads & Other Workplace Afflictions""?",Scott Adams,book-author,author-of-book
"Who is the author of the book ""Make Me One with Everything: Buddhist Meditations to Awaken from the Illusion of Separation""?",Lama Surya Das,book-author,author-of-book
"Who is the author of the book ""The End of History and the Last Man""?",Francis Fukuyama,book-author,author-of-book
"Who is the author of the book ""Cuentos de Eva Luna""?",Isabel Allende,book-author,author-of-book
"Who is the author of the book ""The Time Is Noon: A Novel""?",Pearl S. Buck,book-author,author-of-book
"Who wrote the book ""The Green Boat: Reviving Ourselves in Our Capsized Culture""?",Mary Pipher,book-author,who-wrote-book
"Who is the author of the book ""Be Confident (Hebrews): Live by Faith, Not by Sight""?",Warren W. Wiersbe,book-author,author-of-book
"Who wrote the book ""Cuentos de la Alhambra""?",Washington Irving,book-author,who-wrote-book
"Who is the author of the book ""John & Jackie""?",T.J. Klune,book-author,author-of-book
"Who is the author of the book ""Death Trance""?",Graham Masterton,book-author,author-of-book
"Who is the author of the book ""Tell Me It's Real""?",T.J. Klune,book-author,author-of-book
"Who wrote the book ""The Immortal Hunter""?",Lynsay Sands,book-author,who-wrote-book
"Who wrote the book ""On Fiction""?",Virginia Woolf,book-author,who-wrote-book
"Who is the author of the book ""Blameless in Abaddon""?",James K. Morrow,book-author,author-of-book
"Who is the author of the book ""The Greatest American President: The Autobiography of Theodore Roosevelt""?",Teddy Roosevelt,book-author,author-of-book
"Who is the author of the book ""Demon Blessed: The Box Set""?",Nikki Sex,book-author,author-of-book
"Who wrote the book ""Beyond the Shadow of War""?",Diane Moody,book-author,who-wrote-book
"Who wrote the book ""The Sorrows of Young Mike""?",John Zelazny,book-author,who-wrote-book
"Who wrote the book ""Scorched""?",Jennifer L. Armentrout,book-author,who-wrote-book
"Who wrote the book ""All of Me""?",Lisa Renee Jones,book-author,who-wrote-book
"Who is the author of the book ""To Own a Dragon: Reflections on Growing Up Without a Father""?",Donald Miller,book-author,author-of-book
"Who wrote the book ""One Man's Wilderness: An Alaskan Odyssey""?",Sam Keith,book-author,who-wrote-book
"Who is the author of the book ""My Fair Lazy: One Reality Television Addict's Attempt to Discover If Not Being A Dumb Ass Is the New Black; Or, A Culture-Up Manifesto""?",Jen Lancaster,book-author,author-of-book
"Who is the author of the book ""Crater Trueblood and the Lunar Rescue Company""?",Homer Hickam,book-author,author-of-book
"Who is the author of the book ""Bilbo's Last Song""?",J.R.R. Tolkien,book-author,author-of-book
"Who wrote the book ""No Dominion""?",C.E. Murphy,book-author,who-wrote-book
"Who is the author of the book ""Theaterspiele""?",Günter Grass,book-author,author-of-book
"Who is the author of the book ""The Firstborn Collection: Fame / Forgiven / Found / Family / Forever""?",Karen Kingsbury,book-author,author-of-book
"Who wrote the book ""Jessi and the Troublemaker""?",Ann M. Martin,book-author,who-wrote-book
"Who wrote the book ""My Life as a Fake""?",Peter Carey,book-author,who-wrote-book
"Who wrote the book ""The Course of the Heart""?",M. John Harrison,book-author,who-wrote-book
"Who is the author of the book ""The Complete Collected Poems""?",Maya Angelou,book-author,author-of-book
"Who wrote the book ""Star Wars: Episode II - Attack Of The Clones""?",R.A. Salvatore,book-author,who-wrote-book
"Who is the author of the book ""English Hours""?",Henry James,book-author,author-of-book
"Who is the author of the book ""Reading the Waste Land: Modernism and the Limits of Interpretation""?",Jewel Spears Brooker,book-author,author-of-book
"Who is the author of the book ""Never Never""?",James Patterson,book-author,author-of-book
"Who wrote the book ""Royal Flash""?",George MacDonald Fraser,book-author,who-wrote-book
"Who wrote the book ""How to Talk to Anyone: 92 Little Tricks for Big Success in Relationships""?",Leil Lowndes,book-author,who-wrote-book
"Who wrote the book ""In the Year 2889""?",Jules Verne,book-author,who-wrote-book
"Who is the author of the book ""Heart of Steel""?",Meljean Brook,book-author,author-of-book
"Who is the author of the book ""Until I Find You""?",John Irving,book-author,author-of-book
"Who wrote the book ""Esmeralda""?",Betty Neels,book-author,who-wrote-book
"Who is the author of the book ""1876""?",Gore Vidal,book-author,author-of-book
"Who wrote the book ""Injection, Vol. 1""?",Warren Ellis,book-author,who-wrote-book
"Who is the author of the book ""Demonic Males: Apes and the Origins of Human Violence""?",Dale Peterson,book-author,author-of-book
"Who wrote the book ""Dark Moon""?",David Gemmell,book-author,who-wrote-book
"Who wrote the book ""When the Darkness Will Not Lift: Doing What We Can While We Wait for God—And Joy""?",John Piper,book-author,who-wrote-book
"Who is the author of the book ""Seduced by Moonlight""?",Laurell K Hamilton,book-author,author-of-book
"Who is the author of the book ""Cod: A Biography of the Fish that Changed the World""?",Mark Kurlansky,book-author,author-of-book
"Who wrote the book ""Dreamers of the Day""?",Mary Doria Russell,book-author,who-wrote-book
"Who is the author of the book ""Fugitive Nights""?",Joseph Wambaugh,book-author,author-of-book
"Who wrote the book ""How to Talk to Anyone, Anytime, Anywhere: The Secrets of Good Communication""?",Larry King,book-author,who-wrote-book
"Who wrote the book ""Romance""?",Chuck Palahniuk,book-author,who-wrote-book
"Who is the author of the book ""Winds of Fate""?",Mercedes Lackey,book-author,author-of-book
"Who is the author of the book ""Eggs""?",Jerry Spinelli,book-author,author-of-book
"Who wrote the book ""Big Sex Little Death: A Memoir""?",Susie Bright,book-author,who-wrote-book
"Who is the author of the book ""White-Hot Hack""?",Tracey Garvis-Graves,book-author,author-of-book
"Who wrote the book ""Complete Works of William Blake""?",William Blake,book-author,who-wrote-book
"Who wrote the book ""White Eagle, Red Star: The Polish-Soviet War 1919-20""?",Norman Davies,book-author,who-wrote-book
"Who is the author of the book ""The Secret Lives of Dresses""?",Erin McKean,book-author,author-of-book
"Who is the author of the book ""TransAtlantic""?",Colum McCann,book-author,author-of-book
"Who is the author of the book ""The Mage & the Magpie""?",Austin J. Bailey,book-author,author-of-book
"Who is the author of the book ""Russian Stories and Legends""?",Leo Tolstoy,book-author,author-of-book
"Who is the author of the book ""The Sheep Look Up""?",John Brunner,book-author,author-of-book
"Who wrote the book ""Seventh Decimate""?",Stephen R. Donaldson,book-author,who-wrote-book
"Who is the author of the book ""The Albertine Workout""?",Anne Carson,book-author,author-of-book
"Who wrote the book ""Fade""?",Lisa McMann,book-author,who-wrote-book
"Who wrote the book ""The Case of the Mythical Monkeys""?",Erle Stanley Gardner,book-author,who-wrote-book
"Who wrote the book ""Fate""?",Nikki Sex,book-author,who-wrote-book
"Who wrote the book ""Caring for Words in a Culture of Lies""?",Marilyn Chandler McEntyre,book-author,who-wrote-book
"Who wrote the book ""Loves Music, Loves to Dance""?",Mary Higgins Clark,book-author,who-wrote-book
"Who wrote the book ""Midnight Bayou""?",Nora Roberts,book-author,who-wrote-book
"Who wrote the book ""Find Her""?",Lisa Gardner,book-author,who-wrote-book
"Who wrote the book ""Old School""?",Tobias Wolff,book-author,who-wrote-book
"Who is the author of the book ""The Magus""?",John Fowles,book-author,author-of-book
"Who is the author of the book ""Success and Happiness - Quotes to Motivate Inspire & Live by""?",Atticus Aristotle,book-author,author-of-book
"Who wrote the book ""Все літо наче день один. 100 оповідань. Том перший : у 2-х кн. Кн.1.""?",Ray Bradbury,book-author,who-wrote-book
"Who wrote the book ""A Personal Matter""?",Kenzaburō Ōe,book-author,who-wrote-book
"Who is the author of the book ""Transition""?",Iain M. Banks,book-author,author-of-book
"Who wrote the book ""Paradosis; or, in the Night in which he was Betrayed""?",Edwin A. Abbott,book-author,who-wrote-book
"Who is the author of the book ""The Intelligent Investor""?",Benjamin Graham,book-author,author-of-book
"Who is the author of the book ""Gideon's Corpse""?",Douglas Preston,book-author,author-of-book
"Who is the author of the book ""Forbidden""?",Beverly Jenkins,book-author,author-of-book
"Who is the author of the book ""Fleshmarket Alley""?",Ian Rankin,book-author,author-of-book
"Who is the author of the book ""The Democracy Project: A History, a Crisis, a Movement""?",David Graeber,book-author,author-of-book
"Who is the author of the book ""Take Today: The Executive as Dropout""?",Marshall McLuhan,book-author,author-of-book
"Who is the author of the book ""O poder da ação: Faça sua vida ideal sair do papel""?",Paulo Vieira,book-author,author-of-book
"Who is the author of the book ""Baby-Sitters on Board!""?",Ann M. Martin,book-author,author-of-book
"Who is the author of the book ""The Trial""?",Franz Kafka,book-author,author-of-book
"Who wrote the book ""Anam Cara: A Book of Celtic Wisdom""?",John O'Donohue,book-author,who-wrote-book
"Who wrote the book ""The Pleasures of Reading in an Age of Distraction""?",Alan Jacobs,book-author,who-wrote-book
"Who wrote the book ""Passage to Dawn""?",R.A. Salvatore,book-author,who-wrote-book
"Who is the author of the book ""There Are Doors""?",Gene Wolfe,book-author,author-of-book
"Who wrote the book ""How I Grew""?",Mary McCarthy,book-author,who-wrote-book
"Who is the author of the book ""Hero: The Life and Legend of Lawrence of Arabia""?",Michael Korda,book-author,author-of-book
"Who is the author of the book ""Worst. Person. Ever.""?",Douglas Coupland,book-author,author-of-book
"Who is the author of the book ""Prince of Dogs""?",Kate Elliott,book-author,author-of-book
"Who wrote the book ""Why I am an Atheist""?",Bhagat Singh,book-author,who-wrote-book
"Who wrote the book ""Do I Dare Disturb the Universe?""?",Madeleine L'Engle,book-author,who-wrote-book
"Who wrote the book ""James Potter and the Hall of Elders' Crossing""?",G. Norman Lippert,book-author,who-wrote-book
"Who is the author of the book ""The Danger""?",Dick Francis,book-author,author-of-book
"Who wrote the book ""القاهرة الجديدة""?",Naguib Mahfouz,book-author,who-wrote-book
"Who is the author of the book ""Where Are the Children?""?",Mary Higgins Clark,book-author,author-of-book
"Who is the author of the book ""The White Gryphon""?",Mercedes Lackey,book-author,author-of-book
"Who wrote the book ""The Earth Is Weeping: The Epic Story of the Indian Wars for the American West""?",Peter Cozzens,book-author,who-wrote-book
"Who is the author of the book ""A Monstrous Regiment of Women""?",Laurie R. King,book-author,author-of-book
"Who is the author of the book ""The Happiness Advantage: The Seven Principles of Positive Psychology That Fuel Success and Performance at Work""?",Shawn Achor,book-author,author-of-book
"Who wrote the book ""The Persistence of Memory""?",David Mack,book-author,who-wrote-book
"Who wrote the book ""The Ascent of Money: A Financial History of the World""?",Niall Ferguson,book-author,who-wrote-book
"Who wrote the book ""Selected Poems and Four Plays""?",W.B. Yeats,book-author,who-wrote-book
"Who wrote the book ""Play It As It Lays""?",Joan Didion,book-author,who-wrote-book
"Who wrote the book ""The Given Sacrifice: A Novel of the Change""?",S.M. Stirling,book-author,who-wrote-book
"Who is the author of the book ""The Den of Shadows Quartet""?",Amelia Atwater-Rhodes,book-author,author-of-book
"Who wrote the book ""We Are Taking Only What We Need""?",Stephanie Powell Watts,book-author,who-wrote-book
"Who wrote the book ""Suvashun""?",Simin Daneshvar,book-author,who-wrote-book
"Who is the author of the book ""The Icarus Agenda""?",Robert Ludlum,book-author,author-of-book
"Who wrote the book ""Shopaholic & Baby""?",Sophie Kinsella,book-author,who-wrote-book
"Who wrote the book ""Born of the Night""?",Sherrilyn Kenyon,book-author,who-wrote-book
"Who is the author of the book ""The Eyes of the Skin: Architecture and the Senses""?",Juhani Pallasmaa,book-author,author-of-book
"Who is the author of the book ""New Year's Day""?",Edith Wharton,book-author,author-of-book
"Who is the author of the book ""Strangers in the Night""?",Linda Howard,book-author,author-of-book
"Who wrote the book ""An Untamed State""?",Roxane Gay,book-author,who-wrote-book
"Who is the author of the book ""Finding Grace: A True Story About Losing Your Way In Life...And Finding It Again""?",Donna VanLiere,book-author,author-of-book
"Who wrote the book ""Opal""?",Jennifer L. Armentrout,book-author,who-wrote-book
"Who wrote the book ""The Pariah""?",Graham Masterton,book-author,who-wrote-book
"Who is the author of the book ""Immanuel's Veins""?",Ted Dekker,book-author,author-of-book
"Who is the author of the book ""Saga, Vol. 4""?",Brian K. Vaughan,book-author,author-of-book
"Who wrote the book ""Down the Street""?",Lynda Barry,book-author,who-wrote-book
"Who is the author of the book ""The Jungle Book""?",Kipling Rudyard,book-author,author-of-book
"Who wrote the book ""An Affair to Remember""?",Christopher Andersen,book-author,who-wrote-book
"Who is the author of the book ""Many Bloody Returns""?",Jim Butcher,book-author,author-of-book
"Who is the author of the book ""The Mueller Report""?",The Washington Post,book-author,author-of-book
"Who is the author of the book ""The Nothing""?",Hanif Kureishi,book-author,author-of-book
"Who is the author of the book ""A Bright and Guilty Place: Murder, Corruption, and L.A.'s Scandalous Coming of Age""?",Richard Rayner,book-author,author-of-book
"Who is the author of the book ""Feeling Good Together: The secret to making troubled relationships work""?",David D. Burns,book-author,author-of-book
"Who wrote the book ""Canada""?",Richard Ford,book-author,who-wrote-book
"Who wrote the book ""Guardian""?",Shannon Mayer,book-author,who-wrote-book
"Who wrote the book ""All I Really Need to Know I Learned in Kindergarten: Uncommon Thoughts on Common Things""?",Robert Fulghum,book-author,who-wrote-book
"Who is the author of the book ""El asedio""?",Arturo Pérez-Reverte,book-author,author-of-book
"Who is the author of the book ""Drawing Blood""?",Poppy Z. Brite,book-author,author-of-book
"Who is the author of the book ""Collaboration Begins with You: Be a Silo Buster""?",Kenneth H. Blanchard,book-author,author-of-book
"Who wrote the book ""A Fine and Private Place""?",Peter S. Beagle,book-author,who-wrote-book
"Who is the author of the book ""An Ordinary Person's Guide to Empire""?",Arundhati Roy,book-author,author-of-book
"Who wrote the book ""Peacemaker""?",C.J. Cherryh,book-author,who-wrote-book
"Who is the author of the book ""Endgame and Act Without Words""?",Samuel Beckett,book-author,author-of-book
"Who wrote the book ""The Three Signs of a Miserable Job: A Management Fable About Helping Employees Find Fulfillment in Their Work""?",Patrick Lencioni,book-author,who-wrote-book
"Who is the author of the book ""The Unicorn Sonata""?",Peter S. Beagle,book-author,author-of-book
"Who is the author of the book ""The Years of Rice and Salt""?",Kim Stanley Robinson,book-author,author-of-book
"Who is the author of the book ""Selected Letters of James Joyce""?",James Joyce,book-author,author-of-book
"Who wrote the book ""Mediterranean Winter: The Pleasures of History and Landscape in Tunisia, Sicily, Dalmatia and the Peloponnese""?",Robert D. Kaplan,book-author,who-wrote-book
"Who is the author of the book ""Finding a Form""?",William H. Gass,book-author,author-of-book
"Who wrote the book ""The Oracle""?",Clive Cussler,book-author,who-wrote-book
"Who is the author of the book ""Mrs. Piggle-Wiggle's Magic""?",Betty MacDonald,book-author,author-of-book
"Who is the author of the book ""A Place of Execution""?",Val McDermid,book-author,author-of-book
"Who wrote the book ""Here There Be Monsters""?",Meljean Brook,book-author,who-wrote-book
"Who is the author of the book ""Wormwood: A Collection of Short Stories""?",Poppy Z. Brite,book-author,author-of-book
"Who wrote the book ""Todo lo bueno es libre y salvaje""?",Henry David Thoreau,book-author,who-wrote-book
"Who wrote the book ""The Dain Curse, The Glass Key, and Selected Stories""?",Dashiell Hammett,book-author,who-wrote-book
"Who wrote the book ""The Colors of Hope: Becoming People of Mercy, Justice, and Love""?",Richard Dahlstrom,book-author,who-wrote-book
"Who wrote the book ""Naked""?",David Sedaris,book-author,who-wrote-book
"Who is the author of the book ""Can Democracy Survive Global Capitalism?""?",Robert Kuttner,book-author,author-of-book
"Who is the author of the book ""Rite of Passage: A Short Story""?",Rebecca McNutt,book-author,author-of-book
"Who wrote the book ""Don DeLillo's White Noise""?",Don DeLillo,book-author,who-wrote-book
"Who is the author of the book ""When Christ Comes: The Beginning of the Very Best""?",Max Lucado,book-author,author-of-book
"Who is the author of the book ""Shogun""?",James Clavell,book-author,author-of-book
"Who wrote the book ""The Reasons of Love""?",Harry G. Frankfurt,book-author,who-wrote-book
"Who is the author of the book ""Race & Economics: How Much Can Be Blamed on Discrimination?""?",Walter E. Williams,book-author,author-of-book
"Who is the author of the book ""Iran Awakening""?",Shirin Ebadi,book-author,author-of-book
"Who is the author of the book ""The Australian Disease: On the Decline of Love and the Rise of Non-freedom""?",Richard Flanagan,book-author,author-of-book
"Who is the author of the book ""Superforecasting: The Art and Science of Prediction""?",Philip Tetlock,book-author,author-of-book
"Who is the author of the book ""Titus Alone""?",Mervyn Peake,book-author,author-of-book
"Who wrote the book ""Take Me On""?",Katie McGarry,book-author,who-wrote-book
"Who wrote the book ""Agua de lluvia""?",Claudia Velasco,book-author,who-wrote-book
"Who wrote the book ""Time and Chance""?",Sharon Kay Penman,book-author,who-wrote-book
"Who is the author of the book ""Physics of the Impossible""?",Michio Kaku,book-author,author-of-book
"Who is the author of the book ""The Palace of the White Skunks""?",Reinaldo Arenas,book-author,author-of-book
"Who wrote the book ""Time Travel: A History""?",James Gleick,book-author,who-wrote-book
"Who is the author of the book ""Quest for the Crystal Castle""?",Dan Millman,book-author,author-of-book
"Who wrote the book ""The Picture of Dorian Gray and Selected Stories""?",Oscar Wilde,book-author,who-wrote-book
"Who is the author of the book ""Revelations""?",Melissa de la Cruz,book-author,author-of-book
"Who wrote the book ""Nation""?",Terry Pratchett,book-author,who-wrote-book
"Who wrote the book ""The Curmudgeon's Guide to Getting Ahead: The Dos and Don'ts of Clear Writing, Tough Thinking, Right Behavior, and Living a Good Life""?",Charles Murray,book-author,who-wrote-book
"Who wrote the book ""The Sandman #45: Brief Lives Part 5""?",Neil Gaiman,book-author,who-wrote-book
"Who is the author of the book ""The Making of the President 2016: How Donald Trump Orchestrated a Revolution""?",Roger Stone,book-author,author-of-book
"Who is the author of the book ""The Modern Library : The Two Hundred Best Novels in English Since 1950""?",Colm Tóibín,book-author,author-of-book
"Who is the author of the book ""The Kennedys: All the Gossip Unfit for Print""?",Darwin Porter,book-author,author-of-book
"Who is the author of the book ""Ulysses by James Joyce""?",James Joyce,book-author,author-of-book
"Who wrote the book ""Hot, Flat, and Crowded: Why We Need a Green Revolution – and How It Can Renew America""?",Thomas L. Friedman,book-author,who-wrote-book
"Who is the author of the book ""Coup de foudre""?",Danielle Steel,book-author,author-of-book
"Who wrote the book ""Mercy Among the Children""?",David Adams Richards,book-author,who-wrote-book
"Who is the author of the book ""And One Last Thing ...""?",Molly Harper,book-author,author-of-book
"Who wrote the book ""Melting the Millionaire's Heart""?",Linda Morrisx,book-author,who-wrote-book
"Who wrote the book ""Van Gogh As Prometheus""?",Georges Bataille,book-author,who-wrote-book
"Who is the author of the book ""A Wolverine Is Eating My Leg""?",Tim Cahill,book-author,author-of-book
"Who wrote the book ""Red Knight Falling""?",Craig Schaefer,book-author,who-wrote-book
"Who wrote the book ""Love's Labour's Lost""?",William Shakespeare,book-author,who-wrote-book
"Who is the author of the book ""A Year in the Merde""?",Stephen Clarke,book-author,author-of-book
"Who wrote the book ""Breach Of Duty""?",J.A. Jance,book-author,who-wrote-book
"Who is the author of the book ""Private""?",James Patterson,book-author,author-of-book
"Who wrote the book ""Moedervlekken""?",Arnon Grunberg,book-author,who-wrote-book
"Who wrote the book ""Declutter Your Mind: How to Stop Worrying, Relieve Anxiety, and Eliminate Negative Thinking""?",S.J. Scott,book-author,who-wrote-book
"Who wrote the book ""Bergdorf Blondes""?",Plum Sykes,book-author,who-wrote-book
"Who is the author of the book ""The Waters of Eternal Youth""?",Donna Leon,book-author,author-of-book
"Who wrote the book ""Outsider in Amsterdam""?",Janwillem van de Wetering,book-author,who-wrote-book
"Who wrote the book ""The Saint, the Surfer, and the CEO: A Remarkable Story about Living Your Heart's Desires""?",Robin S. Sharma,book-author,who-wrote-book
"Who is the author of the book ""One Kiss From You""?",Christina Dodd,book-author,author-of-book
"Who is the author of the book ""An Alex Cross Omnibus: Cat and Mouse & Pop Goes the Weasel""?",James Patterson,book-author,author-of-book
"Who is the author of the book ""Unexpected Blessings""?",Barbara Taylor Bradford,book-author,author-of-book
"Who wrote the book ""Just a Kiss""?",Denise Hunter,book-author,who-wrote-book
"Who wrote the book ""The Antidote: Happiness for People Who Can't Stand Positive Thinking""?",Oliver Burkeman,book-author,who-wrote-book
"Who is the author of the book ""Success Through a Positive Mental Attitude""?",Napoleon Hill,book-author,author-of-book
"Who wrote the book ""Annie Kilburn""?",William Dean Howells,book-author,who-wrote-book
"Who is the author of the book ""People of the Lie: The Hope for Healing Human Evil""?",M. Scott Peck,book-author,author-of-book
"Who is the author of the book ""An Acceptable Time""?",Madeleine L'Engle,book-author,author-of-book
"Who is the author of the book ""Girl""?",Blake Nelson,book-author,author-of-book
"Who is the author of the book ""The Thing in the Stone: And Other Stories""?",Clifford D. Simak,book-author,author-of-book
"Who wrote the book ""Trajectory""?",Richard Russo,book-author,who-wrote-book
"Who wrote the book ""David Boring""?",Daniel Clowes,book-author,who-wrote-book
"Who wrote the book ""Chosen By God: Know God's Perfect Plan for His Glory and His Children""?",R.C. Sproul,book-author,who-wrote-book
"Who wrote the book ""I Totally Funniest: A Middle School Story:""?",James Patterson,book-author,who-wrote-book
"Who wrote the book ""A Simple Plan""?",Scott B. Smith,book-author,who-wrote-book
"Who is the author of the book ""The Blue Room""?",Georges Simenon,book-author,author-of-book
"Who wrote the book ""Margaret Truman's Experiment in Murder: A Capital Crimes Novel""?",Donald Bain,book-author,who-wrote-book
"Who wrote the book ""The Secret Between Us""?",Barbara Delinsky,book-author,who-wrote-book
"Who is the author of the book ""Shadowrise""?",Tad Williams,book-author,author-of-book
"Who is the author of the book ""The Men Who Stare At Goats""?",Jon Ronson,book-author,author-of-book
"Who wrote the book ""Two-Headed Poems""?",Margaret Atwood,book-author,who-wrote-book
"Who is the author of the book ""Enigma""?",Catherine Coulter,book-author,author-of-book
"Who is the author of the book ""Hotels of North America: A novel""?",Rick Moody,book-author,author-of-book
"Who wrote the book ""All the Pretty Horses by Cormac Mc Carthy: Teacher Guide""?",Cormac McCarthy,book-author,who-wrote-book
"Who wrote the book ""Lettere dal carcere""?",Antonio Gramsci,book-author,who-wrote-book
"Who wrote the book ""Kingdom of Fear: Loathsome Secrets of a Star-crossed Child in the Final Days of the American Century""?",Hunter S. Thompson,book-author,who-wrote-book
"Who is the author of the book ""Day Shift""?",Charlaine Harris,book-author,author-of-book
"Who wrote the book ""Dragonfly Summer: Smith Mountain Lake Series - Book Two""?",Inglath Cooper,book-author,who-wrote-book
"Who is the author of the book ""Dreaming in the Dark""?",Jack Dann,book-author,author-of-book
"Who wrote the book ""Cape Fear""?",John D. MacDonald,book-author,who-wrote-book
"Who is the author of the book ""Ours to Love""?",Shayla Black,book-author,author-of-book
"Who wrote the book ""Innocent""?",Scott Turow,book-author,who-wrote-book
"Who is the author of the book ""Shadowmarch""?",Tad Williams,book-author,author-of-book
"Who wrote the book ""Strip Jack""?",Ian Rankin,book-author,who-wrote-book
"Who wrote the book ""Lost in the Cosmos: The Last Self-Help Book""?",Walker Percy,book-author,who-wrote-book
"Who is the author of the book ""The Sot-Weed Factor""?",John Barth,book-author,author-of-book
"Who is the author of the book ""South of No North""?",Charles Bukowski,book-author,author-of-book
"Who wrote the book ""Children of the Red King #8: Charlie Bone and the Red Knight""?",Jenny Nimmo,book-author,who-wrote-book
"Who wrote the book ""Criminal""?",Karin Slaughter,book-author,who-wrote-book
"Who is the author of the book ""The Maze of Bones""?",Rick Riordan,book-author,author-of-book
"Who wrote the book ""I Maleducati: Contro La Cafoneria Della Vita Quotidiana""?",Lynne Truss,book-author,who-wrote-book
"Who is the author of the book ""Breaking Free Day by Day: A Year of Walking in Liberty""?",Beth Moore,book-author,author-of-book
"Who is the author of the book ""The Door in the Hedge""?",Robin McKinley,book-author,author-of-book
"Who wrote the book ""Strangers in Their Own Land: Anger and Mourning on the American Right""?",Arlie Russell Hochschild,book-author,who-wrote-book
"Who wrote the book ""Magic Strikes - Hot Tub""?",Ilona Andrews,book-author,who-wrote-book
"Who is the author of the book ""If on a Winter's Night a Traveler""?",Italo Calvino,book-author,author-of-book
"Who is the author of the book ""Individuality From 'The Gods and Other Lectures'""?",Robert Green Ingersoll,book-author,author-of-book
"Who wrote the book ""In the Name of Jesus""?",Henri J.M. Nouwen,book-author,who-wrote-book
"Who is the author of the book ""Black Panther #14""?",Ta-Nehisi Coates,book-author,author-of-book
"Who is the author of the book ""Practicing History:  Selected Essays""?",Barbara W. Tuchman,book-author,author-of-book
"Who is the author of the book ""But What If We're Wrong?""?",Chuck Klosterman,book-author,author-of-book
"Who wrote the book ""The Queen of Attolia""?",Megan Whalen Turner,book-author,who-wrote-book
"Who wrote the book ""Notes from the Underground""?",Fyodor Dostoyevsky,book-author,who-wrote-book
"Who is the author of the book ""Absolute Watchmen""?",Alan Moore,book-author,author-of-book
"Who is the author of the book ""The Art of Pilgrimage: The Seeker's Guide to Making Travel Sacred""?",Phil Cousineau,book-author,author-of-book
"Who wrote the book ""Runaways Deluxe, Vol. 2""?",Brian K. Vaughan,book-author,who-wrote-book
"Who is the author of the book ""Today Matters: 12 Daily Practices to Guarantee Tomorrow's Success""?",John C. Maxwell,book-author,author-of-book
"Who wrote the book ""Gentian Hill""?",Elizabeth Goudge,book-author,who-wrote-book
"Who wrote the book ""The Conscious Mind: In Search of a Fundamental Theory""?",David J. Chalmers,book-author,who-wrote-book
"Who is the author of the book ""Feet of Clay""?",Terry Pratchett,book-author,author-of-book
"Who is the author of the book ""Surprised by Suffering: The Role of Pain and Death in The Christian Life""?",R.C. Sproul,book-author,author-of-book
"Who wrote the book ""Becoming Myself: Embracing God's Dream of You""?",Stasi Eldredge,book-author,who-wrote-book
"Who is the author of the book ""Gate of Ivrel""?",C.J. Cherryh,book-author,author-of-book
"Who wrote the book ""Skin Divers""?",Anne Michaels,book-author,who-wrote-book
"Who wrote the book ""A Room with a View""?",E. M. Forster,book-author,who-wrote-book
"Who is the author of the book ""The Kraken King and the Iron Heart""?",Meljean Brook,book-author,author-of-book
"Who wrote the book ""Magic Bites""?",Ilona Andrews,book-author,who-wrote-book
"Who is the author of the book ""Fog""?",Caroline B. Cooney,book-author,author-of-book
"Who is the author of the book ""More Baths Less Talking: Notes from the Reading Life of a Celebrated Author Locked in Battle with Football, Family, and Time""?",Nick Hornby,book-author,author-of-book
"Who is the author of the book ""The Notorious Dr. August: His Real Life And Crimes""?",Christopher Bram,book-author,author-of-book
"Who wrote the book ""A Christmas Sermon""?",Robert Louis Stevenson,book-author,who-wrote-book
"Who wrote the book ""Lightning""?",Danielle Steel,book-author,who-wrote-book
"Who is the author of the book ""If I Live""?",Terri Blackstock,book-author,author-of-book
"Who is the author of the book ""色彩を持たない多崎つくると、彼の巡礼の年""?",Haruki Murakami,book-author,author-of-book
"Who is the author of the book ""The Strange Death of Europe: Immigration, Identity, Islam""?",Douglas Murray,book-author,author-of-book
"Who wrote the book ""How to Talk to a Widower""?",Jonathan Tropper,book-author,who-wrote-book
"Who is the author of the book ""Sugar Daddies""?",Jade West,book-author,author-of-book
"Who wrote the book ""Diaries, 1910 1923""?",Franz Kafka,book-author,who-wrote-book
"Who is the author of the book ""Wait Till Helen Comes""?",Mary Downing Hahn,book-author,author-of-book
"Who is the author of the book ""Two Peas in a Pod""?",Sarah Mlynowski,book-author,author-of-book
"Who is the author of the book ""Company / Ill Seen Ill Said / Worstward Ho / Stirrings Still""?",Samuel Beckett,book-author,author-of-book
"Who is the author of the book ""Leaving Neverland: Why Little Boys Shouldn't Run Big Corporations""?",Daniel Prokop,book-author,author-of-book
"Who is the author of the book ""Siegfried""?",Harry Mulisch,book-author,author-of-book
"Who wrote the book ""The Lost Prince""?",Frances Hodgson Burnett,book-author,who-wrote-book
"Who is the author of the book ""The Killings At Badger's Drift""?",Caroline Graham,book-author,author-of-book
"Who wrote the book ""Heart on the Line""?",Karen Witemeyer,book-author,who-wrote-book
"Who wrote the book ""Hannah""?",Kathryn Lasky,book-author,who-wrote-book
"Who is the author of the book ""Hold Tight""?",Harlan Coben,book-author,author-of-book
"Who is the author of the book ""Bring Her Home""?",David J. Bell,book-author,author-of-book
"Who is the author of the book ""The Quiet Game""?",Greg Iles,book-author,author-of-book
"Who wrote the book ""Never Seduce a Scot""?",Maya Banks,book-author,who-wrote-book
"Who is the author of the book ""Upside-Down Magic""?",Sarah Mlynowski,book-author,author-of-book
"Who is the author of the book ""What Do You Care What Other People Think?""?",Richard Feynman,book-author,author-of-book
"Who wrote the book ""Ninety Days of God's Goodness: Daily Reflections That Shine Light on Personal Darkness""?",Randy Alcorn,book-author,who-wrote-book
"Who is the author of the book ""The 101 Dalmatians""?",Dodie Smith,book-author,author-of-book
"Who wrote the book ""The 8th Habit: From Effectiveness to Greatness""?",Stephen R. Covey,book-author,who-wrote-book
"Who wrote the book ""Souls Belated""?",Edith Wharton,book-author,who-wrote-book
"Who is the author of the book ""Kill or Be Kilt""?",Victoria Roberts,book-author,author-of-book
"Who is the author of the book ""A Bridge for Passing""?",Pearl S. Buck,book-author,author-of-book
"Who is the author of the book ""Dash & Lily's Book of Dares""?",David Levithan,book-author,author-of-book
"Who is the author of the book ""The Undoing of Saint Silvanus""?",Beth Moore,book-author,author-of-book
"Who is the author of the book ""Awakening The Buddha Within: Eight Steps To Enlightenment""?",Lama Surya Das,book-author,author-of-book
"Who is the author of the book ""The G.K. Chesterton Collection [34 Books]""?",G.K. Chesterton,book-author,author-of-book
"Who is the author of the book ""Ruth""?",Elizabeth Gaskell,book-author,author-of-book
"Who wrote the book ""The Embarrassment of Riches: An Interpretation of Dutch Culture in the Golden Age""?",Simon Schama,book-author,who-wrote-book
"Who wrote the book ""Les Miserables - Tome I - Fantine""?",Victor Hugo,book-author,who-wrote-book
"Who is the author of the book ""V for Vendetta, Vol. VIII of X""?",Alan Moore,book-author,author-of-book
"Who is the author of the book ""Fallen Legion""?",Laura Kreitzer,book-author,author-of-book
"Who is the author of the book ""Making Democracy Work: Civic Traditions in Modern Italy""?",Robert D. Putnam,book-author,author-of-book
"Who wrote the book ""Reading the Bible Again For the First Time: Taking the Bible Seriously But Not Literally""?",Marcus J. Borg,book-author,who-wrote-book
"Who is the author of the book ""The Elusive Quest for Growth: Economists' Adventures and Misadventures in the Tropics""?",William Easterly,book-author,author-of-book
"Who wrote the book ""Philosophy: Who Needs It""?",Ayn Rand,book-author,who-wrote-book
"Who is the author of the book ""Letters to a Young Conservative""?",Dinesh D'Souza,book-author,author-of-book
"Who is the author of the book ""No Interest in Love""?",Cassie Mae,book-author,author-of-book
"Who is the author of the book ""The Children of Henry VIII""?",Alison Weir,book-author,author-of-book
"Who wrote the book ""Did I Ever Tell You How Lucky You Are?""?",Dr. Seuss,book-author,who-wrote-book
"Who is the author of the book ""The Sea""?",John Banville,book-author,author-of-book
"Who wrote the book ""Acastos""?",Iris Murdoch,book-author,who-wrote-book
"Who is the author of the book ""Malcolm X: A Life of Reinvention""?",Manning Marable,book-author,author-of-book
"Who wrote the book ""Mensagem""?",Fernando Pessoa,book-author,who-wrote-book
"Who is the author of the book ""It's in His Kiss""?",Julia Quinn,book-author,author-of-book
"Who is the author of the book ""Radical Forgiveness: God's Call to Unconditional Love""?",Brian Zahnd,book-author,author-of-book
"Who wrote the book ""Confidence: Confidence Hacks - Building Unconditional & Unstoppable Confidence and Keeping It For Life !: Build Self Confidence Quickly and Effortlessly ...""?",Jaspinder Grover,book-author,who-wrote-book
"Who wrote the book ""The Merchant of Venice""?",William Shakespeare,book-author,who-wrote-book
"Who wrote the book ""Talon of the Silver Hawk""?",Raymond E. Feist,book-author,who-wrote-book
"Who is the author of the book ""Next Door""?",Blake Pierce,book-author,author-of-book
"Who is the author of the book ""Liderazgo. El poder de la inteligencia emocional""?",Daniel Goleman,book-author,author-of-book
"Who is the author of the book ""The Skeptical Student""?",Timothy J. Keller,book-author,author-of-book
"Who is the author of the book ""The Tycoon's Kiss""?",Jane Porter,book-author,author-of-book
"Who is the author of the book ""Charlotte Mew And Her Friends""?",Penelope Fitzgerald,book-author,author-of-book
"Who wrote the book ""The Ethical Slut : A Practical Guide to Polyamory, Open Relationships & Other Adventures""?",Dossie Easton,book-author,who-wrote-book
"Who wrote the book ""Planet Narnia: The Seven Heavens in the Imagination of C.S. Lewis""?",Michael Ward,book-author,who-wrote-book
"Who wrote the book ""Diary of a Mad Old Man""?",Jun'ichirō Tanizaki,book-author,who-wrote-book
"Who wrote the book ""Clouds and Eclipses: The Collected Short Stories""?",Gore Vidal,book-author,who-wrote-book
"Who is the author of the book ""Living by the Word""?",Alice Walker,book-author,author-of-book
"Who wrote the book ""Sovereign Stone""?",David A. Wells,book-author,who-wrote-book
"Who wrote the book ""A Knight of the Seven Kingdoms""?",George R.R. Martin,book-author,who-wrote-book
"Who is the author of the book ""Paul Verlaine""?",Stefan Zweig,book-author,author-of-book
"Who wrote the book ""She: A History of Adventure (1887)""?",H. Rider Haggard,book-author,who-wrote-book
"Who is the author of the book ""Dragon Ball Z, Vol. 26: Goodbye Dragon World!""?",Akira Toriyama,book-author,author-of-book
"Who wrote the book ""How to Read Literature""?",Terry Eagleton,book-author,who-wrote-book
"Who is the author of the book ""The Body Remembers: The Psychophysiology of Trauma and Trauma Treatment""?",Babette Rothschild,book-author,author-of-book
"Who is the author of the book ""L'estrany cas del Dr. Jekyll i Mr. Hyde""?",Robert Louis Stevenson,book-author,author-of-book
"Who wrote the book ""Acts Of Faith""?",Iyanla Vanzant,book-author,who-wrote-book
"Who wrote the book ""The Course of Love""?",Alain de Botton,book-author,who-wrote-book
"Who is the author of the book ""Scarlet""?",Marissa Meyer,book-author,author-of-book
"Who wrote the book ""Midaq Alley""?",Naguib Mahfouz,book-author,who-wrote-book
"Who wrote the book ""A Salty Piece of Land""?",Jimmy Buffett,book-author,who-wrote-book
"Who is the author of the book ""This Is My God: The Jewish Way of Life""?",Herman Wouk,book-author,author-of-book
"Who is the author of the book ""On Anarchism""?",Noam Chomsky,book-author,author-of-book
"Who wrote the book ""A Rare Benedictine: The Advent of Brother Cadfael""?",Ellis Peters,book-author,who-wrote-book
"Who wrote the book ""Loveplay""?",Diana Palmer,book-author,who-wrote-book
"Who is the author of the book ""Kushiel's Scion""?",Jacqueline Carey,book-author,author-of-book
"Who wrote the book ""Go Tell It on the Mountain""?",James Baldwin,book-author,who-wrote-book
"Who is the author of the book ""The Accidental Woman""?",Jonathan Coe,book-author,author-of-book
"Who is the author of the book ""New and Selected Poems, Volume One""?",Mary Oliver,book-author,author-of-book
"Who is the author of the book ""Walt's Disneyland: It's Still There If You Know Where to Look""?",Jim Denney,book-author,author-of-book
"Who wrote the book ""Reinvention: How to Make the Rest of Your Life the Best of Your Life""?",Brian Tracy,book-author,who-wrote-book
"Who wrote the book ""The Virgin and the Gipsy & Other Stories""?",D.H. Lawrence,book-author,who-wrote-book
"Who wrote the book ""Trouble Is My Business""?",Raymond Chandler,book-author,who-wrote-book
"Who is the author of the book ""For The Tough Times: Reaching Toward Heaven for Hope""?",Max Lucado,book-author,author-of-book
"Who wrote the book ""Letter to a Godchild: Concerning Faith""?",Reynolds Price,book-author,who-wrote-book
"Who is the author of the book ""City of Endless Night""?",Douglas Preston,book-author,author-of-book
"Who is the author of the book ""Teen Idol""?",Meg Cabot,book-author,author-of-book
"Who wrote the book ""Crazy Love: Overwhelmed by a Relentless God""?",Francis Chan,book-author,who-wrote-book
"Who is the author of the book ""Conversations With God: An Uncommon Dialogue, Vol. 1""?",Neale Donald Walsch,book-author,author-of-book
"Who is the author of the book ""Lost on Planet China: The Strange and True Story of One Man's Attempt to Understand the World's Most Mystifying Nation, or How He Became Comfortable Eating Live Squid""?",J. Maarten Troost,book-author,author-of-book
"Who wrote the book ""The Illustrated Man""?",Ray Bradbury,book-author,who-wrote-book
"Who wrote the book ""Mrs. Everything""?",Jennifer Weiner,book-author,who-wrote-book
"Who is the author of the book ""Dakota""?",Martha Grimes,book-author,author-of-book
"Who is the author of the book ""The Pale King""?",David Foster Wallace,book-author,author-of-book
"Who wrote the book ""The Girl in the Woods""?",Gregg Olsen,book-author,who-wrote-book
"Who is the author of the book ""Grammatical Man: Information, Entropy, Language, and Life""?",Jeremy Campbell,book-author,author-of-book
"Who is the author of the book ""The Gathering Storm""?",Kate Elliott,book-author,author-of-book
"Who is the author of the book ""Love Wins: A Book About Heaven, Hell, and the Fate of Every Person Who Ever Lived""?",Rob Bell,book-author,author-of-book
"Who is the author of the book ""Preacher's Blood Hunt""?",William W. Johnstone,book-author,author-of-book
"Who is the author of the book ""Becoming a Spiritually Healthy Family: Avoiding the 6 Dysfunctional Parenting Styles""?",Michelle Anthony,book-author,author-of-book
"Who wrote the book ""Destiny's Embrace""?",Beverly Jenkins,book-author,who-wrote-book
"Who is the author of the book ""A Prayer For Owen Meany""?",John Irving,book-author,author-of-book
"Who is the author of the book ""The Essential Chomsky""?",Noam Chomsky,book-author,author-of-book
"Who is the author of the book ""Crater""?",Homer Hickam,book-author,author-of-book
"Who wrote the book ""Great Jones Street""?",Don DeLillo,book-author,who-wrote-book
"Who is the author of the book ""Shadow Dance""?",Angela Carter,book-author,author-of-book
"Who wrote the book ""FaceOff""?",David Baldacci,book-author,who-wrote-book
"Who wrote the book ""Vendetta""?",Fern Michaels,book-author,who-wrote-book
"Who wrote the book ""Honey for a Child's Heart: The Imaginative Use of Books in Family Life""?",Gladys M. Hunt,book-author,who-wrote-book
"Who is the author of the book ""Wild & Steamy""?",Meljean Brook,book-author,author-of-book
"Who is the author of the book ""Mountolive""?",Lawrence Durrell,book-author,author-of-book
"Who wrote the book ""Golem in the Gears""?",Piers Anthony,book-author,who-wrote-book
"Who wrote the book ""The Bride and the Beast""?",Teresa Medeiros,book-author,who-wrote-book
"Who is the author of the book ""The Sanctuary""?",Raymond Khoury,book-author,author-of-book
"Who is the author of the book ""Saffy's Angel""?",Hilary McKay,book-author,author-of-book
"Who wrote the book ""The Lions of Lucerne""?",Brad Thor,book-author,who-wrote-book
"Who is the author of the book ""Witch""?",Christopher Pike,book-author,author-of-book
"Who wrote the book ""House of Sand and Fog""?",Andre Dubus III,book-author,who-wrote-book
"Who is the author of the book ""Bite the Bullet""?",L.A. Banks,book-author,author-of-book
"Who wrote the book ""Memory in Death""?",J.D. Robb,book-author,who-wrote-book
"Who wrote the book ""Every Note Played""?",Lisa Genova,book-author,who-wrote-book
"Who wrote the book ""Shadows of the New Sun""?",Gene Wolfe,book-author,who-wrote-book
"Who is the author of the book ""Fate Succumbs""?",Tammy Blackwell,book-author,author-of-book
"Who is the author of the book ""Wicked Nights""?",Nina Bangs,book-author,author-of-book
"Who is the author of the book ""Erak's Ransom""?",John Flanagan,book-author,author-of-book
"Who wrote the book ""Intimate Allies""?",Dan B. Allender,book-author,who-wrote-book
"Who is the author of the book ""Mossflower""?",Brian Jacques,book-author,author-of-book
"Who is the author of the book ""Voice of the Eagle""?",Linda Lay Shuler,book-author,author-of-book
"Who wrote the book ""Flirting With Pride And Prejudice: Fresh Perspectives On The Original Chick Lit Masterpiece""?",Jennifer Crusie,book-author,who-wrote-book
"Who is the author of the book ""Nice Girls Don't Have Fangs""?",Molly Harper,book-author,author-of-book
"Who wrote the book ""One Love""?",Bob Marley,book-author,who-wrote-book
"Who is the author of the book ""Dating-ish""?",Penny Reid,book-author,author-of-book
"Who wrote the book ""Committed: A Skeptic Makes Peace with Marriage""?",Elizabeth Gilbert,book-author,who-wrote-book
"Who is the author of the book ""The Victors: Eisenhower and His Boys""?",Stephen E. Ambrose,book-author,author-of-book
"Who is the author of the book ""A Christmas Carol and Other Christmas Writings""?",Charles Dickens,book-author,author-of-book
"Who is the author of the book ""Jeeves in the Morning""?",P. G. Wodehouse,book-author,author-of-book
"Who is the author of the book ""Swan: Poems and Prose Poems""?",Mary Oliver,book-author,author-of-book
"Who is the author of the book ""Henry And June""?",Anaïs Nin,book-author,author-of-book
"Who wrote the book ""The Devil's Arithmetic""?",Jane Yolen,book-author,who-wrote-book
"Who is the author of the book ""Un Lun Dun""?",China Miéville,book-author,author-of-book
"Who is the author of the book ""Vernon God Little : a 21st century comedy in the presence of death""?",D.B.C. Pierre,book-author,author-of-book
"Who is the author of the book ""God Will Carry You Through""?",Max Lucado,book-author,author-of-book
"Who wrote the book ""Yellowstone Heart Song""?",Peggy L. Henderson,book-author,who-wrote-book
"Who wrote the book ""MAGALLANES El hombre y su gesta""?",Stefan Zweig,book-author,who-wrote-book
"Who wrote the book ""The Acme Novelty Datebook, Vol. 2, 1995-2002""?",Chris Ware,book-author,who-wrote-book
"Who is the author of the book ""Any Old Iron""?",Anthony Burgess,book-author,author-of-book
"Who is the author of the book ""I Hear You: The Surprisingly Simple Skill Behind Extraordinary Relationships""?",Michael S. Sorensen,book-author,author-of-book
"Who wrote the book ""Daughters Of Arabia: Princess 2""?",Jean Sasson,book-author,who-wrote-book
"Who is the author of the book ""Tom Strong, Book 2""?",Alan Moore,book-author,author-of-book
"Who is the author of the book ""The Bully, the Bullied, and the Bystander: From Preschool to High School--How Parents and Teachers Can Help Break the Cycle""?",Barbara Coloroso,book-author,author-of-book
"Who is the author of the book ""Raw Spirit: In Search of the Perfect Dram""?",Iain M. Banks,book-author,author-of-book
"Who is the author of the book ""Le Colonel Chabert""?",Honoré de Balzac,book-author,author-of-book
"Who is the author of the book ""The Story of Mr Sommer""?",Patrick Süskind,book-author,author-of-book
"Who wrote the book ""Prince of Annwn""?",Evangeline Walton,book-author,who-wrote-book
"Who is the author of the book ""Psmith in the City""?",P.G. Wodehouse,book-author,author-of-book
"Who wrote the book ""Elephant and Other Stories""?",Raymond Carver,book-author,who-wrote-book
"Who is the author of the book ""Captured by a Laird""?",Margaret Mallory,book-author,author-of-book
"Who wrote the book ""JPod""?",Douglas Coupland,book-author,who-wrote-book
"Who is the author of the book ""Gluttony: The Seven Deadly Sins""?",Francine Prose,book-author,author-of-book
"Who is the author of the book ""The Mistletoe Murder And Other Stories""?",P.D. James,book-author,author-of-book
"Who wrote the book ""Just Look Up""?",Courtney Walsh,book-author,who-wrote-book
"Who is the author of the book ""Complete Poems of Stephen Crane""?",Stephen Crane,book-author,author-of-book
"Who wrote the book ""Witches, Midwives, & Nurses: A History of Women Healers""?",Barbara Ehrenreich,book-author,who-wrote-book
"Who is the author of the book ""Suffering and the Sovereignty of God""?",John Piper,book-author,author-of-book
"Who wrote the book ""Doctor Who: Nothing O'Clock""?",Neil Gaiman,book-author,who-wrote-book
"Who is the author of the book ""A Time to Die: The Courtney Series 7""?",Wilbur Smith,book-author,author-of-book
"Who is the author of the book ""Death: Vintage Minis""?",Julian Barnes,book-author,author-of-book
"Who is the author of the book ""The Catcher in the Rye: A Summary of J. D. Salinger's Novel""?",J.D Salinger,book-author,author-of-book
"Who is the author of the book ""Cosmic Trigger: Die letzten Geheimnisse der Illuminaten oder An den Grenzen des erweiterten Bewusstseins""?",Robert Anton Wilson,book-author,author-of-book
"Who is the author of the book ""Rules of an Engagement""?",Suzanne Enoch,book-author,author-of-book
"Who wrote the book ""Peach Cobbler Murder""?",Joanne Fluke,book-author,who-wrote-book
"Who wrote the book ""The Hostage""?",Susan Wiggs,book-author,who-wrote-book
"Who is the author of the book ""Sherlock Holmes and the Vampire Invasion""?",Suzette Hollingsworth,book-author,author-of-book
"Who wrote the book ""Einstein: Su vida y su universo""?",Walter Isaacson,book-author,who-wrote-book
"Who is the author of the book ""La última niebla / El árbol""?",María Luisa Bombal,book-author,author-of-book
"Who is the author of the book ""Home with God: In a Life That Never Ends""?",Neale Donald Walsch,book-author,author-of-book
"Who wrote the book ""I Funny TV: A Middle School Story""?",James Patterson,book-author,who-wrote-book
"Who wrote the book ""Deep Freeze""?",John Sandford,book-author,who-wrote-book
"Who is the author of the book ""Jabberwocky and Other Poems""?",Lewis Carroll,book-author,author-of-book
"Who is the author of the book ""Children of the Night""?",Mercedes Lackey,book-author,author-of-book
"Who is the author of the book ""Dirt Matters: The Foundation For a Healthy, Vibrant, And Effective Congregation""?",Jim Powell,book-author,author-of-book
"Who wrote the book ""Reading the Bible Again for the First Time: Taking the Bible Seriously but Not Literally""?",Marcus J. Borg,book-author,who-wrote-book
"Who is the author of the book ""Seda roja""?",Qiu Xiaolong,book-author,author-of-book
"Who wrote the book ""الحكايات والأساطير والأحلام : مدخل إلى فهم لغة منسية""?",Erich Fromm,book-author,who-wrote-book
"Who wrote the book ""Shadows in Heaven""?",Nadine Dorries,book-author,who-wrote-book
"Who is the author of the book ""The Counselor (Movie Tie-in Edition): A Screenplay""?",Cormac McCarthy,book-author,author-of-book
"Who is the author of the book ""Foundation""?",Isaac Asimov,book-author,author-of-book
"Who wrote the book ""The Metamorphosis""?",Franz Kafka,book-author,who-wrote-book
"Who is the author of the book ""If She Knew""?",Blake Pierce,book-author,author-of-book
"Who is the author of the book ""Enoch Soames""?",Max Beerbohm,book-author,author-of-book
"Who is the author of the book ""Last Car to Elysian Fields""?",James Lee Burke,book-author,author-of-book
"Who is the author of the book ""Phantom Pain""?",Arnon Grunberg,book-author,author-of-book
"Who wrote the book ""The Inklings: C.S. Lewis, J.R.R. Tolkien, Charles Williams, and Their Friends""?",Humphrey Carpenter,book-author,who-wrote-book
"Who wrote the book ""Between Planets""?",Robert A. Heinlein,book-author,who-wrote-book
"Who is the author of the book ""Venetia""?",Georgette Heyer,book-author,author-of-book
"Who is the author of the book ""The Yellow Wallpaper and Other Stories""?",Charlotte Perkins Gilman,book-author,author-of-book
"Who wrote the book ""The Crazy Things Girls Do for Love""?",Dyan Sheldon,book-author,who-wrote-book
"Who wrote the book ""On Tyranny: Twenty Lessons from the Twentieth Century""?",Timothy Snyder,book-author,who-wrote-book
"Who is the author of the book ""The Spook's Mistake""?",Joseph Delaney,book-author,author-of-book
"Who wrote the book ""Storming the Gates of Paradise: Landscapes for Politics""?",Rebecca Solnit,book-author,who-wrote-book
"Who is the author of the book ""The Darlings are Forever""?",Melissa Kantor,book-author,author-of-book
"Who wrote the book ""Stars Over Sunset Boulevard""?",Susan Meissner,book-author,who-wrote-book
"Who wrote the book ""My Babysitter Flies by Night""?",Ann Hodgman,book-author,who-wrote-book
"Who wrote the book ""How the West Was Won""?",Louis L'Amour,book-author,who-wrote-book
"Who is the author of the book ""Correspondance""?",Gustave Flaubert,book-author,author-of-book
"Who wrote the book ""Summer Days and Summer Nights: Twelve Love Stories""?",Libba Bray,book-author,who-wrote-book
"Who is the author of the book ""La Navidad oculta: La sorprendente verdad detrás del nacimiento de Cristo""?",Timothy J. Keller,book-author,author-of-book
"Who wrote the book ""Every Second Counts""?",Lance Armstrong Sally Jenkins,book-author,who-wrote-book
"Who is the author of the book ""El refugio""?",R.A. Salvatore,book-author,author-of-book
"Who wrote the book ""Fire & Blood""?",George R.R. Martin,book-author,who-wrote-book
"Who wrote the book ""The Poverty of Nations: A Sustainable Solution""?",Barry Asmus,book-author,who-wrote-book
"Who is the author of the book ""Emily Climbs""?",L. M. Montgomery,book-author,author-of-book
"Who is the author of the book ""The Plot to Seize the White House: The Shocking True Story of the Conspiracy to Overthrow FDR""?",Jules Archer,book-author,author-of-book
"Who is the author of the book ""Dominion: The Power of Man, the Suffering of Animals, and the Call to Mercy""?",Matthew Scully,book-author,author-of-book
"Who wrote the book ""The Advantage: Why Organizational Health Trumps Everything Else in Business""?",Patrick Lencioni,book-author,who-wrote-book
"Who is the author of the book ""Magic Binds""?",Ilona Andrews,book-author,author-of-book
"Who is the author of the book ""The Smoke at Dawn""?",Jeff Shaara,book-author,author-of-book
"Who is the author of the book ""First Date""?",R.L. Stine,book-author,author-of-book
"Who wrote the book ""Mujer, cuerpo y escritura en la narrativa de María Luisa Bombal""?",Lucia Guerra,book-author,who-wrote-book
"Who wrote the book ""Destination: Morgue!""?",James Ellroy,book-author,who-wrote-book
"Who wrote the book ""El pez en el agua""?",Mario Vargas Llosa,book-author,who-wrote-book
"Who wrote the book ""Ready for Anything: 52 Productivity Principles for Work and Life""?",David Allen,book-author,who-wrote-book
"Who is the author of the book ""Shaman: A novel of the Ice Age""?",Kim Stanley Robinson,book-author,author-of-book
"Who is the author of the book ""The Fires of Spring""?",James A. Michener,book-author,author-of-book
"Who is the author of the book ""The Serpent's Shadow""?",Mercedes Lackey,book-author,author-of-book
"Who wrote the book ""Taken by the Highest Bidder""?",Jane Porter,book-author,who-wrote-book
"Who wrote the book ""Treasure Hunters: Peril at the Top of the World""?",James Patterson,book-author,who-wrote-book
"Who wrote the book ""William Goldman: Four Screenplays""?",William Goldman,book-author,who-wrote-book
"Who is the author of the book ""The Hero""?",Robyn Carr,book-author,author-of-book
"Who wrote the book ""The Control of Nature""?",John McPhee,book-author,who-wrote-book
"Who is the author of the book ""BRITISH MYSTERIES Boxed Set: 350+ Thriller Novels, Murder Mysteries & True Crime Stories: Sherlock Holmes, Hercule Poirot Cases, P. C. Lee Series, Father ... Cases, Eugéne Valmont Stories and many more""?",Agatha Christie,book-author,author-of-book
"Who wrote the book ""The Nigger of the Narcissus""?",Joseph Conrad,book-author,who-wrote-book
"Who is the author of the book ""The Joyful Christian""?",C.S. Lewis,book-author,author-of-book
"Who wrote the book ""Twenty Wishes""?",Debbie Macomber,book-author,who-wrote-book
"Who wrote the book ""The Clock of the Long Now: Time and Responsibility""?",Stewart Brand,book-author,who-wrote-book
"Who is the author of the book ""The Art of Preparation: 8 Ways to Plan with Purpose & Intention for Positive Impact""?",Susan C. Young,book-author,author-of-book
"Who is the author of the book ""Alien: The Official Movie Novelization""?",Alan Dean Foster,book-author,author-of-book
"Who is the author of the book ""When the Lion Feeds""?",Wilbur Smith,book-author,author-of-book
"Who wrote the book ""Writing Science: How to Write Papers That Get Cited and Proposals That Get Funded""?",Joshua Schimel,book-author,who-wrote-book
"Who wrote the book ""Priče o osobenjacima i malim ljudima""?",Ivo Andrić,book-author,who-wrote-book
"Who is the author of the book ""Her Favorite Temptation""?",Sarah Mayberry,book-author,author-of-book
"Who wrote the book ""Asylums: Essays on the Social Situation of Mental Patients and Other Inmates""?",Erving Goffman,book-author,who-wrote-book
"Who wrote the book ""I'm Nobody! Who Are You?""?",Emily Dickinson,book-author,who-wrote-book
"Who is the author of the book ""The Moon Era & Revenge of the Robots""?",Jack Williamson,book-author,author-of-book
"Who wrote the book ""Portraits From Memory and Other Essays""?",Bertrand Russell,book-author,who-wrote-book
"Who is the author of the book ""The Discovery of Poetry: A Field Guide to Reading and Writing Poems""?",Frances Mayes,book-author,author-of-book
"Who is the author of the book ""The Violent Bear it Away""?",Flannery O'Connor,book-author,author-of-book
"Who wrote the book ""More Than Him""?",Jay McLean,book-author,who-wrote-book
"Who wrote the book ""The Right Wrong Number""?",Barbara Delinsky,book-author,who-wrote-book
"Who is the author of the book ""Mount Dragon""?",Douglas Preston,book-author,author-of-book
"Who is the author of the book ""Cruel Zinc Melodies""?",Glen Cook,book-author,author-of-book
"Who is the author of the book ""The Lost Boy""?",Dave Pelzer,book-author,author-of-book
"Who is the author of the book ""First One Missing""?",Tammy Cohen,book-author,author-of-book
"Who is the author of the book ""Empire of Storms""?",Sarah J. Maas,book-author,author-of-book
"Who wrote the book ""So Good They Can't Ignore You""?",Cal Newport,book-author,who-wrote-book
"Who is the author of the book ""Dickinson: Poems""?",Emily Dickinson,book-author,author-of-book
"Who wrote the book ""Conversations with Leo Tolstoy""?",Leo Tolstoy,book-author,who-wrote-book
"Who wrote the book ""Paved With Good Intentions: The Failure of Race Relations in Contemporary America""?",Jared Taylor,book-author,who-wrote-book
"Who is the author of the book ""The Call of the Wild""?",Jack London,book-author,author-of-book
"Who wrote the book ""Kidnapped!""?",Francine Pascal,book-author,who-wrote-book
"Who wrote the book ""The Hitchhiker's Guide to the Galaxy: A Trilogy in Four Parts""?",Douglas Adams,book-author,who-wrote-book
"Who wrote the book ""The Great Automatic Grammatizator And Other Stories""?",Roald Dahl,book-author,who-wrote-book
"Who is the author of the book ""A Calendar of Wisdom: Daily Thoughts to Nourish the Soul""?",Leo Tolstoy,book-author,author-of-book
"Who wrote the book ""Undeniable: Evolution and the Science of Creation""?",Bill Nye,book-author,who-wrote-book
"Who wrote the book ""Takedown""?",Brad Thor,book-author,who-wrote-book
"Who is the author of the book ""Trauma and Resilence: Effectively Supporting those who Serve God""?",Frauke C. Schaefer,book-author,author-of-book
"Who wrote the book ""Blind Huber""?",Nick Flynn,book-author,who-wrote-book
"Who wrote the book ""The Queen of the South""?",Arturo Pérez-Reverte,book-author,who-wrote-book
"Who wrote the book ""الفضول""?",Alberto Manguel,book-author,who-wrote-book
"Who is the author of the book ""Three Little Words""?",Joan Jonker,book-author,author-of-book
"Who wrote the book ""King and Maxwell""?",David Baldacci,book-author,who-wrote-book
"Who wrote the book ""2012 The Year of the Mayan Prophecy""?",Daniel Pinchbeck,book-author,who-wrote-book
"Who wrote the book ""When You Were Mine""?",Elizabeth Noble,book-author,who-wrote-book
"Who wrote the book ""Dark Warning""?",Jude Watson,book-author,who-wrote-book
"Who is the author of the book ""Hear Us O Lord from Heaven Thy Dwelling Place: Stories""?",Malcolm Lowry,book-author,author-of-book
"Who is the author of the book ""A Pocket Philosophical Dictionary""?",Voltaire,book-author,author-of-book
"Who wrote the book ""A Week to Be Wicked""?",Tessa Dare,book-author,who-wrote-book
"Who is the author of the book ""Black Panther #4""?",Ta-Nehisi Coates,book-author,author-of-book
"Who wrote the book ""Left Behind Series Gift Set""?",Tim LaHaye Jerry B. Jenkins,book-author,who-wrote-book
"Who wrote the book ""Further Chronicles of Avonlea""?",L.M. Montgomery,book-author,who-wrote-book
"Who is the author of the book ""Can't Hurry Love""?",Christie Ridgway,book-author,author-of-book
"Who is the author of the book ""Dismissed With Prejudice""?",J.A. Jance,book-author,author-of-book
"Who is the author of the book ""The White Wolf's Son: The Albino Underground""?",Michael Moorcock,book-author,author-of-book
"Who is the author of the book ""The Principles of Psychology""?",William James,book-author,author-of-book
"Who wrote the book ""Journey to the Center of the Earth""?",Jules Verne,book-author,who-wrote-book
"Who wrote the book ""The Obama Syndrome: Surrender at Home, War Abroad""?",Tariq Ali,book-author,who-wrote-book
"Who is the author of the book ""The Lady of the Shroud""?",Bram Stoker,book-author,author-of-book
"Who wrote the book ""Daring Chloe""?",Laura Jensen Walker,book-author,who-wrote-book
"Who is the author of the book ""Strategy and the Fat Smoker; Doing What's Obvious But Not Easy""?",David H. Maister,book-author,author-of-book
"Who wrote the book ""The Second World War: A Complete History""?",Martin Gilbert,book-author,who-wrote-book
"Who wrote the book ""Country Dark""?",Chris Offutt,book-author,who-wrote-book
"Who is the author of the book ""Smog City""?",Rebecca McNutt,book-author,author-of-book
"Who wrote the book ""The Marble Collector""?",Cecelia Ahern,book-author,who-wrote-book
"Who wrote the book ""Through the Gates of the Silver Key""?",H.P. Lovecraft,book-author,who-wrote-book
"Who wrote the book ""Brief Interviews with Hideous Men""?",David Foster Wallace,book-author,who-wrote-book
"Who wrote the book ""For the Birds""?",Angela Roquet,book-author,who-wrote-book
"Who wrote the book ""Penn & Teller's How to Play in Traffic""?",Penn Jillette,book-author,who-wrote-book
"Who wrote the book ""Poems: 1909-1925""?",T.S. Eliot,book-author,who-wrote-book
"Who wrote the book ""Priče o gradovima""?",Ivo Andrić,book-author,who-wrote-book
"Who wrote the book ""The Shaman Within: Reclaiming our Rites of Passage""?",Barbara Meiklejohn-Free,book-author,who-wrote-book
"Who wrote the book ""Autobiography of a Brown Buffalo""?",Oscar Zeta Acosta,book-author,who-wrote-book
"Who is the author of the book ""The Short Stories of F. Scott Fitzgerald""?",F. Scott Fitzgerald,book-author,author-of-book
"Who is the author of the book ""Scott Pilgrim, Vol. 6: Scott Pilgrim's Finest Hour""?",Bryan Lee O'Malley,book-author,author-of-book
"Who wrote the book ""The Untouchable""?",John Banville,book-author,who-wrote-book
"Who is the author of the book ""Some of the Dharma""?",Jack Kerouac,book-author,author-of-book
"Who wrote the book ""I Can Only Imagine""?",Karen Kingsbury,book-author,who-wrote-book
"Who is the author of the book ""A Little Book Of Love Poems""?",Elizabeth Barrett Browning,book-author,author-of-book
"Who wrote the book ""The Flies""?",Jean Paul Sartre,book-author,who-wrote-book
"Who is the author of the book ""The Age of Napoleon""?",J. Christopher Herold,book-author,author-of-book
"Who is the author of the book ""My Heart's in the Highlands""?",William Saroyan,book-author,author-of-book
"Who is the author of the book ""Motherless Daughters: The Legacy of Loss""?",Hope Edelman,book-author,author-of-book
"Who is the author of the book ""On the Loose""?",Christopher Fowler,book-author,author-of-book
"Who wrote the book ""Songdogs""?",Colum McCann,book-author,who-wrote-book
"Who is the author of the book ""Изтръгнато от живота – моя и вашия""?",Ivo Andrić,book-author,author-of-book
"Who is the author of the book ""Doctrine That Dances: Bringing Doctrinal Preaching and Teaching to Life""?",Robert Smith Jr.,book-author,author-of-book
"Who wrote the book ""Being in Balance: 9 Principles for Creating Habits to Match Your Desires""?",Dr. Wayne W. Dyer,book-author,who-wrote-book
"Who is the author of the book ""The Phoenix and the Carpet""?",E. Nesbit,book-author,author-of-book
"Who wrote the book ""A Primate's Memoir: A Neuroscientist's Unconventional Life Among the Baboons""?",Robert M. Sapolsky,book-author,who-wrote-book
"Who wrote the book ""Dark and Dangerous""?",Jennifer Ashley,book-author,who-wrote-book
"Who wrote the book ""Can You Drink the Cup?""?",Henri J.M. Nouwen,book-author,who-wrote-book
"Who wrote the book ""Dismantling America""?",Thomas Sowell,book-author,who-wrote-book
"Who wrote the book ""Life in the Word: Devotional""?",Joyce Meyer,book-author,who-wrote-book
"Who is the author of the book ""Blonde""?",Joyce Carol Oates,book-author,author-of-book
"Who is the author of the book ""The Hidden Persuaders""?",Vance Packard,book-author,author-of-book
"Who wrote the book ""Meet Me at Emotional Baggage Claim""?",Lisa Scottoline,book-author,who-wrote-book
"Who wrote the book ""Poems Every Catholic Should Know""?",Joseph Pearce,book-author,who-wrote-book
"Who is the author of the book ""Mockstars""?",Christopher Russell,book-author,author-of-book
"Who is the author of the book ""Melmoth Reconciled""?",Honoré de Balzac,book-author,author-of-book
"Who is the author of the book ""Under the Red Flag""?",Ha Jin,book-author,author-of-book
"Who wrote the book ""A Short History of Myth / The Penelopiad / Weight / Dream Angus""?",Karen Armstrong,book-author,who-wrote-book
"Who is the author of the book ""What Happens At Christmas""?",Victoria Alexander,book-author,author-of-book
"Who is the author of the book ""Having a Mary Heart in a Martha World: Finding Intimacy With God in the Busyness of Life""?",Joanna Weaver,book-author,author-of-book
"Who is the author of the book ""Is Underground""?",Joan Aiken,book-author,author-of-book
"Who is the author of the book ""Refuge on Crescent Hill""?",Melanie Dobson,book-author,author-of-book
"Who is the author of the book ""Middlemarch""?",George Eliot,book-author,author-of-book
"Who is the author of the book ""Modern King James Version of the Holy Bible""?",Anonymous,book-author,author-of-book
"Who wrote the book ""Little Lord Fauntleroy""?",Burnett Frances Hodgson,book-author,who-wrote-book
"Who wrote the book ""From the Earth to the Moon & Around the Moon""?",Jules Verne,book-author,who-wrote-book
"Who wrote the book ""Winter Cottage""?",Carol Ryrie Brink,book-author,who-wrote-book
"Who is the author of the book ""The Man Who Went Up in Smoke""?",Val McDermid,book-author,author-of-book
"Who wrote the book ""Everyone's Reading Bastard""?",Nick Hornby,book-author,who-wrote-book
"Who wrote the book ""Partisan Hearts and Minds: Political Parties and the Social Identities of Voters""?",Donald P. Green,book-author,who-wrote-book
"Who wrote the book ""Enchanted Afternoon""?",Susan Wiggs,book-author,who-wrote-book
"Who is the author of the book ""Hard Listening: The Greatest Rock Band Ever (of Authors) Tells All""?",Amy Tan,book-author,author-of-book
"Who is the author of the book ""Frankenstein, or the Modern Prometheus""?",Mary Wollstonecraft Shelley,book-author,author-of-book
"Who is the author of the book ""Carpe Corpus""?",Rachel Caine,book-author,author-of-book
"Who is the author of the book ""The Short Second Life of Bree Tanner""?",Stephenie Meyer,book-author,author-of-book
"Who is the author of the book ""Little Women, Or, Meg, Jo, Beth and Amy""?",Alcott Louisa May 1832-1888,book-author,author-of-book
"Who wrote the book ""The Man Who Mistook His Wife for a Hat""?",Oliver Sacks,book-author,who-wrote-book
"Who wrote the book ""Light Years""?",James Salter,book-author,who-wrote-book
"Who is the author of the book ""In Christ Alone: Living the Gospel Centered Life""?",Sinclair B. Ferguson,book-author,author-of-book
"Who is the author of the book ""A Long Way from Verona""?",Jane Gardam,book-author,author-of-book
"Who is the author of the book ""Krapp's Last Tape & Embers""?",Samuel Beckett,book-author,author-of-book
"Who wrote the book ""Revolutionary Road""?",Richard Yates,book-author,who-wrote-book
"Who wrote the book ""Wind, Sand and Stars""?",Antoine de Saint Exupéry,book-author,who-wrote-book
"Who is the author of the book ""Girl With a Pearl Earring""?",Tracy Chevalier,book-author,author-of-book
"Who wrote the book ""Magumba""?",Fabián Plaza Miranda,book-author,who-wrote-book
"Who is the author of the book ""The Memoirs of Sherlock Holmes""?",Arthur Conan Doyle,book-author,author-of-book
"Who is the author of the book ""Seven Words of Jesus and Mary: Lessons from Cana and Calvary""?",Fulton J. Sheen,book-author,author-of-book
"Who is the author of the book ""Growing Up Social: Raising Relational Kids in a Screen-Driven World""?",Gary Chapman,book-author,author-of-book
"Who is the author of the book ""Something from the Oven: Reinventing Dinner in 1950s America""?",Laura Shapiro,book-author,author-of-book
"Who is the author of the book ""The Sinner""?",Tess Gerritsen,book-author,author-of-book
"Who wrote the book ""Scenes from the City""?",Penny Reid,book-author,who-wrote-book
"Who wrote the book ""The Ladies of Grace Adieu and Other Stories""?",Susanna Clarke,book-author,who-wrote-book
"Who is the author of the book ""The Lady in the Lake and Other Novels""?",Raymond Chandler,book-author,author-of-book
"Who is the author of the book ""Robot Visions""?",Isaac Asimov,book-author,author-of-book
"Who wrote the book ""Iran Awakening: A Memoir of Revolution and Hope""?",Shirin Ebadi,book-author,who-wrote-book
"Who is the author of the book ""Stanley's Christmas Adventure""?",Jeff Brown,book-author,author-of-book
"Who is the author of the book ""The Best of Lewis Carroll""?",Lewis Carroll,book-author,author-of-book
"Who wrote the book ""The Lost Continent: Travels in Small Town America""?",Bill Bryson,book-author,who-wrote-book
"Who is the author of the book ""Complete Plays with Prefaces""?",George Bernard Shaw,book-author,author-of-book
"Who is the author of the book ""Coraline""?",Neil Gaiman,book-author,author-of-book
"Who is the author of the book ""A King's Ransom""?",Jude Watson,book-author,author-of-book
"Who is the author of the book ""The Marriage Season""?",Linda Lael Miller,book-author,author-of-book
"Who is the author of the book ""Voices from the Inside: Readings on the Experience of Mental Illness""?",David A. Karp,book-author,author-of-book
"Who is the author of the book ""The Complete Novels of Mrs Gaskell""?",Elizabeth Gaskell,book-author,author-of-book
"Who is the author of the book ""The Water-Method Man""?",John Irving,book-author,author-of-book
"Who is the author of the book ""Jake Walker's Wife""?",Loree Lough,book-author,author-of-book
"Who wrote the book ""The Dashiell Hammett Megapack""?",Dashiell Hammett,book-author,who-wrote-book
"Who is the author of the book ""A Lonely Resurrection""?",Barry Eisler,book-author,author-of-book
"Who is the author of the book ""The Great Train Robbery""?",Michael Crichton,book-author,author-of-book
"Who wrote the book ""Inheritance Cycle Omnibus: Eragon, Eldest, and Brisingr""?",Christopher Paolini,book-author,who-wrote-book
"Who is the author of the book ""ヒカルの碁 16、中国棋院""?",Yumi Hotta,book-author,author-of-book
"Who is the author of the book ""The Man Who Would Be King""?",Rudyard Kipling,book-author,author-of-book
"Who is the author of the book ""The Arabian Nights""?",Anonymous,book-author,author-of-book
"Who wrote the book ""Troublemaker""?",Linda Howard,book-author,who-wrote-book
"Who wrote the book ""The Forest""?",Edward Rutherfurd,book-author,who-wrote-book
"Who is the author of the book ""Therapy for the Sane: How Philosophy Can Change Your Life""?",Lou Marinoff,book-author,author-of-book
"Who wrote the book ""The Power of Habit: Why We Do What We Do in Life and Business""?",Charles Duhigg,book-author,who-wrote-book
"Who wrote the book ""Steve Jobs: 11 The Most Important Life And Business Lessons Of Steve Jobs""?",Donald Allen,book-author,who-wrote-book
"Who is the author of the book ""The Codex""?",Douglas Preston,book-author,author-of-book
"Who is the author of the book ""The Black Sheep""?",Honoré de Balzac,book-author,author-of-book
"Who is the author of the book ""The Vampire Who Loved Me""?",Teresa Medeiros,book-author,author-of-book
"Who is the author of the book ""The Silmarillion""?",J.R.R. Tolkien,book-author,author-of-book
"Who wrote the book ""Tales of Two Americas: Stories of Inequality in a Divided Nation""?",Ann Patchett,book-author,who-wrote-book
"Who wrote the book ""Berserker Brother Assassin""?",Fred Saberhagen,book-author,who-wrote-book
"Who wrote the book ""Addicted After All""?",Krista Ritchie,book-author,who-wrote-book
"Who wrote the book ""The Beast's Garden""?",Kate Forsyth,book-author,who-wrote-book
"Who wrote the book ""Thirst No. 4: The Shadow of Death""?",Christopher Pike,book-author,who-wrote-book
"Who wrote the book ""How the Irish Saved Civilization: The Untold Story of Ireland's Heroic Role from the Fall of Rome to the Rise of Medieval Europe""?",Thomas Cahill,book-author,who-wrote-book
"Who wrote the book ""Getting Even""?",Woody Allen,book-author,who-wrote-book
"Who wrote the book ""A Crown of Swords""?",Robert Jordan,book-author,who-wrote-book
"Who wrote the book ""The Suspect""?",John Lescroart,book-author,who-wrote-book
"Who is the author of the book ""Tibetan Book of the Dead""?",Huston Smith,book-author,author-of-book
"Who wrote the book ""Percy Jackson's Greek Gods""?",Rick Riordan,book-author,who-wrote-book
"Who wrote the book ""A Long Shadow""?",Charles Todd,book-author,who-wrote-book
"Who wrote the book ""The Pound Era""?",Hugh Kenner,book-author,who-wrote-book
"Who wrote the book ""Works of Frances Hodgson Burnett""?",Frances Hodgson Burnett,book-author,who-wrote-book
"Who is the author of the book ""His Grace of Osmonde Being the Portions of That Nobleman's Life Omitted in the Relation of His Lady's Story Presented to the World of Fashion under the Title of A Lady of Quality""?",Frances Hodgson Burnett,book-author,author-of-book
"Who is the author of the book ""El vendedor mas grande del mundo""?",Og Mandino,book-author,author-of-book
"Who wrote the book ""Studies in Pessimism""?",Arthur Schopenhauer,book-author,who-wrote-book
"Who wrote the book ""The Lion's Game""?",Nelson DeMille,book-author,who-wrote-book
"Who is the author of the book ""Democracy in Chains: The Deep History of the Radical Right's Stealth Plan for America""?",Nancy MacLean,book-author,author-of-book
"Who wrote the book ""Cast Two Shadows: The American Revolution in the South""?",Ann Rinaldi,book-author,who-wrote-book
"Who wrote the book ""City of Angels""?",Bobby Underwood,book-author,who-wrote-book
"Who is the author of the book ""Feast of Souls""?",C.S. Friedman,book-author,author-of-book
"Who wrote the book ""Nighthawk""?",Clive Cussler,book-author,who-wrote-book
"Who wrote the book ""Victory""?",Joseph Conrad,book-author,who-wrote-book
"Who is the author of the book ""Hell House""?",Richard Matheson,book-author,author-of-book
"Who is the author of the book ""The Atheist’s Mass""?",Honoré de Balzac,book-author,author-of-book
"Who wrote the book ""The Scottish Chiefs [with Biographical Introduction]""?",Jane Porter,book-author,who-wrote-book
"Who is the author of the book ""Someplace Familiar""?",Teresa Tysinger,book-author,author-of-book
"Who is the author of the book ""The Instructions""?",Adam Levin,book-author,author-of-book
"Who is the author of the book ""Daily Inspiration from The Monk Who Sold His Ferrari""?",Robin S. Sharma,book-author,author-of-book
"Who is the author of the book ""The Night Country""?",Bryce Courtenay (Author),book-author,author-of-book
"Who is the author of the book ""Dear Fahrenheit 451: Love and Heartbreak in the Stacks: A Librarian's Love Letters and Breakup Notes to the Books in Her Life""?",Annie Spence,book-author,author-of-book
"Who is the author of the book ""Theirs to Cherish""?",Shayla Black,book-author,author-of-book
"Who is the author of the book ""By the Light of My Father's Smile: A Novel""?",Alice Walker,book-author,author-of-book
"Who is the author of the book ""SHOUT""?",Laurie Halse Anderson,book-author,author-of-book
"Who wrote the book ""The Rainbow""?",D. H. Lawrence,book-author,who-wrote-book
"Who is the author of the book ""Silent Spring""?",Rachel Carson,book-author,author-of-book
"Who is the author of the book ""Collected Short Stories""?",E.M. Forster,book-author,author-of-book
"Who is the author of the book ""The Blue Between Sky and Water""?",Susan Abulhawa,book-author,author-of-book
"Who wrote the book ""Don't You Dare Read This, Mrs. Dunphrey""?",Margaret Peterson Haddix,book-author,who-wrote-book
"Who wrote the book ""Talk to Me: Listening Between the Lines""?",Anna Deavere Smith,book-author,who-wrote-book
"Who is the author of the book ""Bletchley Park Brainteasers""?",Sinclair McKay,book-author,author-of-book
"Who wrote the book ""Ruff Draft: Stories My Dog Didn't Write""?",Bobby Underwood,book-author,who-wrote-book
"Who is the author of the book ""Cruelest Journey: Six Hundred Miles To Timbuktu""?",Kira Salak,book-author,author-of-book
"Who is the author of the book ""His Mistress by Christmas""?",Victoria Alexander,book-author,author-of-book
"Who is the author of the book ""Loving Will Shakespeare""?",Carolyn Meyer,book-author,author-of-book
"Who wrote the book ""Rebecca's Lost Journals""?",Lisa Renee Jones,book-author,who-wrote-book
"Who is the author of the book ""The World's First Love: Mary, Mother of God""?",Fulton J. Sheen,book-author,author-of-book
"Who is the author of the book ""The League of Extraordinary Gentlemen, Vol. 1""?",Alan Moore,book-author,author-of-book
"Who is the author of the book ""Mrs. Warren's Profession & Others""?",George Bernard Shaw,book-author,author-of-book
"Who wrote the book ""Fade Out""?",Rachel Caine,book-author,who-wrote-book
"Who is the author of the book ""The Scrivener's Bones""?",Brandon Sanderson,book-author,author-of-book
"Who wrote the book ""The Sweet Forever""?",George Pelecanos,book-author,who-wrote-book
"Who wrote the book ""Life Is a Dream""?",Pedro Calderón de la Barca,book-author,who-wrote-book
"Who is the author of the book ""Sodom and Gomorrah""?",Marcel Proust,book-author,author-of-book
"Who wrote the book ""Places I Never Meant To Be: Original Stories by Censored Writers""?",Judy Blume,book-author,who-wrote-book
"Who wrote the book ""Everything I Want to Do Is Illegal: War Stories from the Local Food Front""?",Joel Salatin,book-author,who-wrote-book
"Who is the author of the book ""Code: The Hidden Language of Computer Hardware and Software""?",Charles Petzold,book-author,author-of-book
"Who wrote the book ""Curse of the Arctic Star""?",Carolyn Keene,book-author,who-wrote-book
"Who is the author of the book ""Huis Clos [suivi de] Les Mouches""?",Jean-Paul Sartre,book-author,author-of-book
"Who wrote the book ""Sackett's Land""?",Louis L'Amour,book-author,who-wrote-book
"Who wrote the book ""Moondance Beach""?",Susan Donovan,book-author,who-wrote-book
"Who is the author of the book ""Surfacing""?",Margaret Atwood,book-author,author-of-book
"Who is the author of the book ""Flying Changes""?",Sara Gruen,book-author,author-of-book
"Who wrote the book ""Jeffrey Wolf Green Evolutionary Astrology: Structure of the Soul""?",Jeffrey Green,book-author,who-wrote-book
"Who wrote the book ""Ten Things I Wish I'd Known--Before I Went Out Into the Real World""?",Maria Shriver,book-author,who-wrote-book
"Who is the author of the book ""The Complete Works of H.P. Lovecraft: 102 Horror Short Stories, Novels, Juvenelia, Collaborations and Ghost Writings""?",H.P. Lovecraft,book-author,author-of-book
"Who is the author of the book ""The Starbuck Chronicles: The Complete 4-Book Collection""?",Bernard Cornwell,book-author,author-of-book
"Who is the author of the book ""Legacy of Silence""?",Belva Plain,book-author,author-of-book
"Who wrote the book ""Scaling Up: How a Few Companies Make It...and Why the Rest Don't""?",Verne Harnish,book-author,who-wrote-book
"Who wrote the book ""Starting Over""?",Francine Pascal,book-author,who-wrote-book
"Who wrote the book ""Nimble: Thinking Creatively in the Digital Age""?",Robin Landa,book-author,who-wrote-book
"Who wrote the book ""Paul McCartney: The Life""?",Philip Norman,book-author,who-wrote-book
"Who is the author of the book ""Pegasus Descending""?",James Lee Burke,book-author,author-of-book
"Who is the author of the book ""The Year of Dreaming Dangerously""?",Slavoj Žižek,book-author,author-of-book
"Who is the author of the book ""The Casebook of Victor Frankenstein""?",Peter Ackroyd,book-author,author-of-book
"Who is the author of the book ""The Tree Of Meaning: Thirteen Talks""?",Robert Bringhurst,book-author,author-of-book
"Who wrote the book ""Medium Raw: A Bloody Valentine to the World of Food and the People Who Cook""?",Anthony Bourdain,book-author,who-wrote-book
"Who wrote the book ""The Conquering Tide: War in the Pacific Islands, 1942-1944""?",Ian W. Toll,book-author,who-wrote-book
"Who is the author of the book ""Skinner""?",Charlie Huston,book-author,author-of-book
