question,answer,type
What is the currency symbol of the currency Uzbekistani sum from Uzbekistan?,Sʻ,symbol_or_abbreviation
What is the currency symbol of the currency Eastern Caribbean dollar from Saint Kitts and Nevis?,EC$,symbol_or_abbreviation
What is the fractional unit of the currency Guernsey pound from Bailiwick of Guernsey?,Penny,fractional_unit
What is the fractional unit of the currency Euro from Greece?,Cent,fractional_unit
What is the ISO code of the currency Belize dollar from Belize?,BZD,iso_code
What is the ISO code of the currency United States dollar from Palau?,USD,iso_code
What is the ISO code of the currency Iranian rial from Iran?,IRR,iso_code
What is the currency symbol of the currency New Zealand dollar from Niue?,$,symbol_or_abbreviation
What is the currency symbol of the currency Fijian dollar from Fiji?,$,symbol_or_abbreviation
What is the currency symbol of the currency Jersey pound from Jersey?,£,symbol_or_abbreviation
What is the fractional unit of the currency West African CFA franc from Burkina Faso?,Centime,fractional_unit
What is the ISO code of the currency Euro from Malta?,EUR,iso_code
What is the currency symbol of the currency Hong Kong dollar from Hong Kong?,$,symbol_or_abbreviation
What is the ISO code of the currency Jordanian dinar from Jordan?,JOD,iso_code
What is the ISO code of the currency South African rand from South Africa?,ZAR,iso_code
What is the fractional unit of the currency Cape Verdean escudo from Cape Verde?,Centavo,fractional_unit
What is the fractional unit of the currency United States dollar from El Salvador?,Cent,fractional_unit
What is the currency symbol of the currency Ukrainian hryvnia from Ukraine?,₴,symbol_or_abbreviation
What is the currency symbol of the currency Israeli new shekel from Israel?,₪,symbol_or_abbreviation
What is the fractional unit of the currency Caribbean guilder from Sint Maarten?,Cent,fractional_unit
What is the ISO code of the currency Euro from Spain?,EUR,iso_code
What is the ISO code of the currency Comorian franc from Comoros?,KMF,iso_code
What is the currency symbol of the currency Euro from Montenegro?,€,symbol_or_abbreviation
What is the ISO code of the currency Malawian kwacha from Malawi?,MWK,iso_code
What is the ISO code of the currency CFP franc from Wallis and Futuna?,XPF,iso_code
What is the fractional unit of the currency Solomon Islands dollar from Solomon Islands?,Cent,fractional_unit
What is the fractional unit of the currency Sterling from Bailiwick of Guernsey?,Penny,fractional_unit
What is the fractional unit of the currency Gibraltar pound from Gibraltar?,Penny,fractional_unit
What is the fractional unit of the currency Tuvaluan dollar from Tuvalu?,Cent,fractional_unit
What is the currency symbol of the currency Saint Helena pound from Saint Helena?,£,symbol_or_abbreviation
What is the currency symbol of the currency Eastern Caribbean dollar from Saint Vincent and the Grenadines?,EC$,symbol_or_abbreviation
What is the fractional unit of the currency Euro from Cyprus?,Cent,fractional_unit
What is the ISO code of the currency Pakistani rupee from Pakistan?,PKR,iso_code
What is the fractional unit of the currency Central African CFA franc from Chad?,Centime,fractional_unit
What is the fractional unit of the currency United States dollar from Micronesia?,Cent,fractional_unit
What is the currency symbol of the currency Euro from France?,€,symbol_or_abbreviation
What is the currency symbol of the currency Brazilian real from Brazil?,R$,symbol_or_abbreviation
What is the ISO code of the currency Eastern Caribbean dollar from Saint Kitts and Nevis?,XCD,iso_code
What is the ISO code of the currency Macanese pataca from Macau?,MOP,iso_code
What is the ISO code of the currency CFP franc from New Caledonia?,XPF,iso_code
What is the fractional unit of the currency Sudanese pound from Sudan?,Piastre,fractional_unit
What is the ISO code of the currency Nigerian naira from Nigeria?,NGN,iso_code
What is the currency symbol of the currency CFP franc from French Polynesia?,₣,symbol_or_abbreviation
What is the ISO code of the currency United Arab Emirates dirham from United Arab Emirates?,AED,iso_code
What is the currency symbol of the currency United States dollar[G] from Saba?,$,symbol_or_abbreviation
What is the fractional unit of the currency Dominican peso from Dominican Republic?,Centavo,fractional_unit
What is the ISO code of the currency Angolan kwanza from Angola?,AOA,iso_code
What is the ISO code of the currency Lebanese pound from Lebanon?,LBP,iso_code
What is the currency symbol of the currency Cayman Islands dollar from Cayman Islands?,$,symbol_or_abbreviation
What is the ISO code of the currency Liberian dollar from Liberia?,LRD,iso_code
What is the fractional unit of the currency Central African CFA franc from Cameroon?,Centime,fractional_unit
What is the fractional unit of the currency Nigerian naira from Nigeria?,Kobo,fractional_unit
What is the currency symbol of the currency Azerbaijani manat from Azerbaijan?,₼,symbol_or_abbreviation
What is the fractional unit of the currency Manx pound from Isle of Man?,Penny,fractional_unit
What is the ISO code of the currency New Taiwan dollar from Taiwan?,TWD,iso_code
What is the fractional unit of the currency Central African CFA franc from Cameroon?,Centime,fractional_unit
What is the currency symbol of the currency Indian rupee from India?,₹,symbol_or_abbreviation
What is the fractional unit of the currency Sterling from Bailiwick of Guernsey?,Penny,fractional_unit
What is the fractional unit of the currency Canadian dollar from Canada?,Cent,fractional_unit
What is the fractional unit of the currency West African CFA franc from Niger?,Centime,fractional_unit
What is the ISO code of the currency Mauritian rupee from Mauritius?,MUR,iso_code
What is the fractional unit of the currency Euro from Cyprus?,Cent,fractional_unit
What is the ISO code of the currency Turkish lira from Northern Cyprus?,TRY,iso_code
What is the fractional unit of the currency Dominican peso from Dominican Republic?,Centavo,fractional_unit
What is the fractional unit of the currency Pitcairn Islands dollar[E] from Pitcairn Islands?,Cent,fractional_unit
What is the fractional unit of the currency Guyanese dollar from Guyana?,Cent,fractional_unit
What is the currency symbol of the currency Falkland Islands pound from South Georgia and the South Sandwich Islands?,£,symbol_or_abbreviation
What is the fractional unit of the currency Somaliland shilling from Somaliland?,Cent,fractional_unit
What is the currency symbol of the currency São Tomé and Príncipe dobra from São Tomé and Príncipe?,Db,symbol_or_abbreviation
What is the currency symbol of the currency Bangladeshi taka from Bangladesh?,৳,symbol_or_abbreviation
What is the fractional unit of the currency Sri Lankan rupee from Sri Lanka?,Cent,fractional_unit
What is the ISO code of the currency Cuban peso from Cuba?,CUP,iso_code
What is the currency symbol of the currency Uruguayan peso from Uruguay?,$,symbol_or_abbreviation
What is the currency symbol of the currency Comorian franc from Comoros?,FC,symbol_or_abbreviation
What is the ISO code of the currency Mauritian rupee from Mauritius?,MUR,iso_code
What is the currency symbol of the currency Singapore dollar from Singapore[M]?,$,symbol_or_abbreviation
What is the currency symbol of the currency Jordanian dinar from Palestine[K]?,JD,symbol_or_abbreviation
What is the currency symbol of the currency Qatari riyal from Qatar?,QR,symbol_or_abbreviation
What is the fractional unit of the currency Kenyan shilling from Kenya?,Cent,fractional_unit
What is the currency symbol of the currency United States dollar from Ecuador?,$,symbol_or_abbreviation
What is the currency symbol of the currency West African CFA franc from Mali?,F.CFA,symbol_or_abbreviation
"What is the currency symbol of the currency Congolese franc from Congo, Democratic Republic of the?",FC,symbol_or_abbreviation
What is the ISO code of the currency Brazilian real from Brazil?,BRL,iso_code
What is the fractional unit of the currency Swiss franc from Switzerland?,Rappen[N],fractional_unit
What is the currency symbol of the currency Cook Islands dollar from Cook Islands?,$,symbol_or_abbreviation
What is the ISO code of the currency Euro from Estonia?,EUR,iso_code
What is the ISO code of the currency Israeli new shekel from Palestine[K]?,ILS,iso_code
What is the fractional unit of the currency Bermudian dollar from Bermuda?,Cent,fractional_unit
What is the currency symbol of the currency Sierra Leonean leone from Sierra Leone?,Le,symbol_or_abbreviation
What is the currency symbol of the currency Lao kip from Laos?,₭,symbol_or_abbreviation
What is the fractional unit of the currency Euro from Lithuania?,Cent,fractional_unit
What is the ISO code of the currency Surinamese dollar from Suriname?,SRD,iso_code
What is the ISO code of the currency Lao kip from Laos?,LAK,iso_code
What is the currency symbol of the currency Burmese kyat from Myanmar?,K or Ks (pl.),symbol_or_abbreviation
What is the ISO code of the currency Lebanese pound from Lebanon?,LBP,iso_code
What is the fractional unit of the currency Bulgarian lev from Bulgaria?,Stotinka,fractional_unit
What is the fractional unit of the currency Australian dollar from Tuvalu?,Cent,fractional_unit
What is the currency symbol of the currency Japanese yen from Japan?,¥,symbol_or_abbreviation
What is the currency symbol of the currency Fijian dollar from Fiji?,$,symbol_or_abbreviation
What is the ISO code of the currency Euro from Monaco?,EUR,iso_code
What is the currency symbol of the currency Russian ruble from South Ossetia?,₽,symbol_or_abbreviation
What is the currency symbol of the currency Gibraltar pound from Gibraltar?,£,symbol_or_abbreviation
What is the currency symbol of the currency United States dollar from Marshall Islands?,$,symbol_or_abbreviation
What is the fractional unit of the currency Moroccan dirham from Morocco?,Centime,fractional_unit
What is the ISO code of the currency Cape Verdean escudo from Cape Verde?,CVE,iso_code
What is the currency symbol of the currency Eastern Caribbean dollar from Anguilla?,EC$,symbol_or_abbreviation
What is the ISO code of the currency Sterling from Bailiwick of Guernsey?,GBP,iso_code
What is the currency symbol of the currency Bolivian boliviano from Bolivia?,Bs,symbol_or_abbreviation
What is the ISO code of the currency Dominican peso from Dominican Republic?,DOP,iso_code
What is the fractional unit of the currency Fijian dollar from Fiji?,Cent,fractional_unit
What is the fractional unit of the currency Singapore dollar from Brunei[H]?,Cent,fractional_unit
What is the fractional unit of the currency Icelandic króna from Iceland?,Eyrir,fractional_unit
What is the fractional unit of the currency Central African CFA franc from Cameroon?,Centime,fractional_unit
What is the currency symbol of the currency Egyptian pound from Palestine[K]?,LE,symbol_or_abbreviation
What is the ISO code of the currency Algerian dinar from Algeria?,DZD,iso_code
What is the fractional unit of the currency United States dollar[G] from Saba?,Cent,fractional_unit
What is the fractional unit of the currency Manx pound from Isle of Man?,Penny,fractional_unit
What is the fractional unit of the currency Jersey pound from Jersey?,Penny,fractional_unit
What is the currency symbol of the currency West African CFA franc from Burkina Faso?,F.CFA,symbol_or_abbreviation
What is the currency symbol of the currency Burundian franc from Burundi?,FBu,symbol_or_abbreviation
What is the ISO code of the currency United States dollar from Micronesia?,USD,iso_code
What is the fractional unit of the currency Iraqi dinar from Iraq?,Fils,fractional_unit
What is the currency symbol of the currency Danish krone from Greenland?,kr,symbol_or_abbreviation
What is the fractional unit of the currency Mongolian tögrög from Mongolia?,Möngö,fractional_unit
What is the ISO code of the currency United Arab Emirates dirham from United Arab Emirates?,AED,iso_code
What is the ISO code of the currency Bhutanese ngultrum[F] from Bhutan?,BTN,iso_code
What is the fractional unit of the currency Transnistrian ruble from Transnistria?,Kopeck,fractional_unit
What is the fractional unit of the currency Uzbekistani sum from Uzbekistan?,Tiyin,fractional_unit
What is the currency symbol of the currency Euro from Spain?,€,symbol_or_abbreviation
"What is the fractional unit of the currency North Korean won from Korea, North?",Chon,fractional_unit
What is the fractional unit of the currency Sterling from Saint Helena?,Penny,fractional_unit
What is the fractional unit of the currency Saudi riyal from Saudi Arabia?,Halala,fractional_unit
What is the ISO code of the currency Mauritanian ouguiya from Mauritania?,MRU,iso_code
What is the currency symbol of the currency Tongan paʻanga[O] from Tonga?,T$,symbol_or_abbreviation
What is the ISO code of the currency Japanese yen from Japan?,JPY,iso_code
What is the fractional unit of the currency Swazi lilangeni from Eswatini?,Cent,fractional_unit
What is the currency symbol of the currency Lao kip from Laos?,₭,symbol_or_abbreviation
What is the ISO code of the currency Caribbean guilder from Sint Maarten?,XCG,iso_code
What is the fractional unit of the currency Somaliland shilling from Somaliland?,Cent,fractional_unit
What is the ISO code of the currency Sri Lankan rupee from Sri Lanka?,LKR,iso_code
What is the ISO code of the currency West African CFA franc from Mali?,XOF,iso_code
What is the currency symbol of the currency Euro from Kosovo?,€,symbol_or_abbreviation
What is the ISO code of the currency Namibian dollar from Namibia?,NAD,iso_code
What is the currency symbol of the currency South African rand from Namibia?,R,symbol_or_abbreviation
What is the currency symbol of the currency Nigerian naira from Nigeria?,₦,symbol_or_abbreviation
What is the fractional unit of the currency Danish krone from Denmark?,Øre,fractional_unit
What is the ISO code of the currency Sierra Leonean leone from Sierra Leone?,SLE,iso_code
What is the ISO code of the currency Surinamese dollar from Suriname?,SRD,iso_code
What is the currency symbol of the currency Bahraini dinar from Bahrain?,BD,symbol_or_abbreviation
What is the fractional unit of the currency Euro from Latvia?,Cent,fractional_unit
What is the currency symbol of the currency Fijian dollar from Fiji?,$,symbol_or_abbreviation
What is the currency symbol of the currency Serbian dinar from Serbia?,DIN,symbol_or_abbreviation
What is the ISO code of the currency Zimbabwe gold from Zimbabwe?,ZWG,iso_code
What is the fractional unit of the currency Bermudian dollar from Bermuda?,Cent,fractional_unit
What is the fractional unit of the currency Euro from France?,Cent,fractional_unit
What is the currency symbol of the currency Sterling from Isle of Man?,£,symbol_or_abbreviation
What is the fractional unit of the currency Euro from Italy?,Cent,fractional_unit
What is the currency symbol of the currency Japanese yen from Japan?,¥,symbol_or_abbreviation
What is the fractional unit of the currency Indian rupee from Bhutan?,Paisa,fractional_unit
What is the currency symbol of the currency Kenyan shilling from Kenya?,Sh or Shs (pl.),symbol_or_abbreviation
What is the fractional unit of the currency Samoan tālā from Samoa?,Sene,fractional_unit
What is the ISO code of the currency Cambodian riel from Cambodia?,KHR,iso_code
What is the currency symbol of the currency Singapore dollar from Brunei[H]?,$,symbol_or_abbreviation
What is the ISO code of the currency Yemeni rial from Yemen?,YER,iso_code
What is the fractional unit of the currency Serbian dinar from Serbia?,Para,fractional_unit
What is the ISO code of the currency Lesotho loti from Lesotho?,LSL,iso_code
What is the fractional unit of the currency Turkish lira from Northern Cyprus?,Kuruş,fractional_unit
What is the ISO code of the currency Hungarian forint from Hungary?,HUF,iso_code
What is the fractional unit of the currency Singapore dollar from Singapore[M]?,Cent,fractional_unit
What is the currency symbol of the currency Australian dollar from Kiribati?,$,symbol_or_abbreviation
What is the currency symbol of the currency Renminbi from China?,¥,symbol_or_abbreviation
What is the ISO code of the currency Gibraltar pound from Gibraltar?,GIP,iso_code
"What is the ISO code of the currency South Korean won from Korea, South?",KRW,iso_code
What is the fractional unit of the currency Central African CFA franc from Gabon?,Centime,fractional_unit
What is the ISO code of the currency Mexican peso from Mexico?,MXN,iso_code
What is the fractional unit of the currency Euro from Portugal?,Cent,fractional_unit
What is the ISO code of the currency United States dollar from United States?,USD,iso_code
What is the fractional unit of the currency Euro from Kosovo?,Cent,fractional_unit
What is the fractional unit of the currency Bhutanese ngultrum[F] from Bhutan?,Chetrum,fractional_unit
What is the ISO code of the currency United States dollar from El Salvador?,USD,iso_code
What is the ISO code of the currency United States dollar from Liberia?,USD,iso_code
What is the ISO code of the currency Nicaraguan córdoba from Nicaragua?,NIO,iso_code
What is the fractional unit of the currency Eastern Caribbean dollar from Antigua and Barbuda?,Cent,fractional_unit
What is the fractional unit of the currency Romanian leu from Romania?,Ban,fractional_unit
What is the currency symbol of the currency Abkhazian apsar[E] from Abkhazia?,аҧ,symbol_or_abbreviation
What is the ISO code of the currency Euro from Portugal?,EUR,iso_code
What is the fractional unit of the currency Guernsey pound from Bailiwick of Guernsey?,Penny,fractional_unit
What is the fractional unit of the currency Mozambican metical from Mozambique?,Centavo,fractional_unit
What is the ISO code of the currency CFP franc from French Polynesia?,XPF,iso_code
What is the currency symbol of the currency Iranian rial from Iran?,Rl or Rls (pl.),symbol_or_abbreviation
What is the fractional unit of the currency Sterling from Falkland Islands?,Penny,fractional_unit
What is the fractional unit of the currency Sterling from Saint Helena?,Penny,fractional_unit
What is the fractional unit of the currency Euro from Akrotiri and Dhekelia?,Cent,fractional_unit
What is the currency symbol of the currency Surinamese dollar from Suriname?,$,symbol_or_abbreviation
What is the ISO code of the currency West African CFA franc from Mali?,XOF,iso_code
What is the ISO code of the currency Euro from Netherlands[G]?,EUR,iso_code
What is the currency symbol of the currency Euro from Akrotiri and Dhekelia?,€,symbol_or_abbreviation
What is the fractional unit of the currency Kuwaiti dinar from Kuwait?,Fils,fractional_unit
What is the ISO code of the currency Israeli new shekel from Palestine[K]?,ILS,iso_code
What is the fractional unit of the currency Honduran lempira from Honduras?,Centavo,fractional_unit
What is the currency symbol of the currency Czech koruna from Czech Republic?,Kč,symbol_or_abbreviation
What is the fractional unit of the currency Chilean peso from Chile?,Centavo,fractional_unit
What is the ISO code of the currency Macedonian denar from North Macedonia?,MKD,iso_code
What is the currency symbol of the currency Samoan tālā from Samoa?,$,symbol_or_abbreviation
What is the ISO code of the currency Uruguayan peso from Uruguay?,UYU,iso_code
"What is the fractional unit of the currency South Korean won from Korea, South?",Jeon,fractional_unit
What is the currency symbol of the currency Bangladeshi taka from Bangladesh?,৳,symbol_or_abbreviation
What is the fractional unit of the currency Egyptian pound from Egypt?,Piastre[B],fractional_unit
What is the fractional unit of the currency Aruban florin from Aruba?,Cent,fractional_unit
What is the ISO code of the currency Nigerian naira from Nigeria?,NGN,iso_code
What is the currency symbol of the currency Singapore dollar from Singapore[M]?,$,symbol_or_abbreviation
What is the fractional unit of the currency Gibraltar pound from Gibraltar?,Penny,fractional_unit
What is the currency symbol of the currency CFP franc from Wallis and Futuna?,₣,symbol_or_abbreviation
What is the currency symbol of the currency Euro from Akrotiri and Dhekelia?,€,symbol_or_abbreviation
What is the ISO code of the currency Sierra Leonean leone from Sierra Leone?,SLE,iso_code
What is the ISO code of the currency Lesotho loti from Lesotho?,LSL,iso_code
What is the currency symbol of the currency Euro from Vatican City?,€,symbol_or_abbreviation
What is the ISO code of the currency United States dollar from Ecuador?,USD,iso_code
What is the fractional unit of the currency Australian dollar from Kiribati?,Cent,fractional_unit
What is the currency symbol of the currency West African CFA franc from Senegal?,F.CFA,symbol_or_abbreviation
What is the currency symbol of the currency Euro from Slovenia?,€,symbol_or_abbreviation
What is the fractional unit of the currency Australian dollar from Tuvalu?,Cent,fractional_unit
What is the fractional unit of the currency Australian dollar from Tuvalu?,Cent,fractional_unit
"What is the fractional unit of the currency North Korean won from Korea, North?",Chon,fractional_unit
What is the fractional unit of the currency Malagasy ariary from Madagascar?,Iraimbilanja,fractional_unit
What is the currency symbol of the currency Ghanaian cedi from Ghana?,₵,symbol_or_abbreviation
What is the ISO code of the currency United States dollar from Turks and Caicos Islands?,USD,iso_code
What is the fractional unit of the currency United States dollar from El Salvador?,Cent,fractional_unit
What is the fractional unit of the currency Turkmenistani manat from Turkmenistan?,Tenge,fractional_unit
What is the fractional unit of the currency Israeli new shekel from Palestine[K]?,Agora,fractional_unit
What is the ISO code of the currency United States dollar from El Salvador?,USD,iso_code
What is the fractional unit of the currency Fijian dollar from Fiji?,Cent,fractional_unit
What is the currency symbol of the currency Bosnia and Herzegovina convertible mark from Bosnia and Herzegovina?,KM,symbol_or_abbreviation
What is the fractional unit of the currency Eastern Caribbean dollar from Montserrat?,Cent,fractional_unit
What is the currency symbol of the currency Caribbean guilder from Curaçao?,Cg,symbol_or_abbreviation
What is the ISO code of the currency Omani rial from Oman?,OMR,iso_code
What is the ISO code of the currency Haitian gourde from Haiti?,HTG,iso_code
What is the fractional unit of the currency Comorian franc from Comoros?,Centime,fractional_unit
What is the fractional unit of the currency Euro from Ireland?,Cent,fractional_unit
What is the fractional unit of the currency Indonesian rupiah from Indonesia?,Sen,fractional_unit
What is the fractional unit of the currency Euro from Montenegro?,Cent,fractional_unit
What is the ISO code of the currency Moroccan dirham from Morocco?,MAD,iso_code
What is the ISO code of the currency Botswana pula from Botswana?,BWP,iso_code
What is the ISO code of the currency Euro from Greece?,EUR,iso_code
What is the ISO code of the currency Caribbean guilder from Sint Maarten?,XCG,iso_code
What is the fractional unit of the currency Jamaican dollar from Jamaica?,Cent,fractional_unit
What is the ISO code of the currency Lao kip from Laos?,LAK,iso_code
What is the fractional unit of the currency Caribbean guilder from Sint Maarten?,Cent,fractional_unit
What is the ISO code of the currency Euro from Slovenia?,EUR,iso_code
What is the currency symbol of the currency Euro from France?,€,symbol_or_abbreviation
What is the currency symbol of the currency Manx pound from Isle of Man?,£,symbol_or_abbreviation
What is the ISO code of the currency Central African CFA franc from Equatorial Guinea?,XAF,iso_code
What is the ISO code of the currency Kenyan shilling from Kenya?,KES,iso_code
What is the currency symbol of the currency Russian ruble from Abkhazia?,₽,symbol_or_abbreviation
What is the ISO code of the currency Romanian leu from Romania?,RON,iso_code
What is the ISO code of the currency Iraqi dinar from Iraq?,IQD,iso_code
What is the currency symbol of the currency West African CFA franc from Mali?,F.CFA,symbol_or_abbreviation
"What is the fractional unit of the currency South Korean won from Korea, South?",Jeon,fractional_unit
What is the ISO code of the currency Comorian franc from Comoros?,KMF,iso_code
What is the fractional unit of the currency Rwandan franc from Rwanda?,Centime,fractional_unit
What is the currency symbol of the currency Danish krone from Denmark?,kr,symbol_or_abbreviation
What is the fractional unit of the currency Sterling from Isle of Man?,Penny,fractional_unit
What is the currency symbol of the currency West African CFA franc from Guinea-Bissau?,F.CFA,symbol_or_abbreviation
What is the ISO code of the currency Ugandan shilling from Uganda?,UGX,iso_code
What is the fractional unit of the currency Namibian dollar from Namibia?,Cent,fractional_unit
What is the currency symbol of the currency Bermudian dollar from Bermuda?,$,symbol_or_abbreviation
What is the ISO code of the currency Peruvian sol from Peru?,PEN,iso_code
What is the fractional unit of the currency New Zealand dollar from Pitcairn Islands?,Cent,fractional_unit
What is the ISO code of the currency Peruvian sol from Peru?,PEN,iso_code
What is the fractional unit of the currency Manx pound from Isle of Man?,Penny,fractional_unit
What is the currency symbol of the currency Dominican peso from Dominican Republic?,$,symbol_or_abbreviation
What is the fractional unit of the currency Samoan tālā from Samoa?,Sene,fractional_unit
What is the fractional unit of the currency Sterling from Saint Helena?,Penny,fractional_unit
What is the fractional unit of the currency West African CFA franc from Benin?,Centime,fractional_unit
What is the currency symbol of the currency Bosnia and Herzegovina convertible mark from Bosnia and Herzegovina?,KM,symbol_or_abbreviation
What is the currency symbol of the currency Singapore dollar from Singapore[M]?,$,symbol_or_abbreviation
What is the fractional unit of the currency Turkish lira from Northern Cyprus?,Kuruş,fractional_unit
What is the fractional unit of the currency Syrian pound from Syria?,Piastre,fractional_unit
What is the currency symbol of the currency Pakistani rupee from Pakistan?,Re or Rs (pl.),symbol_or_abbreviation
What is the ISO code of the currency South African rand from Eswatini?,ZAR,iso_code
What is the ISO code of the currency Euro from Estonia?,EUR,iso_code
What is the fractional unit of the currency Sahrawi peseta from Sahrawi Republic[L]?,Centime,fractional_unit
What is the ISO code of the currency United States dollar from British Virgin Islands?,USD,iso_code
What is the fractional unit of the currency Chilean peso from Chile?,Centavo,fractional_unit
What is the fractional unit of the currency Liberian dollar from Liberia?,Cent,fractional_unit
What is the ISO code of the currency Turkmenistani manat from Turkmenistan?,TMT,iso_code
What is the fractional unit of the currency Qatari riyal from Qatar?,Dirham,fractional_unit
What is the currency symbol of the currency Kuwaiti dinar from Kuwait?,KD,symbol_or_abbreviation
What is the currency symbol of the currency Euro from Croatia?,€,symbol_or_abbreviation
What is the fractional unit of the currency Armenian dram from Armenia?,Luma,fractional_unit
What is the fractional unit of the currency Saint Helena pound from Saint Helena?,Penny,fractional_unit
What is the currency symbol of the currency South Sudanese pound from South Sudan?,SS£,symbol_or_abbreviation
What is the fractional unit of the currency Swedish krona from Sweden?,Öre,fractional_unit
What is the ISO code of the currency United States dollar[G] from Bonaire?,USD,iso_code
What is the ISO code of the currency Guyanese dollar from Guyana?,GYD,iso_code
What is the currency symbol of the currency Polish złoty from Poland?,zł,symbol_or_abbreviation
What is the currency symbol of the currency Burmese kyat from Myanmar?,K or Ks (pl.),symbol_or_abbreviation
What is the ISO code of the currency Belize dollar from Belize?,BZD,iso_code
What is the ISO code of the currency United States dollar[G] from Bonaire?,USD,iso_code
What is the ISO code of the currency Kuwaiti dinar from Kuwait?,KWD,iso_code
What is the fractional unit of the currency Euro from Greece?,Cent,fractional_unit
What is the currency symbol of the currency Pitcairn Islands dollar[E] from Pitcairn Islands?,$,symbol_or_abbreviation
What is the ISO code of the currency Euro from Austria?,EUR,iso_code
What is the currency symbol of the currency Rwandan franc from Rwanda?,FRw,symbol_or_abbreviation
What is the ISO code of the currency Romanian leu from Romania?,RON,iso_code
What is the currency symbol of the currency Belize dollar from Belize?,$,symbol_or_abbreviation
What is the fractional unit of the currency Macedonian denar from North Macedonia?,Deni,fractional_unit
What is the fractional unit of the currency Japanese yen from Japan?,Sen[C],fractional_unit
What is the fractional unit of the currency Somali shilling from Somalia?,Cent,fractional_unit
What is the fractional unit of the currency Somali shilling from Somalia?,Cent,fractional_unit
What is the ISO code of the currency West African CFA franc from Guinea-Bissau?,XOF,iso_code
What is the fractional unit of the currency Ethiopian birr from Ethiopia?,Santim,fractional_unit
What is the currency symbol of the currency Brunei dollar from Singapore[M]?,$,symbol_or_abbreviation
What is the fractional unit of the currency Australian dollar from Tuvalu?,Cent,fractional_unit
What is the currency symbol of the currency Euro from Andorra?,€,symbol_or_abbreviation
What is the currency symbol of the currency Macanese pataca from Macau?,$ or ptc,symbol_or_abbreviation
What is the ISO code of the currency Singapore dollar from Brunei[H]?,SGD,iso_code
What is the ISO code of the currency Mongolian tögrög from Mongolia?,MNT,iso_code
What is the currency symbol of the currency Eastern Caribbean dollar from Antigua and Barbuda?,EC$,symbol_or_abbreviation
What is the ISO code of the currency Russian ruble from Russia?,RUB,iso_code
What is the fractional unit of the currency Brazilian real from Brazil?,Centavo,fractional_unit
What is the ISO code of the currency United States dollar from Timor-Leste?,USD,iso_code
What is the ISO code of the currency Angolan kwanza from Angola?,AOA,iso_code
What is the ISO code of the currency Sterling from Saint Helena?,GBP,iso_code
What is the currency symbol of the currency Yemeni rial from Yemen?,Rl or Rls (pl.),symbol_or_abbreviation
What is the ISO code of the currency Euro from Slovenia?,EUR,iso_code
What is the currency symbol of the currency West African CFA franc from Côte d'Ivoire?,F.CFA,symbol_or_abbreviation
What is the ISO code of the currency Azerbaijani manat from Azerbaijan?,AZN,iso_code
What is the fractional unit of the currency Turkmenistani manat from Turkmenistan?,Tenge,fractional_unit
What is the fractional unit of the currency Euro from Netherlands[G]?,Cent,fractional_unit
What is the ISO code of the currency Venezuelan sovereign bolívar from Venezuela?,VES,iso_code
What is the currency symbol of the currency Euro from Monaco?,€,symbol_or_abbreviation
What is the ISO code of the currency Comorian franc from Comoros?,KMF,iso_code
What is the ISO code of the currency Euro from Luxembourg?,EUR,iso_code
What is the currency symbol of the currency Romanian leu from Romania?,Leu or Lei (pl.),symbol_or_abbreviation
What is the ISO code of the currency Central African CFA franc from Cameroon?,XAF,iso_code
What is the ISO code of the currency Euro from Latvia?,EUR,iso_code
What is the fractional unit of the currency Euro from Montenegro?,Cent,fractional_unit
What is the currency symbol of the currency Iraqi dinar from Iraq?,ID,symbol_or_abbreviation
What is the fractional unit of the currency Sterling from Bailiwick of Guernsey?,Penny,fractional_unit
What is the ISO code of the currency Euro from Ireland?,EUR,iso_code
What is the ISO code of the currency United States dollar from Micronesia?,USD,iso_code
What is the currency symbol of the currency Solomon Islands dollar from Solomon Islands?,$,symbol_or_abbreviation
What is the ISO code of the currency São Tomé and Príncipe dobra from São Tomé and Príncipe?,STN,iso_code
What is the currency symbol of the currency Euro from Vatican City?,€,symbol_or_abbreviation
What is the currency symbol of the currency Euro from Belgium?,€,symbol_or_abbreviation
What is the currency symbol of the currency Central African CFA franc from Central African Republic?,F.CFA,symbol_or_abbreviation
What is the fractional unit of the currency New Taiwan dollar from Taiwan?,Cent,fractional_unit
What is the ISO code of the currency South African rand from South Africa?,ZAR,iso_code
What is the fractional unit of the currency Jamaican dollar from Jamaica?,Cent,fractional_unit
What is the fractional unit of the currency Singapore dollar from Brunei[H]?,Cent,fractional_unit
What is the fractional unit of the currency West African CFA franc from Guinea-Bissau?,Centime,fractional_unit
What is the fractional unit of the currency Euro from Malta?,Cent,fractional_unit
What is the currency symbol of the currency Eastern Caribbean dollar from Antigua and Barbuda?,EC$,symbol_or_abbreviation
What is the currency symbol of the currency Euro from Andorra?,€,symbol_or_abbreviation
What is the currency symbol of the currency Sri Lankan rupee from Sri Lanka?,Re or Rs (pl.),symbol_or_abbreviation
What is the fractional unit of the currency Swedish krona from Sweden?,Öre,fractional_unit
What is the currency symbol of the currency South African rand from Eswatini?,R,symbol_or_abbreviation
What is the fractional unit of the currency Central African CFA franc from Cameroon?,Centime,fractional_unit
What is the fractional unit of the currency Eritrean nakfa from Eritrea?,Cent,fractional_unit
What is the fractional unit of the currency Cook Islands dollar from Cook Islands?,Cent,fractional_unit
What is the fractional unit of the currency Australian dollar from Tuvalu?,Cent,fractional_unit
What is the fractional unit of the currency South Sudanese pound from South Sudan?,Piaster,fractional_unit
What is the currency symbol of the currency Eastern Caribbean dollar from Saint Vincent and the Grenadines?,EC$,symbol_or_abbreviation
What is the fractional unit of the currency Kenyan shilling from Kenya?,Cent,fractional_unit
What is the ISO code of the currency Indian rupee from India?,INR,iso_code
What is the ISO code of the currency United States dollar[G] from Sint Eustatius?,USD,iso_code
What is the currency symbol of the currency Kenyan shilling from Kenya?,Sh or Shs (pl.),symbol_or_abbreviation
What is the fractional unit of the currency Costa Rican colón from Costa Rica?,Céntimo,fractional_unit
What is the currency symbol of the currency Maldivian rufiyaa from Maldives?,Rf,symbol_or_abbreviation
What is the fractional unit of the currency São Tomé and Príncipe dobra from São Tomé and Príncipe?,Cêntimo,fractional_unit
What is the currency symbol of the currency West African CFA franc from Côte d'Ivoire?,F.CFA,symbol_or_abbreviation
What is the ISO code of the currency Panamanian balboa from Panama?,PAB,iso_code
What is the ISO code of the currency Falkland Islands pound from Falkland Islands?,FKP,iso_code
What is the fractional unit of the currency Honduran lempira from Honduras?,Centavo,fractional_unit
What is the ISO code of the currency Euro from San Marino?,EUR,iso_code
What is the ISO code of the currency Sterling from Bailiwick of Guernsey?,GBP,iso_code
What is the ISO code of the currency Mauritanian ouguiya from Mauritania?,MRU,iso_code
What is the fractional unit of the currency Ghanaian cedi from Ghana?,Pesewa,fractional_unit
What is the ISO code of the currency Jordanian dinar from Palestine[K]?,JOD,iso_code
What is the fractional unit of the currency South African rand from Namibia?,Cent,fractional_unit
What is the ISO code of the currency Bermudian dollar from Bermuda?,BMD,iso_code
What is the fractional unit of the currency Cape Verdean escudo from Cape Verde?,Centavo,fractional_unit
What is the ISO code of the currency Omani rial from Oman?,OMR,iso_code
What is the currency symbol of the currency West African CFA franc from Togo?,F.CFA,symbol_or_abbreviation
What is the fractional unit of the currency Ukrainian hryvnia from Ukraine?,Kopeck,fractional_unit
What is the ISO code of the currency Kenyan shilling from Kenya?,KES,iso_code
What is the ISO code of the currency CFP franc from Wallis and Futuna?,XPF,iso_code
What is the ISO code of the currency Malagasy ariary from Madagascar?,MGA,iso_code
What is the currency symbol of the currency Moldovan leu from Moldova?,Leu or Lei (pl.),symbol_or_abbreviation
What is the fractional unit of the currency Zambian kwacha from Zambia?,Ngwee,fractional_unit
What is the ISO code of the currency Euro from Cyprus?,EUR,iso_code
What is the fractional unit of the currency Jersey pound from Jersey?,Penny,fractional_unit
What is the ISO code of the currency Uruguayan peso from Uruguay?,UYU,iso_code
What is the fractional unit of the currency Swedish krona from Sweden?,Öre,fractional_unit
What is the ISO code of the currency Euro from Slovenia?,EUR,iso_code
What is the currency symbol of the currency Pitcairn Islands dollar[E] from Pitcairn Islands?,$,symbol_or_abbreviation
What is the currency symbol of the currency Central African CFA franc from Cameroon?,F.CFA,symbol_or_abbreviation
What is the currency symbol of the currency Pakistani rupee from Pakistan?,Re or Rs (pl.),symbol_or_abbreviation
What is the currency symbol of the currency Danish krone from Greenland?,kr,symbol_or_abbreviation
What is the fractional unit of the currency Euro from France?,Cent,fractional_unit
What is the currency symbol of the currency Uzbekistani sum from Uzbekistan?,Sʻ,symbol_or_abbreviation
What is the fractional unit of the currency United States dollar from Ecuador?,Centavo,fractional_unit
What is the fractional unit of the currency South African rand from South Africa?,Cent,fractional_unit
What is the ISO code of the currency Bulgarian lev from Bulgaria?,BGN,iso_code
What is the fractional unit of the currency Transnistrian ruble from Transnistria?,Kopeck,fractional_unit
What is the fractional unit of the currency Turkish lira from Turkey?,Kuruş,fractional_unit
What is the fractional unit of the currency Transnistrian ruble from Transnistria?,Kopeck,fractional_unit
What is the fractional unit of the currency Cuban peso from Cuba?,Centavo,fractional_unit
What is the fractional unit of the currency Euro from Spain?,Cent,fractional_unit
What is the fractional unit of the currency Sterling from Falkland Islands?,Penny,fractional_unit
What is the fractional unit of the currency Ethiopian birr from Ethiopia?,Santim,fractional_unit
What is the currency symbol of the currency São Tomé and Príncipe dobra from São Tomé and Príncipe?,Db,symbol_or_abbreviation
What is the currency symbol of the currency Sterling from Gibraltar?,£,symbol_or_abbreviation
What is the currency symbol of the currency Japanese yen from Japan?,¥,symbol_or_abbreviation
What is the fractional unit of the currency Bhutanese ngultrum[F] from Bhutan?,Chetrum,fractional_unit
What is the currency symbol of the currency Vanuatu vatu from Vanuatu?,VT,symbol_or_abbreviation
What is the fractional unit of the currency Solomon Islands dollar from Solomon Islands?,Cent,fractional_unit
What is the currency symbol of the currency South African rand from Eswatini?,R,symbol_or_abbreviation
What is the currency symbol of the currency South Sudanese pound from South Sudan?,SS£,symbol_or_abbreviation
What is the currency symbol of the currency West African CFA franc from Niger?,F.CFA,symbol_or_abbreviation
What is the ISO code of the currency Panamanian balboa from Panama?,PAB,iso_code
What is the currency symbol of the currency Belarusian ruble from Belarus?,Br,symbol_or_abbreviation
What is the currency symbol of the currency Liberian dollar from Liberia?,$,symbol_or_abbreviation
What is the currency symbol of the currency Liberian dollar from Liberia?,$,symbol_or_abbreviation
What is the fractional unit of the currency Guernsey pound from Bailiwick of Guernsey?,Penny,fractional_unit
What is the fractional unit of the currency Armenian dram from Armenia?,Luma,fractional_unit
What is the ISO code of the currency Danish krone from Greenland?,DKK,iso_code
What is the ISO code of the currency Tongan paʻanga[O] from Tonga?,TOP,iso_code
What is the currency symbol of the currency Eastern Caribbean dollar from Anguilla?,EC$,symbol_or_abbreviation
What is the currency symbol of the currency Singapore dollar from Brunei[H]?,$,symbol_or_abbreviation
What is the currency symbol of the currency Abkhazian apsar[E] from Abkhazia?,аҧ,symbol_or_abbreviation
What is the currency symbol of the currency Peruvian sol from Peru?,S/,symbol_or_abbreviation
What is the ISO code of the currency United States dollar from Timor-Leste?,USD,iso_code
What is the currency symbol of the currency Cook Islands dollar from Cook Islands?,$,symbol_or_abbreviation
What is the currency symbol of the currency Euro from Estonia?,€,symbol_or_abbreviation
What is the ISO code of the currency Euro from Croatia?,EUR,iso_code
What is the ISO code of the currency New Zealand dollar from New Zealand?,NZD,iso_code
What is the currency symbol of the currency Surinamese dollar from Suriname?,$,symbol_or_abbreviation
What is the fractional unit of the currency Cape Verdean escudo from Cape Verde?,Centavo,fractional_unit
What is the ISO code of the currency Swiss franc from Switzerland?,CHF,iso_code
What is the currency symbol of the currency Seychellois rupee from Seychelles?,Re or Rs (pl.),symbol_or_abbreviation
What is the fractional unit of the currency Sierra Leonean leone from Sierra Leone?,Cent,fractional_unit
What is the currency symbol of the currency United States dollar from Panama?,$,symbol_or_abbreviation
What is the currency symbol of the currency Norwegian krone from Norway?,kr,symbol_or_abbreviation
What is the fractional unit of the currency Canadian dollar from Canada?,Cent,fractional_unit
What is the currency symbol of the currency United States dollar[G] from Bonaire?,$,symbol_or_abbreviation
What is the currency symbol of the currency Manx pound from Isle of Man?,£,symbol_or_abbreviation
What is the fractional unit of the currency Burundian franc from Burundi?,Centime,fractional_unit
What is the currency symbol of the currency Samoan tālā from Samoa?,$,symbol_or_abbreviation
What is the fractional unit of the currency Czech koruna from Czech Republic?,Heller,fractional_unit
What is the fractional unit of the currency Sterling from South Georgia and the South Sandwich Islands?,Penny,fractional_unit
What is the ISO code of the currency Australian dollar from Australia?,AUD,iso_code
What is the ISO code of the currency Euro from Austria?,EUR,iso_code
What is the currency symbol of the currency Costa Rican colón from Costa Rica?,₡,symbol_or_abbreviation
What is the fractional unit of the currency United States dollar from Palau?,Cent,fractional_unit
What is the fractional unit of the currency United States dollar from Liberia?,Cent,fractional_unit
What is the fractional unit of the currency Sterling from Falkland Islands?,Penny,fractional_unit
What is the ISO code of the currency Malawian kwacha from Malawi?,MWK,iso_code
What is the ISO code of the currency South Sudanese pound from South Sudan?,SSP,iso_code
What is the currency symbol of the currency Iraqi dinar from Iraq?,ID,symbol_or_abbreviation
What is the ISO code of the currency Euro from Belgium?,EUR,iso_code
"What is the currency symbol of the currency South Korean won from Korea, South?",₩,symbol_or_abbreviation
What is the fractional unit of the currency Euro from Portugal?,Cent,fractional_unit
What is the fractional unit of the currency Euro from Malta?,Cent,fractional_unit
What is the fractional unit of the currency Cape Verdean escudo from Cape Verde?,Centavo,fractional_unit
What is the ISO code of the currency Central African CFA franc from Gabon?,XAF,iso_code
What is the ISO code of the currency Venezuelan sovereign bolívar from Venezuela?,VES,iso_code
What is the currency symbol of the currency Niue dollar[E] from Niue?,$,symbol_or_abbreviation
"What is the currency symbol of the currency Congolese franc from Congo, Democratic Republic of the?",FC,symbol_or_abbreviation
What is the fractional unit of the currency Indonesian rupiah from Indonesia?,Sen,fractional_unit
What is the currency symbol of the currency West African CFA franc from Mali?,F.CFA,symbol_or_abbreviation
What is the currency symbol of the currency Euro from Portugal?,€,symbol_or_abbreviation
What is the currency symbol of the currency Cook Islands dollar from Cook Islands?,$,symbol_or_abbreviation
What is the ISO code of the currency Moroccan dirham from Sahrawi Republic[L]?,MAD,iso_code
What is the fractional unit of the currency Egyptian pound from Palestine[K]?,Piastre[B],fractional_unit
What is the ISO code of the currency Euro from Estonia?,EUR,iso_code
What is the fractional unit of the currency Norwegian krone from Norway?,Øre,fractional_unit
What is the ISO code of the currency Qatari riyal from Qatar?,QAR,iso_code
What is the fractional unit of the currency Moroccan dirham from Morocco?,Centime,fractional_unit
What is the ISO code of the currency Sterling from Falkland Islands?,GBP,iso_code
What is the currency symbol of the currency Sterling from Gibraltar?,£,symbol_or_abbreviation
What is the currency symbol of the currency Niue dollar[E] from Niue?,$,symbol_or_abbreviation
What is the fractional unit of the currency Singapore dollar from Brunei[H]?,Cent,fractional_unit
What is the currency symbol of the currency Kenyan shilling from Kenya?,Sh or Shs (pl.),symbol_or_abbreviation
What is the fractional unit of the currency Sterling from Jersey?,Penny,fractional_unit
What is the fractional unit of the currency Eastern Caribbean dollar from Antigua and Barbuda?,Cent,fractional_unit
What is the currency symbol of the currency Vanuatu vatu from Vanuatu?,VT,symbol_or_abbreviation
What is the fractional unit of the currency Belarusian ruble from Belarus?,Kopeck,fractional_unit
What is the ISO code of the currency Brunei dollar from Brunei[H]?,BND,iso_code
What is the currency symbol of the currency Mongolian tögrög from Mongolia?,₮,symbol_or_abbreviation
What is the ISO code of the currency Brunei dollar from Singapore[M]?,BND,iso_code
What is the currency symbol of the currency Kazakhstani tenge from Kazakhstan?,₸,symbol_or_abbreviation
What is the fractional unit of the currency Armenian dram from Armenia?,Luma,fractional_unit
What is the fractional unit of the currency Samoan tālā from Samoa?,Sene,fractional_unit
What is the ISO code of the currency Angolan kwanza from Angola?,AOA,iso_code
What is the fractional unit of the currency Azerbaijani manat from Azerbaijan?,Qəpik,fractional_unit
What is the currency symbol of the currency Somaliland shilling from Somaliland?,Sh or Shs (pl.),symbol_or_abbreviation
What is the currency symbol of the currency Central African CFA franc from Chad?,F.CFA,symbol_or_abbreviation
What is the ISO code of the currency New Taiwan dollar from Taiwan?,TWD,iso_code
What is the currency symbol of the currency United States dollar from Micronesia?,$,symbol_or_abbreviation
What is the fractional unit of the currency Cook Islands dollar from Cook Islands?,Cent,fractional_unit
What is the ISO code of the currency South African rand from South Africa?,ZAR,iso_code
What is the currency symbol of the currency Mozambican metical from Mozambique?,Mt,symbol_or_abbreviation
What is the ISO code of the currency Central African CFA franc from Chad?,XAF,iso_code
What is the fractional unit of the currency Mauritian rupee from Mauritius?,Cent,fractional_unit
What is the currency symbol of the currency Rwandan franc from Rwanda?,FRw,symbol_or_abbreviation
What is the fractional unit of the currency United States dollar from United States?,Cent[A],fractional_unit
What is the ISO code of the currency Euro from Akrotiri and Dhekelia?,EUR,iso_code
What is the ISO code of the currency Qatari riyal from Qatar?,QAR,iso_code
What is the fractional unit of the currency Euro from Greece?,Cent,fractional_unit
What is the currency symbol of the currency Malawian kwacha from Malawi?,K,symbol_or_abbreviation
What is the currency symbol of the currency Lesotho loti from Lesotho?,L or M (pl.),symbol_or_abbreviation
What is the ISO code of the currency Moroccan dirham from Morocco?,MAD,iso_code
What is the currency symbol of the currency Burundian franc from Burundi?,FBu,symbol_or_abbreviation
What is the fractional unit of the currency Eastern Caribbean dollar from Saint Kitts and Nevis?,Cent,fractional_unit
What is the currency symbol of the currency Macedonian denar from North Macedonia?,DEN,symbol_or_abbreviation
What is the ISO code of the currency Mongolian tögrög from Mongolia?,MNT,iso_code
What is the currency symbol of the currency Indian rupee from India?,₹,symbol_or_abbreviation
What is the ISO code of the currency Georgian lari from Georgia?,GEL,iso_code
What is the ISO code of the currency United States dollar from United States?,USD,iso_code
What is the fractional unit of the currency Euro from France?,Cent,fractional_unit
What is the currency symbol of the currency Eastern Caribbean dollar from Saint Vincent and the Grenadines?,EC$,symbol_or_abbreviation
What is the fractional unit of the currency Armenian dram from Armenia?,Luma,fractional_unit
What is the currency symbol of the currency Mexican peso from Mexico?,$,symbol_or_abbreviation
What is the fractional unit of the currency Euro from Germany?,Cent,fractional_unit
"What is the fractional unit of the currency Central African CFA franc from Congo, Republic of the?",Centime,fractional_unit
What is the ISO code of the currency Burundian franc from Burundi?,BIF,iso_code
What is the fractional unit of the currency Sterling from Jersey?,Penny,fractional_unit
What is the currency symbol of the currency Libyan dinar from Libya?,LD,symbol_or_abbreviation
What is the ISO code of the currency United States dollar from Timor-Leste?,USD,iso_code
What is the fractional unit of the currency West African CFA franc from Senegal?,Centime,fractional_unit
What is the currency symbol of the currency Macedonian denar from North Macedonia?,DEN,symbol_or_abbreviation
What is the fractional unit of the currency Nigerian naira from Nigeria?,Kobo,fractional_unit
What is the fractional unit of the currency Guernsey pound from Bailiwick of Guernsey?,Penny,fractional_unit
What is the fractional unit of the currency Swazi lilangeni from Eswatini?,Cent,fractional_unit
What is the currency symbol of the currency United States dollar from Panama?,$,symbol_or_abbreviation
What is the currency symbol of the currency CFP franc from French Polynesia?,₣,symbol_or_abbreviation
What is the currency symbol of the currency Aruban florin from Aruba?,ƒ,symbol_or_abbreviation
What is the ISO code of the currency Indonesian rupiah from Indonesia?,IDR,iso_code
What is the currency symbol of the currency Honduran lempira from Honduras?,L,symbol_or_abbreviation
What is the fractional unit of the currency Tuvaluan dollar from Tuvalu?,Cent,fractional_unit
What is the fractional unit of the currency Sterling from Isle of Man?,Penny,fractional_unit
What is the currency symbol of the currency Hungarian forint from Hungary?,Ft,symbol_or_abbreviation
What is the fractional unit of the currency Manx pound from Isle of Man?,Penny,fractional_unit
What is the ISO code of the currency Euro from Finland?,EUR,iso_code
What is the ISO code of the currency Paraguayan guaraní from Paraguay?,PYG,iso_code
What is the currency symbol of the currency United States dollar from Micronesia?,$,symbol_or_abbreviation
What is the fractional unit of the currency South African rand from South Africa?,Cent,fractional_unit
What is the ISO code of the currency Botswana pula from Botswana?,BWP,iso_code
What is the fractional unit of the currency Colombian peso from Colombia?,Centavo,fractional_unit
What is the ISO code of the currency Sterling from Saint Helena?,GBP,iso_code
What is the ISO code of the currency Maldivian rufiyaa from Maldives?,MVR,iso_code
What is the fractional unit of the currency Malawian kwacha from Malawi?,Tambala,fractional_unit
What is the fractional unit of the currency Eastern Caribbean dollar from Montserrat?,Cent,fractional_unit
What is the fractional unit of the currency Malaysian ringgit from Malaysia?,Sen,fractional_unit
What is the currency symbol of the currency Kuwaiti dinar from Kuwait?,KD,symbol_or_abbreviation
What is the currency symbol of the currency Brazilian real from Brazil?,R$,symbol_or_abbreviation
What is the currency symbol of the currency Iranian rial from Iran?,Rl or Rls (pl.),symbol_or_abbreviation
What is the fractional unit of the currency Angolan kwanza from Angola?,Cêntimo,fractional_unit
What is the fractional unit of the currency Central African CFA franc from Gabon?,Centime,fractional_unit
What is the fractional unit of the currency Guernsey pound from Bailiwick of Guernsey?,Penny,fractional_unit
What is the currency symbol of the currency Jordanian dinar from Jordan?,JD,symbol_or_abbreviation
What is the ISO code of the currency Singapore dollar from Singapore[M]?,SGD,iso_code
What is the currency symbol of the currency United States dollar from Liberia?,$,symbol_or_abbreviation
"What is the fractional unit of the currency South Korean won from Korea, South?",Jeon,fractional_unit
What is the fractional unit of the currency Turkish lira from Northern Cyprus?,Kuruş,fractional_unit
What is the currency symbol of the currency Sri Lankan rupee from Sri Lanka?,Re or Rs (pl.),symbol_or_abbreviation
What is the currency symbol of the currency Manx pound from Isle of Man?,£,symbol_or_abbreviation
What is the fractional unit of the currency South African rand from Lesotho?,Cent,fractional_unit
What is the currency symbol of the currency West African CFA franc from Burkina Faso?,F.CFA,symbol_or_abbreviation
What is the fractional unit of the currency Euro from Lithuania?,Cent,fractional_unit
What is the fractional unit of the currency New Zealand dollar from Cook Islands?,Cent,fractional_unit
What is the fractional unit of the currency Euro from Greece?,Cent,fractional_unit
What is the ISO code of the currency Djiboutian franc from Djibouti?,DJF,iso_code
What is the currency symbol of the currency CFP franc from French Polynesia?,₣,symbol_or_abbreviation
What is the currency symbol of the currency Sterling from Bailiwick of Guernsey?,£,symbol_or_abbreviation
What is the ISO code of the currency Swiss franc from Switzerland?,CHF,iso_code
What is the fractional unit of the currency Euro from Latvia?,Cent,fractional_unit
What is the ISO code of the currency Falkland Islands pound from South Georgia and the South Sandwich Islands?,FKP,iso_code
What is the ISO code of the currency Euro from Latvia?,EUR,iso_code
What is the ISO code of the currency Macedonian denar from North Macedonia?,MKD,iso_code
What is the fractional unit of the currency Ghanaian cedi from Ghana?,Pesewa,fractional_unit
What is the fractional unit of the currency Swedish krona from Sweden?,Öre,fractional_unit
What is the ISO code of the currency Brunei dollar from Brunei[H]?,BND,iso_code
What is the fractional unit of the currency Sterling from Jersey?,Penny,fractional_unit
What is the currency symbol of the currency Malagasy ariary from Madagascar?,Ar,symbol_or_abbreviation
What is the currency symbol of the currency United States dollar from El Salvador?,$,symbol_or_abbreviation
What is the ISO code of the currency CFP franc from French Polynesia?,XPF,iso_code
What is the fractional unit of the currency Djiboutian franc from Djibouti?,Centime,fractional_unit
What is the fractional unit of the currency Belarusian ruble from Belarus?,Kopeck,fractional_unit
What is the currency symbol of the currency Israeli new shekel from Palestine[K]?,₪,symbol_or_abbreviation
What is the fractional unit of the currency Djiboutian franc from Djibouti?,Centime,fractional_unit
What is the currency symbol of the currency New Zealand dollar from New Zealand?,$,symbol_or_abbreviation
What is the currency symbol of the currency Trinidad and Tobago dollar from Trinidad and Tobago?,$,symbol_or_abbreviation
What is the fractional unit of the currency Uruguayan peso from Uruguay?,Centésimo,fractional_unit
What is the currency symbol of the currency Vanuatu vatu from Vanuatu?,VT,symbol_or_abbreviation
What is the currency symbol of the currency Angolan kwanza from Angola?,Kz,symbol_or_abbreviation
What is the currency symbol of the currency Namibian dollar from Namibia?,$,symbol_or_abbreviation
What is the fractional unit of the currency Turkmenistani manat from Turkmenistan?,Tenge,fractional_unit
What is the fractional unit of the currency Ethiopian birr from Ethiopia?,Santim,fractional_unit
What is the currency symbol of the currency Swedish krona from Sweden?,kr,symbol_or_abbreviation
What is the currency symbol of the currency Eastern Caribbean dollar from Dominica?,EC$,symbol_or_abbreviation
What is the fractional unit of the currency Faroese króna from Faroe Islands?,Oyra,fractional_unit
What is the fractional unit of the currency Manx pound from Isle of Man?,Penny,fractional_unit
What is the ISO code of the currency Euro from Belgium?,EUR,iso_code
What is the currency symbol of the currency Fijian dollar from Fiji?,$,symbol_or_abbreviation
What is the ISO code of the currency Eastern Caribbean dollar from Saint Kitts and Nevis?,XCD,iso_code
What is the fractional unit of the currency Somali shilling from Somalia?,Cent,fractional_unit
What is the fractional unit of the currency Australian dollar from Nauru?,Cent,fractional_unit
What is the ISO code of the currency Eastern Caribbean dollar from Saint Lucia?,XCD,iso_code
What is the fractional unit of the currency Euro from Italy?,Cent,fractional_unit
What is the fractional unit of the currency Faroese króna from Faroe Islands?,Oyra,fractional_unit
What is the ISO code of the currency Yemeni rial from Yemen?,YER,iso_code
What is the ISO code of the currency Egyptian pound from Egypt?,EGP,iso_code
What is the fractional unit of the currency Eastern Caribbean dollar from Montserrat?,Cent,fractional_unit
What is the ISO code of the currency Costa Rican colón from Costa Rica?,CRC,iso_code
What is the currency symbol of the currency Mauritian rupee from Mauritius?,Re or Rs (pl.),symbol_or_abbreviation
What is the ISO code of the currency Euro from San Marino?,EUR,iso_code
What is the currency symbol of the currency Sterling from Isle of Man?,£,symbol_or_abbreviation
What is the currency symbol of the currency Euro from Belgium?,€,symbol_or_abbreviation
What is the currency symbol of the currency West African CFA franc from Côte d'Ivoire?,F.CFA,symbol_or_abbreviation
What is the ISO code of the currency São Tomé and Príncipe dobra from São Tomé and Príncipe?,STN,iso_code
What is the ISO code of the currency Djiboutian franc from Djibouti?,DJF,iso_code
What is the fractional unit of the currency Cape Verdean escudo from Cape Verde?,Centavo,fractional_unit
What is the currency symbol of the currency Surinamese dollar from Suriname?,$,symbol_or_abbreviation
What is the fractional unit of the currency New Taiwan dollar from Taiwan?,Cent,fractional_unit
What is the ISO code of the currency Eastern Caribbean dollar from Saint Kitts and Nevis?,XCD,iso_code
What is the fractional unit of the currency Central African CFA franc from Gabon?,Centime,fractional_unit
What is the fractional unit of the currency Dominican peso from Dominican Republic?,Centavo,fractional_unit
What is the ISO code of the currency Yemeni rial from Yemen?,YER,iso_code
What is the ISO code of the currency Sterling from Falkland Islands?,GBP,iso_code
What is the ISO code of the currency Panamanian balboa from Panama?,PAB,iso_code
What is the ISO code of the currency Burmese kyat from Myanmar?,MMK,iso_code
What is the currency symbol of the currency Russian ruble from Russia?,₽,symbol_or_abbreviation
What is the ISO code of the currency Euro from Lithuania?,EUR,iso_code
"What is the currency symbol of the currency South Korean won from Korea, South?",₩,symbol_or_abbreviation
What is the currency symbol of the currency Nicaraguan córdoba from Nicaragua?,C$,symbol_or_abbreviation
What is the currency symbol of the currency Tunisian dinar from Tunisia?,DT,symbol_or_abbreviation
What is the currency symbol of the currency Serbian dinar from Serbia?,DIN,symbol_or_abbreviation
What is the ISO code of the currency Yemeni rial from Yemen?,YER,iso_code
What is the ISO code of the currency West African CFA franc from Côte d'Ivoire?,XOF,iso_code
What is the fractional unit of the currency Turkmenistani manat from Turkmenistan?,Tenge,fractional_unit
What is the fractional unit of the currency Azerbaijani manat from Azerbaijan?,Qəpik,fractional_unit
What is the currency symbol of the currency Nicaraguan córdoba from Nicaragua?,C$,symbol_or_abbreviation
What is the ISO code of the currency Czech koruna from Czech Republic?,CZK,iso_code
What is the currency symbol of the currency United States dollar from El Salvador?,$,symbol_or_abbreviation
What is the currency symbol of the currency Tuvaluan dollar from Tuvalu?,$,symbol_or_abbreviation
What is the ISO code of the currency Euro from Akrotiri and Dhekelia?,EUR,iso_code
What is the currency symbol of the currency Tajikistani somoni from Tajikistan?,SM,symbol_or_abbreviation
What is the currency symbol of the currency Uruguayan peso from Uruguay?,$,symbol_or_abbreviation
What is the fractional unit of the currency United States dollar from Liberia?,Cent,fractional_unit
What is the currency symbol of the currency South African rand from South Africa?,R,symbol_or_abbreviation
What is the ISO code of the currency Caribbean guilder from Sint Maarten?,XCG,iso_code
What is the fractional unit of the currency Fijian dollar from Fiji?,Cent,fractional_unit
What is the currency symbol of the currency Bangladeshi taka from Bangladesh?,৳,symbol_or_abbreviation
What is the fractional unit of the currency Nicaraguan córdoba from Nicaragua?,Centavo,fractional_unit
What is the fractional unit of the currency Bermudian dollar from Bermuda?,Cent,fractional_unit
What is the ISO code of the currency United States dollar from Liberia?,USD,iso_code
What is the ISO code of the currency New Zealand dollar from Niue?,NZD,iso_code
What is the currency symbol of the currency Bosnia and Herzegovina convertible mark from Bosnia and Herzegovina?,KM,symbol_or_abbreviation
What is the ISO code of the currency Malawian kwacha from Malawi?,MWK,iso_code
What is the currency symbol of the currency South Sudanese pound from South Sudan?,SS£,symbol_or_abbreviation
What is the ISO code of the currency Euro from Estonia?,EUR,iso_code
What is the currency symbol of the currency Venezuelan digital bolívar from Venezuela?,Bs.D,symbol_or_abbreviation
What is the ISO code of the currency Euro from Montenegro?,EUR,iso_code
What is the ISO code of the currency Pakistani rupee from Pakistan?,PKR,iso_code
What is the currency symbol of the currency São Tomé and Príncipe dobra from São Tomé and Príncipe?,Db,symbol_or_abbreviation
What is the fractional unit of the currency Brazilian real from Brazil?,Centavo,fractional_unit
What is the currency symbol of the currency Brunei dollar from Brunei[H]?,$,symbol_or_abbreviation
"What is the fractional unit of the currency North Korean won from Korea, North?",Chon,fractional_unit
What is the currency symbol of the currency Kiribati dollar[E] from Kiribati?,$,symbol_or_abbreviation
What is the fractional unit of the currency Australian dollar from Tuvalu?,Cent,fractional_unit
What is the ISO code of the currency Angolan kwanza from Angola?,AOA,iso_code
What is the ISO code of the currency Ugandan shilling from Uganda?,UGX,iso_code
What is the ISO code of the currency Central African CFA franc from Cameroon?,XAF,iso_code
What is the currency symbol of the currency Sterling from Saint Helena?,£,symbol_or_abbreviation
What is the ISO code of the currency Swazi lilangeni from Eswatini?,SZL,iso_code
What is the fractional unit of the currency Vanuatu vatu from Vanuatu?,Cent,fractional_unit
What is the ISO code of the currency Central African CFA franc from Equatorial Guinea?,XAF,iso_code
What is the ISO code of the currency Algerian dinar from Algeria?,DZD,iso_code
What is the currency symbol of the currency Mexican peso from Mexico?,$,symbol_or_abbreviation
What is the ISO code of the currency Euro from Andorra?,EUR,iso_code
What is the fractional unit of the currency Georgian lari from Georgia?,Tetri,fractional_unit
What is the fractional unit of the currency Trinidad and Tobago dollar from Trinidad and Tobago?,Cent,fractional_unit
What is the ISO code of the currency Eritrean nakfa from Eritrea?,ERN,iso_code
What is the fractional unit of the currency Mongolian tögrög from Mongolia?,Möngö,fractional_unit
What is the currency symbol of the currency Kiribati dollar[E] from Kiribati?,$,symbol_or_abbreviation
What is the currency symbol of the currency Algerian dinar from Algeria?,DA,symbol_or_abbreviation
What is the fractional unit of the currency United States dollar from Panama?,Cent,fractional_unit
What is the currency symbol of the currency Eritrean nakfa from Eritrea?,Nkf,symbol_or_abbreviation
What is the fractional unit of the currency Uruguayan peso from Uruguay?,Centésimo,fractional_unit
What is the currency symbol of the currency Hungarian forint from Hungary?,Ft,symbol_or_abbreviation
What is the ISO code of the currency Maldivian rufiyaa from Maldives?,MVR,iso_code
What is the fractional unit of the currency Australian dollar from Kiribati?,Cent,fractional_unit
What is the currency symbol of the currency Honduran lempira from Honduras?,L,symbol_or_abbreviation
What is the fractional unit of the currency Polish złoty from Poland?,Grosz,fractional_unit
What is the ISO code of the currency Qatari riyal from Qatar?,QAR,iso_code
What is the ISO code of the currency New Zealand dollar from New Zealand?,NZD,iso_code
What is the fractional unit of the currency Transnistrian ruble from Transnistria?,Kopeck,fractional_unit
What is the currency symbol of the currency Japanese yen from Japan?,¥,symbol_or_abbreviation
What is the currency symbol of the currency Cook Islands dollar from Cook Islands?,$,symbol_or_abbreviation
What is the currency symbol of the currency West African CFA franc from Togo?,F.CFA,symbol_or_abbreviation
What is the currency symbol of the currency Azerbaijani manat from Azerbaijan?,₼,symbol_or_abbreviation
What is the fractional unit of the currency Nepalese rupee from Nepal?,Paisa,fractional_unit
What is the currency symbol of the currency New Zealand dollar from Cook Islands?,$,symbol_or_abbreviation
What is the currency symbol of the currency Samoan tālā from Samoa?,$,symbol_or_abbreviation
What is the fractional unit of the currency Yemeni rial from Yemen?,Fils,fractional_unit
What is the currency symbol of the currency United States dollar from United States?,$,symbol_or_abbreviation
What is the ISO code of the currency Botswana pula from Botswana?,BWP,iso_code
What is the currency symbol of the currency Japanese yen from Japan?,¥,symbol_or_abbreviation
What is the currency symbol of the currency Vanuatu vatu from Vanuatu?,VT,symbol_or_abbreviation
"What is the ISO code of the currency Central African CFA franc from Congo, Republic of the?",XAF,iso_code
What is the currency symbol of the currency Burmese kyat from Myanmar?,K or Ks (pl.),symbol_or_abbreviation
What is the fractional unit of the currency Euro from Netherlands[G]?,Cent,fractional_unit
What is the currency symbol of the currency Swiss franc from Liechtenstein?,Fr,symbol_or_abbreviation
What is the fractional unit of the currency Maldivian rufiyaa from Maldives?,Laari,fractional_unit
What is the currency symbol of the currency Venezuelan sovereign bolívar from Venezuela?,Bs.S,symbol_or_abbreviation
What is the fractional unit of the currency Ghanaian cedi from Ghana?,Pesewa,fractional_unit
What is the fractional unit of the currency Jersey pound from Jersey?,Penny,fractional_unit
What is the ISO code of the currency New Zealand dollar from Niue?,NZD,iso_code
What is the currency symbol of the currency Faroese króna from Faroe Islands?,kr,symbol_or_abbreviation
What is the ISO code of the currency Euro from Croatia?,EUR,iso_code
What is the fractional unit of the currency Swiss franc from Liechtenstein?,Rappen,fractional_unit
What is the currency symbol of the currency Mozambican metical from Mozambique?,Mt,symbol_or_abbreviation
What is the currency symbol of the currency Paraguayan guaraní from Paraguay?,₲,symbol_or_abbreviation
What is the fractional unit of the currency New Zealand dollar from New Zealand?,Cent,fractional_unit
What is the currency symbol of the currency Malagasy ariary from Madagascar?,Ar,symbol_or_abbreviation
What is the currency symbol of the currency Nigerian naira from Nigeria?,₦,symbol_or_abbreviation
What is the ISO code of the currency Russian ruble from South Ossetia?,RUB,iso_code
What is the ISO code of the currency Eastern Caribbean dollar from Saint Lucia?,XCD,iso_code
What is the ISO code of the currency United States dollar from Marshall Islands?,USD,iso_code
What is the ISO code of the currency Turkish lira from Turkey?,TRY,iso_code
What is the ISO code of the currency Tongan paʻanga[O] from Tonga?,TOP,iso_code
What is the fractional unit of the currency Eastern Caribbean dollar from Dominica?,Cent,fractional_unit
What is the fractional unit of the currency Central African CFA franc from Chad?,Centime,fractional_unit
What is the ISO code of the currency Falkland Islands pound from Falkland Islands?,FKP,iso_code
What is the currency symbol of the currency Cambodian riel from Cambodia?,៛,symbol_or_abbreviation
What is the fractional unit of the currency Brunei dollar from Brunei[H]?,Sen,fractional_unit
What is the currency symbol of the currency Afghan afghani from Afghanistan?,؋‎,symbol_or_abbreviation
What is the fractional unit of the currency Euro from Cyprus?,Cent,fractional_unit
What is the fractional unit of the currency Libyan dinar from Libya?,Dirham,fractional_unit
What is the ISO code of the currency Falkland Islands pound from South Georgia and the South Sandwich Islands?,FKP,iso_code
What is the currency symbol of the currency Polish złoty from Poland?,zł,symbol_or_abbreviation
What is the fractional unit of the currency Euro from Germany?,Cent,fractional_unit
What is the currency symbol of the currency Albanian lek from Albania?,L,symbol_or_abbreviation
What is the fractional unit of the currency South African rand from Lesotho?,Cent,fractional_unit
What is the currency symbol of the currency Cuban peso from Cuba?,$,symbol_or_abbreviation
What is the ISO code of the currency Angolan kwanza from Angola?,AOA,iso_code
What is the fractional unit of the currency Euro from Finland?,Cent,fractional_unit
What is the ISO code of the currency Macanese pataca from Macau?,MOP,iso_code
What is the currency symbol of the currency West African CFA franc from Benin?,F.CFA,symbol_or_abbreviation
What is the fractional unit of the currency Australian dollar from Australia?,Cent,fractional_unit
What is the currency symbol of the currency Bangladeshi taka from Bangladesh?,৳,symbol_or_abbreviation
What is the currency symbol of the currency Danish krone from Faroe Islands?,kr,symbol_or_abbreviation
What is the currency symbol of the currency Indian rupee from Bhutan?,₹,symbol_or_abbreviation
What is the ISO code of the currency New Zealand dollar from Pitcairn Islands?,NZD,iso_code
What is the ISO code of the currency Yemeni rial from Yemen?,YER,iso_code
What is the currency symbol of the currency Euro from Akrotiri and Dhekelia?,€,symbol_or_abbreviation
What is the ISO code of the currency Maldivian rufiyaa from Maldives?,MVR,iso_code
What is the ISO code of the currency Swiss franc from Switzerland?,CHF,iso_code
What is the currency symbol of the currency Ugandan shilling from Uganda?,Sh or Shs (pl.),symbol_or_abbreviation
What is the ISO code of the currency Lesotho loti from Lesotho?,LSL,iso_code
What is the fractional unit of the currency Lebanese pound from Lebanon?,Piastre,fractional_unit
What is the fractional unit of the currency Tanzanian shilling from Tanzania?,Cent,fractional_unit
What is the ISO code of the currency Mongolian tögrög from Mongolia?,MNT,iso_code
What is the ISO code of the currency West African CFA franc from Niger?,XOF,iso_code
What is the currency symbol of the currency Icelandic króna from Iceland?,kr,symbol_or_abbreviation
What is the fractional unit of the currency United States dollar from United States?,Cent[A],fractional_unit
What is the ISO code of the currency Central African CFA franc from Chad?,XAF,iso_code
What is the currency symbol of the currency Tunisian dinar from Tunisia?,DT,symbol_or_abbreviation
What is the fractional unit of the currency Vanuatu vatu from Vanuatu?,Cent,fractional_unit
What is the ISO code of the currency Liberian dollar from Liberia?,LRD,iso_code
What is the fractional unit of the currency Jordanian dinar from Jordan?,Piastre[J],fractional_unit
What is the currency symbol of the currency Icelandic króna from Iceland?,kr,symbol_or_abbreviation
What is the currency symbol of the currency Euro from Lithuania?,€,symbol_or_abbreviation
What is the fractional unit of the currency Sterling from Saint Helena?,Penny,fractional_unit
What is the ISO code of the currency Belize dollar from Belize?,BZD,iso_code
What is the currency symbol of the currency Tunisian dinar from Tunisia?,DT,symbol_or_abbreviation
What is the fractional unit of the currency Canadian dollar from Canada?,Cent,fractional_unit
What is the currency symbol of the currency Haitian gourde from Haiti?,G,symbol_or_abbreviation
What is the currency symbol of the currency United States dollar from Panama?,$,symbol_or_abbreviation
What is the currency symbol of the currency Somaliland shilling from Somaliland?,Sh or Shs (pl.),symbol_or_abbreviation
What is the ISO code of the currency Euro from Austria?,EUR,iso_code
What is the fractional unit of the currency Haitian gourde from Haiti?,Centime,fractional_unit
"What is the fractional unit of the currency Central African CFA franc from Congo, Republic of the?",Centime,fractional_unit
What is the ISO code of the currency Jamaican dollar from Jamaica?,JMD,iso_code
What is the currency symbol of the currency United States dollar from Marshall Islands?,$,symbol_or_abbreviation
What is the ISO code of the currency South African rand from Namibia?,ZAR,iso_code
What is the ISO code of the currency Euro from Andorra?,EUR,iso_code
What is the currency symbol of the currency Namibian dollar from Namibia?,$,symbol_or_abbreviation
What is the fractional unit of the currency New Taiwan dollar from Taiwan?,Cent,fractional_unit
What is the ISO code of the currency Czech koruna from Czech Republic?,CZK,iso_code
What is the ISO code of the currency Cambodian riel from Cambodia?,KHR,iso_code
What is the fractional unit of the currency Euro from Finland?,Cent,fractional_unit
What is the fractional unit of the currency Zambian kwacha from Zambia?,Ngwee,fractional_unit
What is the ISO code of the currency Euro from Netherlands[G]?,EUR,iso_code
What is the fractional unit of the currency CFP franc from French Polynesia?,Centime,fractional_unit
What is the ISO code of the currency Belarusian ruble from Belarus?,BYN,iso_code
What is the ISO code of the currency United States dollar from Micronesia?,USD,iso_code
What is the fractional unit of the currency Azerbaijani manat from Azerbaijan?,Qəpik,fractional_unit
What is the fractional unit of the currency Kenyan shilling from Kenya?,Cent,fractional_unit
What is the currency symbol of the currency Ugandan shilling from Uganda?,Sh or Shs (pl.),symbol_or_abbreviation
What is the fractional unit of the currency Manx pound from Isle of Man?,Penny,fractional_unit
What is the fractional unit of the currency Eastern Caribbean dollar from Antigua and Barbuda?,Cent,fractional_unit
What is the fractional unit of the currency Hungarian forint from Hungary?,Fillér,fractional_unit
What is the fractional unit of the currency Dominican peso from Dominican Republic?,Centavo,fractional_unit
What is the fractional unit of the currency Euro from Slovakia?,Cent,fractional_unit
What is the fractional unit of the currency Argentine peso from Argentina?,Centavo,fractional_unit
What is the currency symbol of the currency Macanese pataca from Macau?,$ or ptc,symbol_or_abbreviation
What is the currency symbol of the currency West African CFA franc from Guinea-Bissau?,F.CFA,symbol_or_abbreviation
What is the fractional unit of the currency Indian rupee from Bhutan?,Paisa,fractional_unit
What is the ISO code of the currency Vietnamese đồng from Vietnam?,VND,iso_code
What is the currency symbol of the currency Sterling from Jersey?,£,symbol_or_abbreviation
What is the currency symbol of the currency Manx pound from Isle of Man?,£,symbol_or_abbreviation
What is the ISO code of the currency Australian dollar from Nauru?,AUD,iso_code
What is the currency symbol of the currency New Zealand dollar from New Zealand?,$,symbol_or_abbreviation
What is the fractional unit of the currency Bahraini dinar from Bahrain?,Fils,fractional_unit
What is the fractional unit of the currency Venezuelan digital bolívar from Venezuela?,Céntimo,fractional_unit
What is the ISO code of the currency Venezuelan sovereign bolívar from Venezuela?,VES,iso_code
What is the ISO code of the currency South African rand from Namibia?,ZAR,iso_code
What is the ISO code of the currency South African rand from South Africa?,ZAR,iso_code
What is the currency symbol of the currency Turkish lira from Northern Cyprus?,₺,symbol_or_abbreviation
What is the currency symbol of the currency Sudanese pound from Sudan?,LS,symbol_or_abbreviation
What is the ISO code of the currency Macedonian denar from North Macedonia?,MKD,iso_code
What is the ISO code of the currency Euro from Germany?,EUR,iso_code
What is the fractional unit of the currency Sterling from Falkland Islands?,Penny,fractional_unit
What is the ISO code of the currency Central African CFA franc from Gabon?,XAF,iso_code
What is the fractional unit of the currency South African rand from Lesotho?,Cent,fractional_unit
What is the currency symbol of the currency Romanian leu from Romania?,Leu or Lei (pl.),symbol_or_abbreviation
What is the currency symbol of the currency Euro from Netherlands[G]?,€,symbol_or_abbreviation
What is the fractional unit of the currency New Zealand dollar from Pitcairn Islands?,Cent,fractional_unit
What is the fractional unit of the currency Russian ruble from Russia?,Kopeck,fractional_unit
What is the ISO code of the currency Euro from Estonia?,EUR,iso_code
What is the ISO code of the currency West African CFA franc from Benin?,XOF,iso_code
What is the fractional unit of the currency Belize dollar from Belize?,Cent,fractional_unit
What is the ISO code of the currency Vanuatu vatu from Vanuatu?,VUV,iso_code
What is the ISO code of the currency Euro from Monaco?,EUR,iso_code
What is the fractional unit of the currency Indian rupee from Bhutan?,Paisa,fractional_unit
What is the fractional unit of the currency Moroccan dirham from Sahrawi Republic[L]?,Centime,fractional_unit
What is the fractional unit of the currency Cook Islands dollar from Cook Islands?,Cent,fractional_unit
What is the fractional unit of the currency Cape Verdean escudo from Cape Verde?,Centavo,fractional_unit
What is the currency symbol of the currency Belize dollar from Belize?,$,symbol_or_abbreviation
What is the fractional unit of the currency Ethiopian birr from Ethiopia?,Santim,fractional_unit
What is the currency symbol of the currency Cook Islands dollar from Cook Islands?,$,symbol_or_abbreviation
What is the ISO code of the currency Eastern Caribbean dollar from Montserrat?,XCD,iso_code
What is the fractional unit of the currency Euro from Malta?,Cent,fractional_unit
What is the fractional unit of the currency West African CFA franc from Mali?,Centime,fractional_unit
What is the ISO code of the currency Sterling from Isle of Man?,GBP,iso_code
What is the currency symbol of the currency Cuban peso from Cuba?,$,symbol_or_abbreviation
What is the currency symbol of the currency Saint Helena pound from Ascension Island?,£,symbol_or_abbreviation
What is the fractional unit of the currency Somaliland shilling from Somaliland?,Cent,fractional_unit
What is the ISO code of the currency Jordanian dinar from Palestine[K]?,JOD,iso_code
What is the fractional unit of the currency Euro from Lithuania?,Cent,fractional_unit
What is the fractional unit of the currency Uruguayan peso from Uruguay?,Centésimo,fractional_unit
What is the currency symbol of the currency Japanese yen from Japan?,¥,symbol_or_abbreviation
What is the ISO code of the currency Bosnia and Herzegovina convertible mark from Bosnia and Herzegovina?,BAM,iso_code
What is the fractional unit of the currency Eastern Caribbean dollar from Dominica?,Cent,fractional_unit
What is the ISO code of the currency Nigerian naira from Nigeria?,NGN,iso_code
What is the currency symbol of the currency Danish krone from Greenland?,kr,symbol_or_abbreviation
What is the fractional unit of the currency Moroccan dirham from Sahrawi Republic[L]?,Centime,fractional_unit
What is the fractional unit of the currency Papua New Guinean kina from Papua New Guinea?,Toea,fractional_unit
What is the fractional unit of the currency Comorian franc from Comoros?,Centime,fractional_unit
What is the currency symbol of the currency Iraqi dinar from Iraq?,ID,symbol_or_abbreviation
What is the fractional unit of the currency Botswana pula from Botswana?,Thebe,fractional_unit
What is the ISO code of the currency Eastern Caribbean dollar from Saint Vincent and the Grenadines?,XCD,iso_code
What is the currency symbol of the currency United States dollar from El Salvador?,$,symbol_or_abbreviation
What is the ISO code of the currency Euro from Spain?,EUR,iso_code
What is the currency symbol of the currency Aruban florin from Aruba?,ƒ,symbol_or_abbreviation
What is the currency symbol of the currency South African rand from South Africa?,R,symbol_or_abbreviation
What is the currency symbol of the currency Costa Rican colón from Costa Rica?,₡,symbol_or_abbreviation
What is the fractional unit of the currency Seychellois rupee from Seychelles?,Cent,fractional_unit
What is the currency symbol of the currency Sterling from Gibraltar?,£,symbol_or_abbreviation
What is the ISO code of the currency Angolan kwanza from Angola?,AOA,iso_code
What is the ISO code of the currency Australian dollar from Kiribati?,AUD,iso_code
What is the fractional unit of the currency Somaliland shilling from Somaliland?,Cent,fractional_unit
What is the fractional unit of the currency Tongan paʻanga[O] from Tonga?,Seniti,fractional_unit
What is the ISO code of the currency Hong Kong dollar from Hong Kong?,HKD,iso_code
What is the ISO code of the currency Malawian kwacha from Malawi?,MWK,iso_code
What is the fractional unit of the currency Saint Helena pound from Saint Helena?,Penny,fractional_unit
What is the currency symbol of the currency Niue dollar[E] from Niue?,$,symbol_or_abbreviation
What is the fractional unit of the currency Nepalese rupee from Nepal?,Paisa,fractional_unit
What is the ISO code of the currency Cayman Islands dollar from Cayman Islands?,KYD,iso_code
What is the fractional unit of the currency Norwegian krone from Norway?,Øre,fractional_unit
What is the ISO code of the currency Sterling from Saint Helena?,GBP,iso_code
What is the ISO code of the currency Polish złoty from Poland?,PLN,iso_code
What is the fractional unit of the currency Russian ruble from South Ossetia?,Kopeck,fractional_unit
What is the currency symbol of the currency Euro from Spain?,€,symbol_or_abbreviation
What is the ISO code of the currency Euro from Montenegro?,EUR,iso_code
What is the currency symbol of the currency Comorian franc from Comoros?,FC,symbol_or_abbreviation
What is the fractional unit of the currency Transnistrian ruble from Transnistria?,Kopeck,fractional_unit
What is the currency symbol of the currency Sahrawi peseta from Sahrawi Republic[L]?,Pta or Pts (pl.),symbol_or_abbreviation
What is the currency symbol of the currency Abkhazian apsar[E] from Abkhazia?,аҧ,symbol_or_abbreviation
What is the currency symbol of the currency Euro from Latvia?,€,symbol_or_abbreviation
What is the ISO code of the currency Colombian peso from Colombia?,COP,iso_code
What is the fractional unit of the currency Euro from San Marino?,Cent,fractional_unit
What is the currency symbol of the currency Euro from Belgium?,€,symbol_or_abbreviation
What is the ISO code of the currency Moroccan dirham from Sahrawi Republic[L]?,MAD,iso_code
What is the fractional unit of the currency Solomon Islands dollar from Solomon Islands?,Cent,fractional_unit
What is the ISO code of the currency Romanian leu from Romania?,RON,iso_code
"What is the currency symbol of the currency North Korean won from Korea, North?",₩,symbol_or_abbreviation
What is the currency symbol of the currency Euro from Montenegro?,€,symbol_or_abbreviation
What is the currency symbol of the currency Euro from San Marino?,€,symbol_or_abbreviation
What is the fractional unit of the currency Omani rial from Oman?,Baisa,fractional_unit
"What is the fractional unit of the currency North Korean won from Korea, North?",Chon,fractional_unit
What is the ISO code of the currency Macedonian denar from North Macedonia?,MKD,iso_code
What is the ISO code of the currency Russian ruble from Russia?,RUB,iso_code
What is the fractional unit of the currency Samoan tālā from Samoa?,Sene,fractional_unit
What is the fractional unit of the currency Algerian dinar from Algeria?,Centime,fractional_unit
What is the fractional unit of the currency Euro from Netherlands[G]?,Cent,fractional_unit
What is the currency symbol of the currency Ghanaian cedi from Ghana?,₵,symbol_or_abbreviation
What is the ISO code of the currency Sterling from South Georgia and the South Sandwich Islands?,GBP,iso_code
What is the currency symbol of the currency Central African CFA franc from Central African Republic?,F.CFA,symbol_or_abbreviation
What is the fractional unit of the currency Jordanian dinar from Palestine[K]?,Piastre[J],fractional_unit
What is the currency symbol of the currency Omani rial from Oman?,RO,symbol_or_abbreviation
What is the fractional unit of the currency Sterling from United Kingdom?,Penny,fractional_unit
What is the currency symbol of the currency Faroese króna from Faroe Islands?,kr,symbol_or_abbreviation
What is the fractional unit of the currency Eastern Caribbean dollar from Saint Vincent and the Grenadines?,Cent,fractional_unit
What is the ISO code of the currency Eastern Caribbean dollar from Grenada?,XCD,iso_code
What is the currency symbol of the currency Jordanian dinar from Palestine[K]?,JD,symbol_or_abbreviation
What is the currency symbol of the currency Comorian franc from Comoros?,FC,symbol_or_abbreviation
What is the fractional unit of the currency Albanian lek from Albania?,Qintar,fractional_unit
What is the ISO code of the currency Indian rupee from Bhutan?,INR,iso_code
What is the fractional unit of the currency Egyptian pound from Palestine[K]?,Piastre[B],fractional_unit
What is the currency symbol of the currency Central African CFA franc from Chad?,F.CFA,symbol_or_abbreviation
What is the currency symbol of the currency Dominican peso from Dominican Republic?,$,symbol_or_abbreviation
What is the ISO code of the currency Serbian dinar from Serbia?,RSD,iso_code
What is the ISO code of the currency Tunisian dinar from Tunisia?,TND,iso_code
"What is the currency symbol of the currency Gambian dalasi from Gambia, The?",D,symbol_or_abbreviation
What is the currency symbol of the currency Uzbekistani sum from Uzbekistan?,Sʻ,symbol_or_abbreviation
What is the currency symbol of the currency Yemeni rial from Yemen?,Rl or Rls (pl.),symbol_or_abbreviation
What is the currency symbol of the currency Comorian franc from Comoros?,FC,symbol_or_abbreviation
What is the fractional unit of the currency Qatari riyal from Qatar?,Dirham,fractional_unit
What is the fractional unit of the currency Central African CFA franc from Equatorial Guinea?,Centime,fractional_unit
What is the currency symbol of the currency United States dollar from Ecuador?,$,symbol_or_abbreviation
What is the fractional unit of the currency Eritrean nakfa from Eritrea?,Cent,fractional_unit
What is the ISO code of the currency Turkmenistani manat from Turkmenistan?,TMT,iso_code
What is the ISO code of the currency United States dollar from Timor-Leste?,USD,iso_code
What is the currency symbol of the currency Japanese yen from Japan?,¥,symbol_or_abbreviation
What is the fractional unit of the currency Venezuelan sovereign bolívar from Venezuela?,Céntimo,fractional_unit
What is the ISO code of the currency Barbadian dollar from Barbados?,BBD,iso_code
What is the currency symbol of the currency Turkish lira from Turkey?,₺,symbol_or_abbreviation
What is the ISO code of the currency United States dollar from Ecuador?,USD,iso_code
What is the fractional unit of the currency Sterling from United Kingdom?,Penny,fractional_unit
What is the currency symbol of the currency Australian dollar from Kiribati?,$,symbol_or_abbreviation
What is the fractional unit of the currency West African CFA franc from Burkina Faso?,Centime,fractional_unit
What is the currency symbol of the currency Swedish krona from Sweden?,kr,symbol_or_abbreviation
What is the ISO code of the currency Danish krone from Faroe Islands?,DKK,iso_code
What is the currency symbol of the currency United States dollar from El Salvador?,$,symbol_or_abbreviation
What is the fractional unit of the currency Chilean peso from Chile?,Centavo,fractional_unit
What is the fractional unit of the currency Uzbekistani sum from Uzbekistan?,Tiyin,fractional_unit
What is the fractional unit of the currency Lebanese pound from Lebanon?,Piastre,fractional_unit
What is the ISO code of the currency Nicaraguan córdoba from Nicaragua?,NIO,iso_code
What is the currency symbol of the currency Sterling from Gibraltar?,£,symbol_or_abbreviation
What is the currency symbol of the currency Tuvaluan dollar from Tuvalu?,$,symbol_or_abbreviation
What is the fractional unit of the currency Somali shilling from Somalia?,Cent,fractional_unit
What is the currency symbol of the currency Vanuatu vatu from Vanuatu?,VT,symbol_or_abbreviation
What is the fractional unit of the currency Malaysian ringgit from Malaysia?,Sen,fractional_unit
What is the ISO code of the currency Bermudian dollar from Bermuda?,BMD,iso_code
What is the ISO code of the currency Euro from Croatia?,EUR,iso_code
What is the fractional unit of the currency United States dollar from Timor-Leste?,Centavo,fractional_unit
What is the ISO code of the currency Euro from Croatia?,EUR,iso_code
What is the ISO code of the currency Egyptian pound from Palestine[K]?,EGP,iso_code
What is the currency symbol of the currency New Zealand dollar from Niue?,$,symbol_or_abbreviation
What is the fractional unit of the currency Cape Verdean escudo from Cape Verde?,Centavo,fractional_unit
What is the fractional unit of the currency Guyanese dollar from Guyana?,Cent,fractional_unit
What is the fractional unit of the currency Papua New Guinean kina from Papua New Guinea?,Toea,fractional_unit
What is the fractional unit of the currency Honduran lempira from Honduras?,Centavo,fractional_unit
What is the currency symbol of the currency Jordanian dinar from Palestine[K]?,JD,symbol_or_abbreviation
What is the fractional unit of the currency Manx pound from Isle of Man?,Penny,fractional_unit
What is the ISO code of the currency Papua New Guinean kina from Papua New Guinea?,PGK,iso_code
What is the fractional unit of the currency South African rand from Lesotho?,Cent,fractional_unit
What is the ISO code of the currency Lesotho loti from Lesotho?,LSL,iso_code
What is the fractional unit of the currency Syrian pound from Syria?,Piastre,fractional_unit
What is the fractional unit of the currency Honduran lempira from Honduras?,Centavo,fractional_unit
What is the fractional unit of the currency Indonesian rupiah from Indonesia?,Sen,fractional_unit
What is the ISO code of the currency United States dollar from Panama?,USD,iso_code
What is the currency symbol of the currency Indian rupee from Bhutan?,₹,symbol_or_abbreviation
What is the currency symbol of the currency Tunisian dinar from Tunisia?,DT,symbol_or_abbreviation
What is the currency symbol of the currency Indian rupee from India?,₹,symbol_or_abbreviation
What is the fractional unit of the currency Euro from Portugal?,Cent,fractional_unit
What is the currency symbol of the currency Mexican peso from Mexico?,$,symbol_or_abbreviation
What is the fractional unit of the currency United States dollar[G] from Saba?,Cent,fractional_unit
What is the fractional unit of the currency Falkland Islands pound from Falkland Islands?,Penny,fractional_unit
What is the currency symbol of the currency Tanzanian shilling from Tanzania?,Sh or Shs (pl.),symbol_or_abbreviation
What is the currency symbol of the currency Eastern Caribbean dollar from Anguilla?,EC$,symbol_or_abbreviation
What is the currency symbol of the currency Euro from Netherlands[G]?,€,symbol_or_abbreviation
What is the currency symbol of the currency Djiboutian franc from Djibouti?,Fdj,symbol_or_abbreviation
What is the fractional unit of the currency Saint Helena pound from Saint Helena?,Penny,fractional_unit
"What is the ISO code of the currency South Korean won from Korea, South?",KRW,iso_code
What is the fractional unit of the currency Falkland Islands pound from Falkland Islands?,Penny,fractional_unit
What is the ISO code of the currency Macanese pataca from Macau?,MOP,iso_code
What is the ISO code of the currency Russian ruble from Russia?,RUB,iso_code
What is the currency symbol of the currency Euro from Vatican City?,€,symbol_or_abbreviation
What is the fractional unit of the currency Saudi riyal from Saudi Arabia?,Halala,fractional_unit
What is the fractional unit of the currency Ghanaian cedi from Ghana?,Pesewa,fractional_unit
What is the ISO code of the currency Mexican peso from Mexico?,MXN,iso_code
What is the ISO code of the currency Venezuelan sovereign bolívar from Venezuela?,VES,iso_code
What is the fractional unit of the currency Moroccan dirham from Morocco?,Centime,fractional_unit
What is the currency symbol of the currency Egyptian pound from Egypt?,LE,symbol_or_abbreviation
What is the ISO code of the currency Eastern Caribbean dollar from Dominica?,XCD,iso_code
What is the fractional unit of the currency Euro from Kosovo?,Cent,fractional_unit
What is the currency symbol of the currency Euro from Italy?,€,symbol_or_abbreviation
What is the fractional unit of the currency Syrian pound from Syria?,Piastre,fractional_unit
What is the ISO code of the currency Euro from Vatican City?,EUR,iso_code
What is the ISO code of the currency Euro from Slovakia?,EUR,iso_code
What is the ISO code of the currency Euro from Luxembourg?,EUR,iso_code
What is the ISO code of the currency Bahraini dinar from Bahrain?,BHD,iso_code
What is the fractional unit of the currency Lesotho loti from Lesotho?,Sente,fractional_unit
What is the fractional unit of the currency Israeli new shekel from Palestine[K]?,Agora,fractional_unit
What is the fractional unit of the currency Australian dollar from Kiribati?,Cent,fractional_unit
What is the currency symbol of the currency Kuwaiti dinar from Kuwait?,KD,symbol_or_abbreviation
What is the ISO code of the currency Ethiopian birr from Ethiopia?,ETB,iso_code
What is the currency symbol of the currency Venezuelan digital bolívar from Venezuela?,Bs.D,symbol_or_abbreviation
What is the ISO code of the currency Sterling from Saint Helena?,GBP,iso_code
What is the fractional unit of the currency Jordanian dinar from Jordan?,Piastre[J],fractional_unit
What is the fractional unit of the currency United States dollar from Liberia?,Cent,fractional_unit
What is the currency symbol of the currency South African rand from Eswatini?,R,symbol_or_abbreviation
What is the ISO code of the currency Euro from Finland?,EUR,iso_code
What is the ISO code of the currency Peruvian sol from Peru?,PEN,iso_code
"What is the currency symbol of the currency North Korean won from Korea, North?",₩,symbol_or_abbreviation
What is the ISO code of the currency CFP franc from French Polynesia?,XPF,iso_code
What is the fractional unit of the currency United States dollar from Ecuador?,Centavo,fractional_unit
What is the fractional unit of the currency Brunei dollar from Brunei[H]?,Sen,fractional_unit
What is the fractional unit of the currency Central African CFA franc from Gabon?,Centime,fractional_unit
What is the ISO code of the currency Euro from San Marino?,EUR,iso_code
What is the fractional unit of the currency Moroccan dirham from Morocco?,Centime,fractional_unit
What is the ISO code of the currency Iranian rial from Iran?,IRR,iso_code
What is the ISO code of the currency United States dollar[G] from Saba?,USD,iso_code
What is the currency symbol of the currency New Taiwan dollar from Taiwan?,$,symbol_or_abbreviation
What is the ISO code of the currency Euro from Belgium?,EUR,iso_code
What is the currency symbol of the currency Venezuelan sovereign bolívar from Venezuela?,Bs.S,symbol_or_abbreviation
What is the currency symbol of the currency Papua New Guinean kina from Papua New Guinea?,K,symbol_or_abbreviation
What is the currency symbol of the currency Macanese pataca from Macau?,$ or ptc,symbol_or_abbreviation
What is the currency symbol of the currency United States dollar from Marshall Islands?,$,symbol_or_abbreviation
What is the ISO code of the currency Malawian kwacha from Malawi?,MWK,iso_code
What is the fractional unit of the currency Guatemalan quetzal from Guatemala?,Centavo,fractional_unit
What is the fractional unit of the currency Swedish krona from Sweden?,Öre,fractional_unit
What is the currency symbol of the currency Falkland Islands pound from Falkland Islands?,£,symbol_or_abbreviation
What is the currency symbol of the currency Kyrgyz som from Kyrgyzstan?,⃀,symbol_or_abbreviation
What is the currency symbol of the currency Maldivian rufiyaa from Maldives?,Rf,symbol_or_abbreviation
What is the currency symbol of the currency Pitcairn Islands dollar[E] from Pitcairn Islands?,$,symbol_or_abbreviation
What is the currency symbol of the currency Caribbean guilder from Curaçao?,Cg,symbol_or_abbreviation
What is the fractional unit of the currency South African rand from Eswatini?,Cent,fractional_unit
What is the fractional unit of the currency South African rand from Lesotho?,Cent,fractional_unit
What is the ISO code of the currency Euro from Austria?,EUR,iso_code
What is the ISO code of the currency United States dollar from Micronesia?,USD,iso_code
What is the fractional unit of the currency Armenian dram from Armenia?,Luma,fractional_unit
What is the ISO code of the currency Norwegian krone from Norway?,NOK,iso_code
What is the currency symbol of the currency Turkish lira from Turkey?,₺,symbol_or_abbreviation
What is the ISO code of the currency Euro from Spain?,EUR,iso_code
What is the currency symbol of the currency Costa Rican colón from Costa Rica?,₡,symbol_or_abbreviation
What is the fractional unit of the currency Euro from Spain?,Cent,fractional_unit
What is the ISO code of the currency United States dollar from Ecuador?,USD,iso_code
What is the fractional unit of the currency São Tomé and Príncipe dobra from São Tomé and Príncipe?,Cêntimo,fractional_unit
What is the currency symbol of the currency New Taiwan dollar from Taiwan?,$,symbol_or_abbreviation
What is the fractional unit of the currency Samoan tālā from Samoa?,Sene,fractional_unit
What is the currency symbol of the currency Abkhazian apsar[E] from Abkhazia?,аҧ,symbol_or_abbreviation
What is the currency symbol of the currency Indian rupee from Bhutan?,₹,symbol_or_abbreviation
What is the ISO code of the currency Swiss franc from Switzerland?,CHF,iso_code
"What is the currency symbol of the currency Central African CFA franc from Congo, Republic of the?",F.CFA,symbol_or_abbreviation
What is the fractional unit of the currency Algerian dinar from Algeria?,Centime,fractional_unit
"What is the fractional unit of the currency Gambian dalasi from Gambia, The?",Butut,fractional_unit
What is the ISO code of the currency Cape Verdean escudo from Cape Verde?,CVE,iso_code
What is the fractional unit of the currency Nicaraguan córdoba from Nicaragua?,Centavo,fractional_unit
What is the ISO code of the currency Venezuelan sovereign bolívar from Venezuela?,VES,iso_code
What is the currency symbol of the currency Zimbabwe gold from Zimbabwe?,ZiG,symbol_or_abbreviation
What is the ISO code of the currency Tunisian dinar from Tunisia?,TND,iso_code
What is the ISO code of the currency Uruguayan peso from Uruguay?,UYU,iso_code
What is the fractional unit of the currency Costa Rican colón from Costa Rica?,Céntimo,fractional_unit
What is the currency symbol of the currency Guernsey pound from Bailiwick of Guernsey?,£,symbol_or_abbreviation
What is the fractional unit of the currency Libyan dinar from Libya?,Dirham,fractional_unit
What is the ISO code of the currency Mongolian tögrög from Mongolia?,MNT,iso_code
What is the ISO code of the currency New Zealand dollar from New Zealand?,NZD,iso_code
What is the fractional unit of the currency Solomon Islands dollar from Solomon Islands?,Cent,fractional_unit
What is the ISO code of the currency West African CFA franc from Burkina Faso?,XOF,iso_code
What is the fractional unit of the currency Surinamese dollar from Suriname?,Cent,fractional_unit
"What is the ISO code of the currency South Korean won from Korea, South?",KRW,iso_code
What is the fractional unit of the currency United States dollar[G] from Saba?,Cent,fractional_unit
What is the fractional unit of the currency Fijian dollar from Fiji?,Cent,fractional_unit
What is the ISO code of the currency South Sudanese pound from South Sudan?,SSP,iso_code
What is the ISO code of the currency Guatemalan quetzal from Guatemala?,GTQ,iso_code
What is the ISO code of the currency Bahraini dinar from Bahrain?,BHD,iso_code
What is the ISO code of the currency Euro from Latvia?,EUR,iso_code
What is the ISO code of the currency Sterling from United Kingdom?,GBP,iso_code
What is the ISO code of the currency Moldovan leu from Moldova?,MDL,iso_code
What is the fractional unit of the currency Renminbi from China?,Jiao[I],fractional_unit
What is the currency symbol of the currency Kazakhstani tenge from Kazakhstan?,₸,symbol_or_abbreviation
What is the ISO code of the currency Cayman Islands dollar from Cayman Islands?,KYD,iso_code
What is the currency symbol of the currency Euro from Akrotiri and Dhekelia?,€,symbol_or_abbreviation
What is the ISO code of the currency Turkmenistani manat from Turkmenistan?,TMT,iso_code
What is the ISO code of the currency Hungarian forint from Hungary?,HUF,iso_code
What is the ISO code of the currency Caribbean guilder from Sint Maarten?,XCG,iso_code
What is the currency symbol of the currency Rwandan franc from Rwanda?,FRw,symbol_or_abbreviation
What is the fractional unit of the currency Kyrgyz som from Kyrgyzstan?,Tyiyn,fractional_unit
What is the currency symbol of the currency Turkmenistani manat from Turkmenistan?,m,symbol_or_abbreviation
What is the fractional unit of the currency Euro from Portugal?,Cent,fractional_unit
What is the currency symbol of the currency Norwegian krone from Norway?,kr,symbol_or_abbreviation
What is the currency symbol of the currency United States dollar from Palau?,$,symbol_or_abbreviation
What is the currency symbol of the currency Caribbean guilder from Sint Maarten?,Cg,symbol_or_abbreviation
What is the fractional unit of the currency West African CFA franc from Côte d'Ivoire?,Centime,fractional_unit
What is the ISO code of the currency Tanzanian shilling from Tanzania?,TZS,iso_code
What is the fractional unit of the currency New Zealand dollar from Cook Islands?,Cent,fractional_unit
What is the currency symbol of the currency Hong Kong dollar from Hong Kong?,$,symbol_or_abbreviation
What is the fractional unit of the currency Tongan paʻanga[O] from Tonga?,Seniti,fractional_unit
What is the fractional unit of the currency Euro from Malta?,Cent,fractional_unit
What is the fractional unit of the currency Haitian gourde from Haiti?,Centime,fractional_unit
What is the fractional unit of the currency Manx pound from Isle of Man?,Penny,fractional_unit
What is the ISO code of the currency Saint Helena pound from Saint Helena?,SHP,iso_code
What is the fractional unit of the currency Turkish lira from Turkey?,Kuruş,fractional_unit
What is the currency symbol of the currency Chilean peso from Chile?,$,symbol_or_abbreviation
What is the ISO code of the currency Saint Helena pound from Ascension Island?,SHP,iso_code
What is the ISO code of the currency United States dollar[G] from Sint Eustatius?,USD,iso_code
What is the fractional unit of the currency Tanzanian shilling from Tanzania?,Cent,fractional_unit
What is the ISO code of the currency Brazilian real from Brazil?,BRL,iso_code
What is the ISO code of the currency Moldovan leu from Moldova?,MDL,iso_code
What is the currency symbol of the currency Euro from Malta?,€,symbol_or_abbreviation
What is the fractional unit of the currency Brazilian real from Brazil?,Centavo,fractional_unit
What is the fractional unit of the currency Uzbekistani sum from Uzbekistan?,Tiyin,fractional_unit
What is the ISO code of the currency Qatari riyal from Qatar?,QAR,iso_code
What is the fractional unit of the currency Armenian dram from Armenia?,Luma,fractional_unit
What is the ISO code of the currency South African rand from South Africa?,ZAR,iso_code
What is the fractional unit of the currency Malawian kwacha from Malawi?,Tambala,fractional_unit
What is the fractional unit of the currency Tuvaluan dollar from Tuvalu?,Cent,fractional_unit
What is the ISO code of the currency Euro from Slovenia?,EUR,iso_code
What is the fractional unit of the currency Eastern Caribbean dollar from Antigua and Barbuda?,Cent,fractional_unit
What is the fractional unit of the currency United States dollar from Micronesia?,Cent,fractional_unit
What is the fractional unit of the currency Indonesian rupiah from Indonesia?,Sen,fractional_unit
What is the currency symbol of the currency Omani rial from Oman?,RO,symbol_or_abbreviation
What is the ISO code of the currency Icelandic króna from Iceland?,ISK,iso_code
What is the currency symbol of the currency Chilean peso from Chile?,$,symbol_or_abbreviation
What is the ISO code of the currency Eastern Caribbean dollar from Saint Kitts and Nevis?,XCD,iso_code
What is the currency symbol of the currency Euro from Kosovo?,€,symbol_or_abbreviation
What is the currency symbol of the currency Euro from France?,€,symbol_or_abbreviation
What is the currency symbol of the currency West African CFA franc from Niger?,F.CFA,symbol_or_abbreviation
What is the currency symbol of the currency Eastern Caribbean dollar from Saint Lucia?,EC$,symbol_or_abbreviation
What is the currency symbol of the currency Surinamese dollar from Suriname?,$,symbol_or_abbreviation
What is the ISO code of the currency Nepalese rupee from Nepal?,NPR,iso_code
What is the currency symbol of the currency Mongolian tögrög from Mongolia?,₮,symbol_or_abbreviation
What is the ISO code of the currency Euro from Spain?,EUR,iso_code
What is the currency symbol of the currency Paraguayan guaraní from Paraguay?,₲,symbol_or_abbreviation
What is the fractional unit of the currency Burundian franc from Burundi?,Centime,fractional_unit
What is the ISO code of the currency Norwegian krone from Norway?,NOK,iso_code
What is the currency symbol of the currency South African rand from Lesotho?,R,symbol_or_abbreviation
What is the currency symbol of the currency Malaysian ringgit from Malaysia?,RM,symbol_or_abbreviation
What is the currency symbol of the currency Sterling from Falkland Islands?,£,symbol_or_abbreviation
What is the currency symbol of the currency Danish krone from Greenland?,kr,symbol_or_abbreviation
What is the fractional unit of the currency Canadian dollar from Canada?,Cent,fractional_unit
What is the fractional unit of the currency Cook Islands dollar from Cook Islands?,Cent,fractional_unit
What is the currency symbol of the currency Danish krone from Denmark?,kr,symbol_or_abbreviation
What is the currency symbol of the currency Lesotho loti from Lesotho?,L or M (pl.),symbol_or_abbreviation
What is the currency symbol of the currency Kyrgyz som from Kyrgyzstan?,⃀,symbol_or_abbreviation
What is the fractional unit of the currency Guernsey pound from Bailiwick of Guernsey?,Penny,fractional_unit
What is the fractional unit of the currency Renminbi from China?,Jiao[I],fractional_unit
What is the currency symbol of the currency Sudanese pound from Sudan?,LS,symbol_or_abbreviation
What is the currency symbol of the currency Bolivian boliviano from Bolivia?,Bs,symbol_or_abbreviation
What is the fractional unit of the currency Liberian dollar from Liberia?,Cent,fractional_unit
What is the fractional unit of the currency Brunei dollar from Singapore[M]?,Sen,fractional_unit
What is the currency symbol of the currency Turkmenistani manat from Turkmenistan?,m,symbol_or_abbreviation
What is the ISO code of the currency Euro from Italy?,EUR,iso_code
What is the ISO code of the currency Eastern Caribbean dollar from Montserrat?,XCD,iso_code
What is the ISO code of the currency Danish krone from Greenland?,DKK,iso_code
What is the ISO code of the currency Singapore dollar from Brunei[H]?,SGD,iso_code
What is the ISO code of the currency Australian dollar from Nauru?,AUD,iso_code
What is the fractional unit of the currency Sahrawi peseta from Sahrawi Republic[L]?,Centime,fractional_unit
What is the currency symbol of the currency Euro from Finland?,€,symbol_or_abbreviation
What is the ISO code of the currency Tunisian dinar from Tunisia?,TND,iso_code
What is the ISO code of the currency Djiboutian franc from Djibouti?,DJF,iso_code
"What is the ISO code of the currency South Korean won from Korea, South?",KRW,iso_code
What is the currency symbol of the currency South Sudanese pound from South Sudan?,SS£,symbol_or_abbreviation
What is the fractional unit of the currency South African rand from South Africa?,Cent,fractional_unit
What is the fractional unit of the currency Pakistani rupee from Pakistan?,Paisa,fractional_unit
What is the ISO code of the currency Malaysian ringgit from Malaysia?,MYR,iso_code
What is the ISO code of the currency Angolan kwanza from Angola?,AOA,iso_code
What is the currency symbol of the currency Rwandan franc from Rwanda?,FRw,symbol_or_abbreviation
What is the ISO code of the currency Lesotho loti from Lesotho?,LSL,iso_code
What is the currency symbol of the currency Abkhazian apsar[E] from Abkhazia?,аҧ,symbol_or_abbreviation
What is the currency symbol of the currency Gibraltar pound from Gibraltar?,£,symbol_or_abbreviation
What is the fractional unit of the currency Mauritanian ouguiya from Mauritania?,Khoums,fractional_unit
What is the currency symbol of the currency Swiss franc from Switzerland?,Fr,symbol_or_abbreviation
What is the fractional unit of the currency Moroccan dirham from Morocco?,Centime,fractional_unit
What is the fractional unit of the currency United States dollar from Ecuador?,Centavo,fractional_unit
What is the currency symbol of the currency Central African CFA franc from Central African Republic?,F.CFA,symbol_or_abbreviation
What is the fractional unit of the currency Guernsey pound from Bailiwick of Guernsey?,Penny,fractional_unit
What is the fractional unit of the currency Euro from Portugal?,Cent,fractional_unit
What is the fractional unit of the currency Moldovan leu from Moldova?,Ban,fractional_unit
What is the currency symbol of the currency Angolan kwanza from Angola?,Kz,symbol_or_abbreviation
What is the ISO code of the currency Yemeni rial from Yemen?,YER,iso_code
What is the ISO code of the currency Costa Rican colón from Costa Rica?,CRC,iso_code
What is the ISO code of the currency Euro from Vatican City?,EUR,iso_code
What is the fractional unit of the currency Yemeni rial from Yemen?,Fils,fractional_unit
What is the fractional unit of the currency Egyptian pound from Palestine[K]?,Piastre[B],fractional_unit
"What is the ISO code of the currency Bahamian dollar from Bahamas, The?",BSD,iso_code
What is the currency symbol of the currency Euro from Estonia?,€,symbol_or_abbreviation
What is the currency symbol of the currency Tanzanian shilling from Tanzania?,Sh or Shs (pl.),symbol_or_abbreviation
What is the ISO code of the currency Central African CFA franc from Central African Republic?,XAF,iso_code
What is the currency symbol of the currency Euro from Latvia?,€,symbol_or_abbreviation
What is the fractional unit of the currency Swedish krona from Sweden?,Öre,fractional_unit
What is the currency symbol of the currency Lesotho loti from Lesotho?,L or M (pl.),symbol_or_abbreviation
What is the fractional unit of the currency Lebanese pound from Lebanon?,Piastre,fractional_unit
What is the fractional unit of the currency United States dollar[G] from Bonaire?,Cent,fractional_unit
What is the fractional unit of the currency Belize dollar from Belize?,Cent,fractional_unit
What is the ISO code of the currency Gibraltar pound from Gibraltar?,GIP,iso_code
What is the ISO code of the currency Macedonian denar from North Macedonia?,MKD,iso_code
What is the ISO code of the currency Mauritian rupee from Mauritius?,MUR,iso_code
What is the fractional unit of the currency Eastern Caribbean dollar from Dominica?,Cent,fractional_unit
What is the fractional unit of the currency Pitcairn Islands dollar[E] from Pitcairn Islands?,Cent,fractional_unit
What is the currency symbol of the currency Ghanaian cedi from Ghana?,₵,symbol_or_abbreviation
What is the currency symbol of the currency Euro from Ireland?,€,symbol_or_abbreviation
What is the ISO code of the currency Lesotho loti from Lesotho?,LSL,iso_code
What is the currency symbol of the currency Armenian dram from Armenia?,֏,symbol_or_abbreviation
What is the ISO code of the currency United States dollar from Timor-Leste?,USD,iso_code
What is the ISO code of the currency Euro from Akrotiri and Dhekelia?,EUR,iso_code
What is the currency symbol of the currency Euro from San Marino?,€,symbol_or_abbreviation
What is the ISO code of the currency United States dollar from Palau?,USD,iso_code
What is the ISO code of the currency United States dollar[G] from Bonaire?,USD,iso_code
What is the currency symbol of the currency Swedish krona from Sweden?,kr,symbol_or_abbreviation
What is the ISO code of the currency Egyptian pound from Egypt?,EGP,iso_code
What is the ISO code of the currency Euro from San Marino?,EUR,iso_code
"What is the fractional unit of the currency Congolese franc from Congo, Democratic Republic of the?",Centime,fractional_unit
What is the currency symbol of the currency Brazilian real from Brazil?,R$,symbol_or_abbreviation
What is the currency symbol of the currency Central African CFA franc from Chad?,F.CFA,symbol_or_abbreviation
What is the currency symbol of the currency Botswana pula from Botswana?,P,symbol_or_abbreviation
What is the ISO code of the currency Sterling from Falkland Islands?,GBP,iso_code
What is the fractional unit of the currency Eastern Caribbean dollar from Saint Kitts and Nevis?,Cent,fractional_unit
What is the currency symbol of the currency Moldovan leu from Moldova?,Leu or Lei (pl.),symbol_or_abbreviation
What is the ISO code of the currency Falkland Islands pound from Falkland Islands?,FKP,iso_code
"What is the currency symbol of the currency Central African CFA franc from Congo, Republic of the?",F.CFA,symbol_or_abbreviation
What is the currency symbol of the currency Sudanese pound from Sudan?,LS,symbol_or_abbreviation
What is the fractional unit of the currency Sterling from Bailiwick of Guernsey?,Penny,fractional_unit
What is the fractional unit of the currency Namibian dollar from Namibia?,Cent,fractional_unit
What is the fractional unit of the currency Icelandic króna from Iceland?,Eyrir,fractional_unit
What is the ISO code of the currency Euro from Finland?,EUR,iso_code
What is the currency symbol of the currency Cuban peso from Cuba?,$,symbol_or_abbreviation
What is the currency symbol of the currency Sterling from Gibraltar?,£,symbol_or_abbreviation
What is the fractional unit of the currency United States dollar from Panama?,Cent,fractional_unit
What is the currency symbol of the currency Ethiopian birr from Ethiopia?,Br,symbol_or_abbreviation
What is the ISO code of the currency Albanian lek from Albania?,ALL,iso_code
What is the fractional unit of the currency Turkish lira from Northern Cyprus?,Kuruş,fractional_unit
What is the currency symbol of the currency Bangladeshi taka from Bangladesh?,৳,symbol_or_abbreviation
What is the ISO code of the currency West African CFA franc from Côte d'Ivoire?,XOF,iso_code
"What is the ISO code of the currency North Korean won from Korea, North?",KPW,iso_code
What is the ISO code of the currency Singapore dollar from Singapore[M]?,SGD,iso_code
What is the currency symbol of the currency Bolivian boliviano from Bolivia?,Bs,symbol_or_abbreviation
What is the ISO code of the currency Euro from Germany?,EUR,iso_code
What is the ISO code of the currency Nigerian naira from Nigeria?,NGN,iso_code
What is the currency symbol of the currency Lebanese pound from Lebanon?,LL,symbol_or_abbreviation
What is the fractional unit of the currency Bangladeshi taka from Bangladesh?,Poisha,fractional_unit
What is the fractional unit of the currency Euro from France?,Cent,fractional_unit
What is the currency symbol of the currency Romanian leu from Romania?,Leu or Lei (pl.),symbol_or_abbreviation
What is the ISO code of the currency Philippine peso from Philippines?,PHP,iso_code
What is the currency symbol of the currency Jordanian dinar from Jordan?,JD,symbol_or_abbreviation
What is the currency symbol of the currency Belarusian ruble from Belarus?,Br,symbol_or_abbreviation
What is the ISO code of the currency Colombian peso from Colombia?,COP,iso_code
What is the currency symbol of the currency CFP franc from French Polynesia?,₣,symbol_or_abbreviation
What is the currency symbol of the currency Sterling from South Georgia and the South Sandwich Islands?,£,symbol_or_abbreviation
What is the ISO code of the currency Tajikistani somoni from Tajikistan?,TJS,iso_code
What is the currency symbol of the currency Bermudian dollar from Bermuda?,$,symbol_or_abbreviation
What is the ISO code of the currency Eastern Caribbean dollar from Saint Kitts and Nevis?,XCD,iso_code
What is the currency symbol of the currency United States dollar from United States?,$,symbol_or_abbreviation
What is the currency symbol of the currency Swiss franc from Switzerland?,Fr,symbol_or_abbreviation
What is the currency symbol of the currency Euro from Lithuania?,€,symbol_or_abbreviation
What is the fractional unit of the currency Guernsey pound from Bailiwick of Guernsey?,Penny,fractional_unit
What is the fractional unit of the currency Lao kip from Laos?,Att,fractional_unit
What is the ISO code of the currency Eastern Caribbean dollar from Anguilla?,XCD,iso_code
What is the currency symbol of the currency Fijian dollar from Fiji?,$,symbol_or_abbreviation
What is the fractional unit of the currency Liberian dollar from Liberia?,Cent,fractional_unit
What is the ISO code of the currency Falkland Islands pound from Falkland Islands?,FKP,iso_code
What is the ISO code of the currency Euro from Montenegro?,EUR,iso_code
What is the fractional unit of the currency Moroccan dirham from Morocco?,Centime,fractional_unit
What is the currency symbol of the currency Pakistani rupee from Pakistan?,Re or Rs (pl.),symbol_or_abbreviation
What is the ISO code of the currency Ghanaian cedi from Ghana?,GHS,iso_code
What is the fractional unit of the currency Swiss franc from Liechtenstein?,Rappen,fractional_unit
What is the ISO code of the currency Euro from Finland?,EUR,iso_code
What is the currency symbol of the currency Russian ruble from South Ossetia?,₽,symbol_or_abbreviation
What is the currency symbol of the currency Euro from Austria?,€,symbol_or_abbreviation
What is the currency symbol of the currency Dominican peso from Dominican Republic?,$,symbol_or_abbreviation
What is the ISO code of the currency Iraqi dinar from Iraq?,IQD,iso_code
What is the ISO code of the currency New Zealand dollar from Pitcairn Islands?,NZD,iso_code
What is the fractional unit of the currency Eastern Caribbean dollar from Antigua and Barbuda?,Cent,fractional_unit
What is the fractional unit of the currency Manx pound from Isle of Man?,Penny,fractional_unit
What is the ISO code of the currency Euro from Kosovo?,EUR,iso_code
What is the currency symbol of the currency Indian rupee from India?,₹,symbol_or_abbreviation
What is the currency symbol of the currency Euro from Austria?,€,symbol_or_abbreviation
What is the ISO code of the currency Egyptian pound from Palestine[K]?,EGP,iso_code
What is the ISO code of the currency Euro from Portugal?,EUR,iso_code
What is the fractional unit of the currency Sterling from South Georgia and the South Sandwich Islands?,Penny,fractional_unit
What is the currency symbol of the currency Venezuelan digital bolívar from Venezuela?,Bs.D,symbol_or_abbreviation
What is the fractional unit of the currency West African CFA franc from Benin?,Centime,fractional_unit
What is the fractional unit of the currency Jersey pound from Jersey?,Penny,fractional_unit
What is the fractional unit of the currency Canadian dollar from Canada?,Cent,fractional_unit
What is the ISO code of the currency Euro from Monaco?,EUR,iso_code
What is the currency symbol of the currency Syrian pound from Syria?,LS,symbol_or_abbreviation
What is the ISO code of the currency Ugandan shilling from Uganda?,UGX,iso_code
What is the fractional unit of the currency Sierra Leonean leone from Sierra Leone?,Cent,fractional_unit
What is the fractional unit of the currency Nicaraguan córdoba from Nicaragua?,Centavo,fractional_unit
What is the currency symbol of the currency New Zealand dollar from New Zealand?,$,symbol_or_abbreviation
What is the fractional unit of the currency United States dollar from Micronesia?,Cent,fractional_unit
"What is the fractional unit of the currency Gambian dalasi from Gambia, The?",Butut,fractional_unit
What is the ISO code of the currency Guinean franc from Guinea?,GNF,iso_code
What is the currency symbol of the currency Barbadian dollar from Barbados?,$,symbol_or_abbreviation
What is the currency symbol of the currency Hungarian forint from Hungary?,Ft,symbol_or_abbreviation
"What is the currency symbol of the currency Gambian dalasi from Gambia, The?",D,symbol_or_abbreviation
What is the currency symbol of the currency Guinean franc from Guinea?,Fr,symbol_or_abbreviation
What is the ISO code of the currency Euro from Lithuania?,EUR,iso_code
What is the currency symbol of the currency Euro from Finland?,€,symbol_or_abbreviation
What is the fractional unit of the currency Australian dollar from Australia?,Cent,fractional_unit
What is the ISO code of the currency Tongan paʻanga[O] from Tonga?,TOP,iso_code
What is the currency symbol of the currency Mauritanian ouguiya from Mauritania?,UM,symbol_or_abbreviation
What is the currency symbol of the currency New Zealand dollar from New Zealand?,$,symbol_or_abbreviation
What is the currency symbol of the currency Sterling from Falkland Islands?,£,symbol_or_abbreviation
What is the ISO code of the currency Euro from Croatia?,EUR,iso_code
What is the fractional unit of the currency Sri Lankan rupee from Sri Lanka?,Cent,fractional_unit
What is the ISO code of the currency Hungarian forint from Hungary?,HUF,iso_code
What is the fractional unit of the currency Aruban florin from Aruba?,Cent,fractional_unit
What is the fractional unit of the currency Yemeni rial from Yemen?,Fils,fractional_unit
What is the ISO code of the currency South African rand from Namibia?,ZAR,iso_code
What is the ISO code of the currency Kuwaiti dinar from Kuwait?,KWD,iso_code
What is the currency symbol of the currency Samoan tālā from Samoa?,$,symbol_or_abbreviation
What is the fractional unit of the currency Tajikistani somoni from Tajikistan?,Diram,fractional_unit
What is the ISO code of the currency Bahraini dinar from Bahrain?,BHD,iso_code
What is the ISO code of the currency Belarusian ruble from Belarus?,BYN,iso_code
What is the currency symbol of the currency Iraqi dinar from Iraq?,ID,symbol_or_abbreviation
What is the fractional unit of the currency New Zealand dollar from Niue?,Cent,fractional_unit
What is the currency symbol of the currency Euro from Latvia?,€,symbol_or_abbreviation
What is the fractional unit of the currency Sterling from Saint Helena?,Penny,fractional_unit
What is the fractional unit of the currency United States dollar from Liberia?,Cent,fractional_unit
What is the currency symbol of the currency Euro from San Marino?,€,symbol_or_abbreviation
What is the fractional unit of the currency Cambodian riel from Cambodia?,Sen,fractional_unit
What is the currency symbol of the currency Armenian dram from Armenia?,֏,symbol_or_abbreviation
"What is the currency symbol of the currency North Korean won from Korea, North?",₩,symbol_or_abbreviation
What is the currency symbol of the currency Caribbean guilder from Curaçao?,Cg,symbol_or_abbreviation
What is the fractional unit of the currency Turkish lira from Turkey?,Kuruş,fractional_unit
What is the ISO code of the currency Turkmenistani manat from Turkmenistan?,TMT,iso_code
What is the ISO code of the currency Euro from San Marino?,EUR,iso_code
What is the ISO code of the currency Seychellois rupee from Seychelles?,SCR,iso_code
What is the currency symbol of the currency Cayman Islands dollar from Cayman Islands?,$,symbol_or_abbreviation
What is the fractional unit of the currency Lao kip from Laos?,Att,fractional_unit
What is the fractional unit of the currency Faroese króna from Faroe Islands?,Oyra,fractional_unit
What is the fractional unit of the currency United States dollar from Palau?,Cent,fractional_unit
What is the currency symbol of the currency São Tomé and Príncipe dobra from São Tomé and Príncipe?,Db,symbol_or_abbreviation
What is the ISO code of the currency Eastern Caribbean dollar from Saint Vincent and the Grenadines?,XCD,iso_code
What is the ISO code of the currency Romanian leu from Romania?,RON,iso_code
What is the ISO code of the currency Russian ruble from Russia?,RUB,iso_code
What is the ISO code of the currency Tanzanian shilling from Tanzania?,TZS,iso_code
What is the ISO code of the currency Nepalese rupee from Nepal?,NPR,iso_code
What is the fractional unit of the currency Euro from Croatia?,Cent,fractional_unit
"What is the ISO code of the currency Gambian dalasi from Gambia, The?",GMD,iso_code
What is the fractional unit of the currency Chilean peso from Chile?,Centavo,fractional_unit
What is the currency symbol of the currency Renminbi from China?,¥,symbol_or_abbreviation
What is the fractional unit of the currency Euro from Ireland?,Cent,fractional_unit
What is the currency symbol of the currency Australian dollar from Kiribati?,$,symbol_or_abbreviation
What is the fractional unit of the currency United States dollar from El Salvador?,Cent,fractional_unit
What is the currency symbol of the currency Malawian kwacha from Malawi?,K,symbol_or_abbreviation
What is the ISO code of the currency Pakistani rupee from Pakistan?,PKR,iso_code
What is the fractional unit of the currency Lao kip from Laos?,Att,fractional_unit
What is the fractional unit of the currency Cook Islands dollar from Cook Islands?,Cent,fractional_unit
What is the fractional unit of the currency Venezuelan sovereign bolívar from Venezuela?,Céntimo,fractional_unit
What is the ISO code of the currency Euro from San Marino?,EUR,iso_code
What is the fractional unit of the currency Brunei dollar from Singapore[M]?,Sen,fractional_unit
What is the currency symbol of the currency Somali shilling from Somalia?,Sh or Shs (pl.),symbol_or_abbreviation
"What is the currency symbol of the currency North Korean won from Korea, North?",₩,symbol_or_abbreviation
What is the ISO code of the currency Guyanese dollar from Guyana?,GYD,iso_code
What is the currency symbol of the currency Eritrean nakfa from Eritrea?,Nkf,symbol_or_abbreviation
What is the currency symbol of the currency Bhutanese ngultrum[F] from Bhutan?,Nu,symbol_or_abbreviation
What is the currency symbol of the currency Macanese pataca from Macau?,$ or ptc,symbol_or_abbreviation
What is the fractional unit of the currency Haitian gourde from Haiti?,Centime,fractional_unit
What is the currency symbol of the currency United States dollar from Marshall Islands?,$,symbol_or_abbreviation
What is the ISO code of the currency Egyptian pound from Palestine[K]?,EGP,iso_code
What is the fractional unit of the currency Sierra Leonean leone from Sierra Leone?,Cent,fractional_unit
What is the fractional unit of the currency Euro from Slovenia?,Cent,fractional_unit
What is the currency symbol of the currency Belize dollar from Belize?,$,symbol_or_abbreviation
What is the ISO code of the currency Pakistani rupee from Pakistan?,PKR,iso_code
What is the currency symbol of the currency Solomon Islands dollar from Solomon Islands?,$,symbol_or_abbreviation
What is the ISO code of the currency New Taiwan dollar from Taiwan?,TWD,iso_code
What is the fractional unit of the currency Central African CFA franc from Central African Republic?,Centime,fractional_unit
What is the fractional unit of the currency Singapore dollar from Singapore[M]?,Cent,fractional_unit
What is the currency symbol of the currency Angolan kwanza from Angola?,Kz,symbol_or_abbreviation
What is the currency symbol of the currency Moldovan leu from Moldova?,Leu or Lei (pl.),symbol_or_abbreviation
What is the fractional unit of the currency Algerian dinar from Algeria?,Centime,fractional_unit
What is the ISO code of the currency Sterling from South Georgia and the South Sandwich Islands?,GBP,iso_code
What is the currency symbol of the currency Euro from Monaco?,€,symbol_or_abbreviation
"What is the currency symbol of the currency North Korean won from Korea, North?",₩,symbol_or_abbreviation
What is the ISO code of the currency West African CFA franc from Niger?,XOF,iso_code
What is the ISO code of the currency Cambodian riel from Cambodia?,KHR,iso_code
What is the fractional unit of the currency Ghanaian cedi from Ghana?,Pesewa,fractional_unit
What is the ISO code of the currency Bangladeshi taka from Bangladesh?,BDT,iso_code
What is the currency symbol of the currency Comorian franc from Comoros?,FC,symbol_or_abbreviation
What is the ISO code of the currency Mauritanian ouguiya from Mauritania?,MRU,iso_code
What is the currency symbol of the currency United States dollar from Panama?,$,symbol_or_abbreviation
What is the ISO code of the currency Belarusian ruble from Belarus?,BYN,iso_code
What is the ISO code of the currency West African CFA franc from Togo?,XOF,iso_code
What is the fractional unit of the currency New Taiwan dollar from Taiwan?,Cent,fractional_unit
What is the ISO code of the currency Sterling from United Kingdom?,GBP,iso_code
What is the fractional unit of the currency Tanzanian shilling from Tanzania?,Cent,fractional_unit
What is the fractional unit of the currency Saint Helena pound from Saint Helena?,Penny,fractional_unit
What is the ISO code of the currency Swedish krona from Sweden?,SEK,iso_code
What is the currency symbol of the currency Jordanian dinar from Palestine[K]?,JD,symbol_or_abbreviation
"What is the ISO code of the currency Congolese franc from Congo, Democratic Republic of the?",CDF,iso_code
What is the ISO code of the currency New Zealand dollar from Niue?,NZD,iso_code
What is the ISO code of the currency Sierra Leonean leone from Sierra Leone?,SLE,iso_code
What is the fractional unit of the currency Indian rupee from Bhutan?,Paisa,fractional_unit
What is the currency symbol of the currency Mauritian rupee from Mauritius?,Re or Rs (pl.),symbol_or_abbreviation
What is the fractional unit of the currency Belarusian ruble from Belarus?,Kopeck,fractional_unit
What is the fractional unit of the currency Argentine peso from Argentina?,Centavo,fractional_unit
What is the currency symbol of the currency Sierra Leonean leone from Sierra Leone?,Le,symbol_or_abbreviation
What is the currency symbol of the currency New Zealand dollar from Niue?,$,symbol_or_abbreviation
What is the currency symbol of the currency Burmese kyat from Myanmar?,K or Ks (pl.),symbol_or_abbreviation
What is the ISO code of the currency Israeli new shekel from Israel?,ILS,iso_code
What is the fractional unit of the currency Libyan dinar from Libya?,Dirham,fractional_unit
What is the currency symbol of the currency Sterling from Jersey?,£,symbol_or_abbreviation
What is the ISO code of the currency Norwegian krone from Norway?,NOK,iso_code
What is the fractional unit of the currency Zambian kwacha from Zambia?,Ngwee,fractional_unit
What is the ISO code of the currency Euro from Vatican City?,EUR,iso_code
What is the ISO code of the currency Central African CFA franc from Equatorial Guinea?,XAF,iso_code
What is the currency symbol of the currency Eastern Caribbean dollar from Saint Lucia?,EC$,symbol_or_abbreviation
What is the fractional unit of the currency South African rand from Eswatini?,Cent,fractional_unit
What is the ISO code of the currency Libyan dinar from Libya?,LYD,iso_code
What is the ISO code of the currency Ukrainian hryvnia from Ukraine?,UAH,iso_code
What is the currency symbol of the currency Bosnia and Herzegovina convertible mark from Bosnia and Herzegovina?,KM,symbol_or_abbreviation
What is the currency symbol of the currency West African CFA franc from Guinea-Bissau?,F.CFA,symbol_or_abbreviation
What is the fractional unit of the currency Kiribati dollar[E] from Kiribati?,Cent,fractional_unit
What is the currency symbol of the currency Armenian dram from Armenia?,֏,symbol_or_abbreviation
What is the fractional unit of the currency United States dollar[G] from Bonaire?,Cent,fractional_unit
What is the fractional unit of the currency Bulgarian lev from Bulgaria?,Stotinka,fractional_unit
What is the currency symbol of the currency Cayman Islands dollar from Cayman Islands?,$,symbol_or_abbreviation
What is the fractional unit of the currency Albanian lek from Albania?,Qintar,fractional_unit
What is the currency symbol of the currency Saint Helena pound from Saint Helena?,£,symbol_or_abbreviation
What is the currency symbol of the currency Mauritanian ouguiya from Mauritania?,UM,symbol_or_abbreviation
What is the currency symbol of the currency Moroccan dirham from Morocco?,DH,symbol_or_abbreviation
What is the currency symbol of the currency Kenyan shilling from Kenya?,Sh or Shs (pl.),symbol_or_abbreviation
What is the ISO code of the currency Israeli new shekel from Palestine[K]?,ILS,iso_code
What is the ISO code of the currency Turkish lira from Northern Cyprus?,TRY,iso_code
What is the currency symbol of the currency Sterling from South Georgia and the South Sandwich Islands?,£,symbol_or_abbreviation
What is the fractional unit of the currency Jersey pound from Jersey?,Penny,fractional_unit
What is the ISO code of the currency Euro from Spain?,EUR,iso_code
What is the currency symbol of the currency Guyanese dollar from Guyana?,$,symbol_or_abbreviation
What is the ISO code of the currency Malagasy ariary from Madagascar?,MGA,iso_code
What is the fractional unit of the currency Albanian lek from Albania?,Qintar,fractional_unit
What is the ISO code of the currency Saudi riyal from Saudi Arabia?,SAR,iso_code
What is the currency symbol of the currency Aruban florin from Aruba?,ƒ,symbol_or_abbreviation
What is the ISO code of the currency Comorian franc from Comoros?,KMF,iso_code
What is the fractional unit of the currency Cuban peso from Cuba?,Centavo,fractional_unit
What is the currency symbol of the currency Ugandan shilling from Uganda?,Sh or Shs (pl.),symbol_or_abbreviation
What is the currency symbol of the currency Euro from Kosovo?,€,symbol_or_abbreviation
What is the currency symbol of the currency Paraguayan guaraní from Paraguay?,₲,symbol_or_abbreviation
What is the ISO code of the currency Eastern Caribbean dollar from Grenada?,XCD,iso_code
What is the currency symbol of the currency Manx pound from Isle of Man?,£,symbol_or_abbreviation
What is the fractional unit of the currency Nicaraguan córdoba from Nicaragua?,Centavo,fractional_unit
What is the currency symbol of the currency Sterling from Falkland Islands?,£,symbol_or_abbreviation
What is the fractional unit of the currency Belarusian ruble from Belarus?,Kopeck,fractional_unit
What is the currency symbol of the currency Kenyan shilling from Kenya?,Sh or Shs (pl.),symbol_or_abbreviation
What is the currency symbol of the currency Mexican peso from Mexico?,$,symbol_or_abbreviation
What is the ISO code of the currency Azerbaijani manat from Azerbaijan?,AZN,iso_code
What is the fractional unit of the currency Armenian dram from Armenia?,Luma,fractional_unit
What is the currency symbol of the currency Maldivian rufiyaa from Maldives?,Rf,symbol_or_abbreviation
What is the currency symbol of the currency Israeli new shekel from Israel?,₪,symbol_or_abbreviation
What is the fractional unit of the currency Euro from Italy?,Cent,fractional_unit
What is the fractional unit of the currency Manx pound from Isle of Man?,Penny,fractional_unit
What is the currency symbol of the currency Somali shilling from Somalia?,Sh or Shs (pl.),symbol_or_abbreviation
What is the ISO code of the currency Euro from Spain?,EUR,iso_code
What is the fractional unit of the currency Singapore dollar from Brunei[H]?,Cent,fractional_unit
What is the currency symbol of the currency West African CFA franc from Burkina Faso?,F.CFA,symbol_or_abbreviation
What is the ISO code of the currency Czech koruna from Czech Republic?,CZK,iso_code
What is the currency symbol of the currency Jersey pound from Jersey?,£,symbol_or_abbreviation
What is the ISO code of the currency Renminbi from China?,CNY,iso_code
What is the fractional unit of the currency Eastern Caribbean dollar from Antigua and Barbuda?,Cent,fractional_unit
What is the fractional unit of the currency United States dollar from El Salvador?,Cent,fractional_unit
What is the currency symbol of the currency Guyanese dollar from Guyana?,$,symbol_or_abbreviation
What is the fractional unit of the currency West African CFA franc from Togo?,Centime,fractional_unit
What is the fractional unit of the currency Sterling from Jersey?,Penny,fractional_unit
What is the ISO code of the currency Fijian dollar from Fiji?,FJD,iso_code
What is the currency symbol of the currency Cayman Islands dollar from Cayman Islands?,$,symbol_or_abbreviation
What is the currency symbol of the currency Costa Rican colón from Costa Rica?,₡,symbol_or_abbreviation
What is the fractional unit of the currency Russian ruble from Russia?,Kopeck,fractional_unit
What is the fractional unit of the currency Danish krone from Greenland?,Øre,fractional_unit
What is the ISO code of the currency Sterling from Bailiwick of Guernsey?,GBP,iso_code
What is the currency symbol of the currency Japanese yen from Japan?,¥,symbol_or_abbreviation
What is the currency symbol of the currency New Zealand dollar from New Zealand?,$,symbol_or_abbreviation
What is the currency symbol of the currency Central African CFA franc from Equatorial Guinea?,F.CFA,symbol_or_abbreviation
"What is the fractional unit of the currency South Korean won from Korea, South?",Jeon,fractional_unit
What is the currency symbol of the currency Central African CFA franc from Gabon?,F.CFA,symbol_or_abbreviation
What is the currency symbol of the currency Iraqi dinar from Iraq?,ID,symbol_or_abbreviation
What is the ISO code of the currency Euro from Kosovo?,EUR,iso_code
What is the fractional unit of the currency Sterling from Isle of Man?,Penny,fractional_unit
What is the currency symbol of the currency Swiss franc from Switzerland?,Fr,symbol_or_abbreviation
What is the currency symbol of the currency Indian rupee from India?,₹,symbol_or_abbreviation
What is the fractional unit of the currency Guatemalan quetzal from Guatemala?,Centavo,fractional_unit
What is the ISO code of the currency Euro from Slovenia?,EUR,iso_code
What is the currency symbol of the currency Djiboutian franc from Djibouti?,Fdj,symbol_or_abbreviation
What is the ISO code of the currency Eastern Caribbean dollar from Antigua and Barbuda?,XCD,iso_code
What is the fractional unit of the currency Central African CFA franc from Gabon?,Centime,fractional_unit
What is the fractional unit of the currency New Zealand dollar from Pitcairn Islands?,Cent,fractional_unit
What is the ISO code of the currency Bangladeshi taka from Bangladesh?,BDT,iso_code
What is the ISO code of the currency New Zealand dollar from Niue?,NZD,iso_code
What is the currency symbol of the currency Japanese yen from Japan?,¥,symbol_or_abbreviation
What is the currency symbol of the currency Barbadian dollar from Barbados?,$,symbol_or_abbreviation
What is the fractional unit of the currency Egyptian pound from Palestine[K]?,Piastre[B],fractional_unit
What is the ISO code of the currency Egyptian pound from Egypt?,EGP,iso_code
What is the ISO code of the currency Sterling from Isle of Man?,GBP,iso_code
