question,answer
What is the decimal numeral for the roman numeral MMMCXLVIII?,3148
What is the decimal numeral for the roman numeral DCCCXVIII?,818
What is the decimal numeral for the roman numeral MMDCCCXXV?,2825
What is the decimal numeral for the roman numeral DCCCXXI?,821
What is the decimal numeral for the roman numeral MCCLXVI?,1266
What is the decimal numeral for the roman numeral MMMDXXXII?,3532
What is the decimal numeral for the roman numeral MIV?,1004
What is the decimal numeral for the roman numeral DCLXXVI?,676
What is the decimal numeral for the roman numeral MMMCCLXXXIV?,3284
What is the decimal numeral for the roman numeral MMMDV?,3505
What is the decimal numeral for the roman numeral CDXXXVII?,437
What is the decimal numeral for the roman numeral CDXXVII?,427
What is the decimal numeral for the roman numeral MCMLXIX?,1969
What is the decimal numeral for the roman numeral MDCLV?,1655
What is the decimal numeral for the roman numeral MCML?,1950
What is the decimal numeral for the roman numeral MDCXXXVII?,1637
What is the decimal numeral for the roman numeral MCLVI?,1156
What is the decimal numeral for the roman numeral MDCXIV?,1614
What is the decimal numeral for the roman numeral MMMCCXCII?,3292
What is the decimal numeral for the roman numeral CMV?,905
What is the decimal numeral for the roman numeral MMCMXCIV?,2994
What is the decimal numeral for the roman numeral DVI?,506
What is the decimal numeral for the roman numeral MMDCC?,2700
What is the decimal numeral for the roman numeral MDCC?,1700
What is the decimal numeral for the roman numeral DCCXLI?,741
What is the decimal numeral for the roman numeral MMCCLVI?,2256
What is the decimal numeral for the roman numeral MMMCLXXI?,3171
What is the decimal numeral for the roman numeral MDCCCLV?,1855
What is the decimal numeral for the roman numeral MMMDCCLIII?,3753
What is the decimal numeral for the roman numeral MMCCCI?,2301
What is the decimal numeral for the roman numeral MMCCCLXVIII?,2368
What is the decimal numeral for the roman numeral MMMCCXXX?,3230
What is the decimal numeral for the roman numeral MMXLVI?,2046
What is the decimal numeral for the roman numeral MMMDXXVIII?,3528
What is the decimal numeral for the roman numeral MDXLVII?,1547
What is the decimal numeral for the roman numeral MMXCI?,2091
What is the decimal numeral for the roman numeral MMCLXXX?,2180
What is the decimal numeral for the roman numeral MMCMII?,2902
What is the decimal numeral for the roman numeral MDCLXXXV?,1685
What is the decimal numeral for the roman numeral MMCMIV?,2904
What is the decimal numeral for the roman numeral MCCCLXXXII?,1382
What is the decimal numeral for the roman numeral MMMDLXI?,3561
What is the decimal numeral for the roman numeral MMCMLXXX?,2980
What is the decimal numeral for the roman numeral CMXIV?,914
What is the decimal numeral for the roman numeral MMCMXXIII?,2923
What is the decimal numeral for the roman numeral MMMLXXIII?,3073
What is the decimal numeral for the roman numeral MCXLIII?,1143
What is the decimal numeral for the roman numeral MMMCLXXVIII?,3178
What is the decimal numeral for the roman numeral MMMCDXXXII?,3432
What is the decimal numeral for the roman numeral CCLXIX?,269
What is the decimal numeral for the roman numeral MCCCXV?,1315
What is the decimal numeral for the roman numeral MMMDCCXCI?,3791
What is the decimal numeral for the roman numeral MMCCIX?,2209
What is the decimal numeral for the roman numeral MMMCXLII?,3142
What is the decimal numeral for the roman numeral MCCCXLIV?,1344
What is the decimal numeral for the roman numeral MMCMXLI?,2941
What is the decimal numeral for the roman numeral MMMCDLXXIV?,3474
What is the decimal numeral for the roman numeral MMMCLIII?,3153
What is the decimal numeral for the roman numeral MMMCMXVIII?,3918
What is the decimal numeral for the roman numeral MDXC?,1590
What is the decimal numeral for the roman numeral MLXXIII?,1073
What is the decimal numeral for the roman numeral MLXXX?,1080
What is the decimal numeral for the roman numeral DCLVII?,657
What is the decimal numeral for the roman numeral MMMDCLIII?,3653
What is the decimal numeral for the roman numeral MDCLVIII?,1658
What is the decimal numeral for the roman numeral MMMDXCIII?,3593
What is the decimal numeral for the roman numeral MMDCLXXXIX?,2689
What is the decimal numeral for the roman numeral CCXCII?,292
What is the decimal numeral for the roman numeral MCCLV?,1255
What is the decimal numeral for the roman numeral MMMDCCCLXXX?,3880
What is the decimal numeral for the roman numeral CCXV?,215
What is the decimal numeral for the roman numeral MDXIII?,1513
What is the decimal numeral for the roman numeral MDCCXXXIV?,1734
What is the decimal numeral for the roman numeral MMDCCXLI?,2741
What is the decimal numeral for the roman numeral MMCLXXXV?,2185
What is the decimal numeral for the roman numeral MMMCCXXXII?,3232
What is the decimal numeral for the roman numeral MDCCCLXX?,1870
What is the decimal numeral for the roman numeral MMDIX?,2509
What is the decimal numeral for the roman numeral MDCCIII?,1703
What is the decimal numeral for the roman numeral MCMLXIV?,1964
What is the decimal numeral for the roman numeral MDCCXLI?,1741
What is the decimal numeral for the roman numeral MLXIV?,1064
What is the decimal numeral for the roman numeral MDLXVIII?,1568
What is the decimal numeral for the roman numeral MMMCDLIX?,3459
What is the decimal numeral for the roman numeral MMCLXXXIV?,2184
What is the decimal numeral for the roman numeral MCDLIX?,1459
What is the decimal numeral for the roman numeral MMCDXC?,2490
What is the decimal numeral for the roman numeral MMCCLXVI?,2266
What is the decimal numeral for the roman numeral MMMDCCCLI?,3851
What is the decimal numeral for the roman numeral MDCCXLV?,1745
What is the decimal numeral for the roman numeral MMCCCXXXIV?,2334
What is the decimal numeral for the roman numeral MCMLXXII?,1972
What is the decimal numeral for the roman numeral MMMCDXXXVII?,3437
What is the decimal numeral for the roman numeral MMMCMXLII?,3942
What is the decimal numeral for the roman numeral MCMI?,1901
What is the decimal numeral for the roman numeral MCXXXIII?,1133
What is the decimal numeral for the roman numeral MMMDLXXXVIII?,3588
What is the decimal numeral for the roman numeral MMLIV?,2054
What is the decimal numeral for the roman numeral MMCCCLIV?,2354
What is the decimal numeral for the roman numeral MCLXIX?,1169
What is the decimal numeral for the roman numeral MMMCCCXXV?,3325
What is the decimal numeral for the roman numeral DIX?,509
What is the decimal numeral for the roman numeral CCXXVII?,227
What is the decimal numeral for the roman numeral MMDCCCXXIV?,2824
What is the decimal numeral for the roman numeral MMDC?,2600
What is the decimal numeral for the roman numeral MMCXC?,2190
What is the decimal numeral for the roman numeral MMMDCXXI?,3621
What is the decimal numeral for the roman numeral MMCMLV?,2955
What is the decimal numeral for the roman numeral MCCL?,1250
What is the decimal numeral for the roman numeral MMDCCLIV?,2754
What is the decimal numeral for the roman numeral MMCDLXIV?,2464
What is the decimal numeral for the roman numeral MDXXV?,1525
What is the decimal numeral for the roman numeral MCCXCVII?,1297
What is the decimal numeral for the roman numeral MMMCLXXX?,3180
What is the decimal numeral for the roman numeral MMMDCXCIV?,3694
What is the decimal numeral for the roman numeral CMXXV?,925
What is the decimal numeral for the roman numeral DIV?,504
What is the decimal numeral for the roman numeral MMCLI?,2151
What is the decimal numeral for the roman numeral MDXXVIII?,1528
What is the decimal numeral for the roman numeral DXIX?,519
What is the decimal numeral for the roman numeral MMMCXXXVIII?,3138
What is the decimal numeral for the roman numeral CCLXXXI?,281
What is the decimal numeral for the roman numeral MMDCCCV?,2805
What is the decimal numeral for the roman numeral CCLXXIV?,274
What is the decimal numeral for the roman numeral DCCLIII?,753
What is the decimal numeral for the roman numeral MMMDCCI?,3701
What is the decimal numeral for the roman numeral MMMCCLXXXVII?,3287
What is the decimal numeral for the roman numeral MMDCCVIII?,2708
What is the decimal numeral for the roman numeral MCMV?,1905
What is the decimal numeral for the roman numeral MLXXII?,1072
What is the decimal numeral for the roman numeral MMMCML?,3950
What is the decimal numeral for the roman numeral MMMX?,3010
What is the decimal numeral for the roman numeral MMMDCCCXLVIII?,3848
What is the decimal numeral for the roman numeral MMCI?,2101
What is the decimal numeral for the roman numeral MMCDXL?,2440
What is the decimal numeral for the roman numeral MXCIV?,1094
What is the decimal numeral for the roman numeral CCCXXV?,325
What is the decimal numeral for the roman numeral MMMDCCCVIII?,3808
What is the decimal numeral for the roman numeral MMMDCXLIV?,3644
What is the decimal numeral for the roman numeral MMMDCCCXXIV?,3824
What is the decimal numeral for the roman numeral MMMCMLXXII?,3972
What is the decimal numeral for the roman numeral DCCCXXIX?,829
What is the decimal numeral for the roman numeral DCCCLV?,855
What is the decimal numeral for the roman numeral MMDCLXVII?,2667
What is the decimal numeral for the roman numeral MDLXXV?,1575
What is the decimal numeral for the roman numeral DCCXII?,712
What is the decimal numeral for the roman numeral CCXII?,212
What is the decimal numeral for the roman numeral MMMCMX?,3910
What is the decimal numeral for the roman numeral MCMXV?,1915
What is the decimal numeral for the roman numeral MCCCLVIII?,1358
What is the decimal numeral for the roman numeral MCCCLXXXVII?,1387
What is the decimal numeral for the roman numeral MCXIII?,1113
What is the decimal numeral for the roman numeral MMMCCCXLVIII?,3348
What is the decimal numeral for the roman numeral MMCCLIV?,2254
What is the decimal numeral for the roman numeral MMCCCXLVI?,2346
What is the decimal numeral for the roman numeral MMMCMXXXVIII?,3938
What is the decimal numeral for the roman numeral MMMDCLXXXIX?,3689
What is the decimal numeral for the roman numeral MMCMXLIV?,2944
What is the decimal numeral for the roman numeral MDXIX?,1519
What is the decimal numeral for the roman numeral MMDCCVI?,2706
What is the decimal numeral for the roman numeral CCCXCVI?,396
What is the decimal numeral for the roman numeral MMDCCCVI?,2806
What is the decimal numeral for the roman numeral CDXLVI?,446
What is the decimal numeral for the roman numeral MMCCL?,2250
What is the decimal numeral for the roman numeral DCLXXIX?,679
What is the decimal numeral for the roman numeral MDCCLXXVII?,1777
What is the decimal numeral for the roman numeral MMMCDXV?,3415
What is the decimal numeral for the roman numeral MMMDCCXLIII?,3743
What is the decimal numeral for the roman numeral MMMCIV?,3104
What is the decimal numeral for the roman numeral MMMXXXIX?,3039
What is the decimal numeral for the roman numeral MMMDCCCLXVIII?,3868
What is the decimal numeral for the roman numeral MMDCCLIX?,2759
What is the decimal numeral for the roman numeral CCCLXXX?,380
What is the decimal numeral for the roman numeral MMCCLX?,2260
What is the decimal numeral for the roman numeral MMDCV?,2605
What is the decimal numeral for the roman numeral CCLXII?,262
What is the decimal numeral for the roman numeral CCLVII?,257
What is the decimal numeral for the roman numeral MMMDCLVII?,3657
What is the decimal numeral for the roman numeral MCLVII?,1157
What is the decimal numeral for the roman numeral MMMLXXXII?,3082
What is the decimal numeral for the roman numeral CCLXX?,270
What is the decimal numeral for the roman numeral CCLIX?,259
What is the decimal numeral for the roman numeral MCCCVIII?,1308
What is the decimal numeral for the roman numeral CCXXXIV?,234
What is the decimal numeral for the roman numeral DCCCXLV?,845
What is the decimal numeral for the roman numeral MMMDCLXXIX?,3679
What is the decimal numeral for the roman numeral CCLX?,260
What is the decimal numeral for the roman numeral MMCDLXXXI?,2481
What is the decimal numeral for the roman numeral MDCCXCIII?,1793
What is the decimal numeral for the roman numeral DCCCXXXII?,832
What is the decimal numeral for the roman numeral MCDLXXXVII?,1487
What is the decimal numeral for the roman numeral DCII?,602
What is the decimal numeral for the roman numeral MDCCXCVIII?,1798
What is the decimal numeral for the roman numeral DCXL?,640
What is the decimal numeral for the roman numeral MMMDCCCIII?,3803
What is the decimal numeral for the roman numeral MCLXVI?,1166
What is the decimal numeral for the roman numeral CCCXVI?,316
What is the decimal numeral for the roman numeral DLXXXIV?,584
What is the decimal numeral for the roman numeral MMCMXLVIII?,2948
What is the decimal numeral for the roman numeral DLXXII?,572
What is the decimal numeral for the roman numeral MDCCCLXXXII?,1882
What is the decimal numeral for the roman numeral MDCLXXI?,1671
What is the decimal numeral for the roman numeral MMCDVI?,2406
What is the decimal numeral for the roman numeral DLVI?,556
What is the decimal numeral for the roman numeral MMMCCIX?,3209
What is the decimal numeral for the roman numeral MMCMLVII?,2957
What is the decimal numeral for the roman numeral MMDCCLXXIV?,2774
What is the decimal numeral for the roman numeral DCCCXCV?,895
What is the decimal numeral for the roman numeral MMCMXCVI?,2996
What is the decimal numeral for the roman numeral MCLXXXVII?,1187
What is the decimal numeral for the roman numeral DCCCXLIX?,849
What is the decimal numeral for the roman numeral CDV?,405
What is the decimal numeral for the roman numeral MDCCLXXV?,1775
What is the decimal numeral for the roman numeral MCCCLII?,1352
What is the decimal numeral for the roman numeral MMMDCLXII?,3662
What is the decimal numeral for the roman numeral MDCCCXXII?,1822
What is the decimal numeral for the roman numeral CCXLVII?,247
What is the decimal numeral for the roman numeral MMMCDXXXIII?,3433
What is the decimal numeral for the roman numeral MMMCMXXIV?,3924
What is the decimal numeral for the roman numeral MMCDLVII?,2457
What is the decimal numeral for the roman numeral MMMDCIX?,3609
What is the decimal numeral for the roman numeral MMMDCLXXXII?,3682
What is the decimal numeral for the roman numeral DLXV?,565
What is the decimal numeral for the roman numeral CCLI?,251
What is the decimal numeral for the roman numeral MMCMXCVIII?,2998
What is the decimal numeral for the roman numeral DCLXVII?,667
What is the decimal numeral for the roman numeral DCXXVII?,627
What is the decimal numeral for the roman numeral MMMCMLXXXVI?,3986
What is the decimal numeral for the roman numeral CMXL?,940
What is the decimal numeral for the roman numeral MMMCDIX?,3409
What is the decimal numeral for the roman numeral MCLXVIII?,1168
What is the decimal numeral for the roman numeral MMMXXI?,3021
What is the decimal numeral for the roman numeral CCCXCI?,391
What is the decimal numeral for the roman numeral DCIV?,604
What is the decimal numeral for the roman numeral MMDCCLXXVII?,2777
What is the decimal numeral for the roman numeral MCCXXX?,1230
What is the decimal numeral for the roman numeral CDLXIV?,464
What is the decimal numeral for the roman numeral CMLXXXI?,981
What is the decimal numeral for the roman numeral MCCLXXVII?,1277
What is the decimal numeral for the roman numeral MMMCMLXXXII?,3982
What is the decimal numeral for the roman numeral MDL?,1550
What is the decimal numeral for the roman numeral MMMCCCXLIV?,3344
What is the decimal numeral for the roman numeral MMMCCXXII?,3222
What is the decimal numeral for the roman numeral DC?,600
What is the decimal numeral for the roman numeral MMDCCXXXVII?,2737
What is the decimal numeral for the roman numeral DCCCL?,850
What is the decimal numeral for the roman numeral MMMDCCLI?,3751
What is the decimal numeral for the roman numeral MMCDLXIX?,2469
What is the decimal numeral for the roman numeral DCCCLI?,851
What is the decimal numeral for the roman numeral CCCLXX?,370
What is the decimal numeral for the roman numeral MDCCCXCIX?,1899
What is the decimal numeral for the roman numeral DXCV?,595
What is the decimal numeral for the roman numeral MMCXVIII?,2118
What is the decimal numeral for the roman numeral MMDCCCLXXIV?,2874
What is the decimal numeral for the roman numeral MDCCLXXXVIII?,1788
What is the decimal numeral for the roman numeral MXLVI?,1046
What is the decimal numeral for the roman numeral CCCXCIV?,394
What is the decimal numeral for the roman numeral MDCCCLXVI?,1866
What is the decimal numeral for the roman numeral MMMCDLXXXII?,3482
What is the decimal numeral for the roman numeral DI?,501
What is the decimal numeral for the roman numeral MMDCCCXV?,2815
What is the decimal numeral for the roman numeral MMMLXXXIX?,3089
What is the decimal numeral for the roman numeral DCCXCIV?,794
What is the decimal numeral for the roman numeral MDCCXLII?,1742
What is the decimal numeral for the roman numeral MMMDCLXXII?,3672
What is the decimal numeral for the roman numeral MDCCXIII?,1713
What is the decimal numeral for the roman numeral MCXLVI?,1146
What is the decimal numeral for the roman numeral MCLXXIV?,1174
What is the decimal numeral for the roman numeral MMMCCCIII?,3303
What is the decimal numeral for the roman numeral MCCCLXX?,1370
What is the decimal numeral for the roman numeral CCCXXXVII?,337
What is the decimal numeral for the roman numeral DLXXXI?,581
What is the decimal numeral for the roman numeral MMMCDXLVI?,3446
What is the decimal numeral for the roman numeral DXCVII?,597
What is the decimal numeral for the roman numeral MMCCCLIX?,2359
What is the decimal numeral for the roman numeral MMDXVIII?,2518
What is the decimal numeral for the roman numeral MMDLXXXI?,2581
What is the decimal numeral for the roman numeral MMDCCCXXVII?,2827
What is the decimal numeral for the roman numeral DCCLXXI?,771
What is the decimal numeral for the roman numeral MMMDCCCXCVII?,3897
What is the decimal numeral for the roman numeral MMMCLXXXVI?,3186
What is the decimal numeral for the roman numeral MMMCCCLII?,3352
What is the decimal numeral for the roman numeral MDCCXXXVII?,1737
What is the decimal numeral for the roman numeral MMCLXXVI?,2176
What is the decimal numeral for the roman numeral MMMCCLXXXVIII?,3288
What is the decimal numeral for the roman numeral DCCXXXIII?,733
What is the decimal numeral for the roman numeral MMCDXLV?,2445
What is the decimal numeral for the roman numeral MMDCCCLXXXV?,2885
What is the decimal numeral for the roman numeral MMCDXCIX?,2499
What is the decimal numeral for the roman numeral MMMDCCCXCVI?,3896
What is the decimal numeral for the roman numeral MMCLXXVII?,2177
What is the decimal numeral for the roman numeral MDCCCLXXIX?,1879
What is the decimal numeral for the roman numeral CMLXXVI?,976
What is the decimal numeral for the roman numeral MMMDCXV?,3615
What is the decimal numeral for the roman numeral MMMXIV?,3014
What is the decimal numeral for the roman numeral CMLXXXVII?,987
What is the decimal numeral for the roman numeral MCCCLV?,1355
What is the decimal numeral for the roman numeral MMMCLXXV?,3175
What is the decimal numeral for the roman numeral MMMDCCXIII?,3713
What is the decimal numeral for the roman numeral MMCMXCI?,2991
What is the decimal numeral for the roman numeral DCLX?,660
What is the decimal numeral for the roman numeral MMCMLXXI?,2971
What is the decimal numeral for the roman numeral MMMDCCCLXIII?,3863
What is the decimal numeral for the roman numeral MCDXCIV?,1494
What is the decimal numeral for the roman numeral MMMDCCCXXXIX?,3839
What is the decimal numeral for the roman numeral MMMDCCCXXXVII?,3837
What is the decimal numeral for the roman numeral MMDLVI?,2556
What is the decimal numeral for the roman numeral MDCCXX?,1720
What is the decimal numeral for the roman numeral CCCLXXXII?,382
What is the decimal numeral for the roman numeral MMMCCCXXII?,3322
What is the decimal numeral for the roman numeral MDCCLI?,1751
What is the decimal numeral for the roman numeral DCCCXCVII?,897
What is the decimal numeral for the roman numeral MMMCCCXIV?,3314
What is the decimal numeral for the roman numeral CCCXIII?,313
What is the decimal numeral for the roman numeral MMMCCCLVII?,3357
What is the decimal numeral for the roman numeral MCMXXXVI?,1936
What is the decimal numeral for the roman numeral DCL?,650
What is the decimal numeral for the roman numeral MCCLXXXIV?,1284
What is the decimal numeral for the roman numeral CCII?,202
What is the decimal numeral for the roman numeral MDCCLXIII?,1763
What is the decimal numeral for the roman numeral DCLXIX?,669
What is the decimal numeral for the roman numeral MXLIV?,1044
What is the decimal numeral for the roman numeral CMLII?,952
What is the decimal numeral for the roman numeral MDCLXXX?,1680
What is the decimal numeral for the roman numeral MCCLXXXVII?,1287
What is the decimal numeral for the roman numeral MMCMXV?,2915
What is the decimal numeral for the roman numeral MMMDXXIX?,3529
What is the decimal numeral for the roman numeral MMDVIII?,2508
What is the decimal numeral for the roman numeral MMCX?,2110
What is the decimal numeral for the roman numeral MMDCCCLXIV?,2864
What is the decimal numeral for the roman numeral MDXXXIII?,1533
What is the decimal numeral for the roman numeral MDCCCLIV?,1854
What is the decimal numeral for the roman numeral MMMDCCCXIV?,3814
What is the decimal numeral for the roman numeral DCCLXVII?,767
What is the decimal numeral for the roman numeral MMMDXXX?,3530
What is the decimal numeral for the roman numeral MCCXXXIX?,1239
What is the decimal numeral for the roman numeral CMIX?,909
What is the decimal numeral for the roman numeral DCCCLXXI?,871
What is the decimal numeral for the roman numeral MMCMLXXII?,2972
What is the decimal numeral for the roman numeral MDCCXXXII?,1732
What is the decimal numeral for the roman numeral MMMXXV?,3025
What is the decimal numeral for the roman numeral MMMCDXCVIII?,3498
What is the decimal numeral for the roman numeral MMMDLXXXVI?,3586
What is the decimal numeral for the roman numeral CDXXXIII?,433
What is the decimal numeral for the roman numeral MMMDCCCLXXXIV?,3884
What is the decimal numeral for the roman numeral DCCCXCIX?,899
What is the decimal numeral for the roman numeral MMMCXL?,3140
What is the decimal numeral for the roman numeral MMMDLXXXI?,3581
What is the decimal numeral for the roman numeral MMCDXV?,2415
What is the decimal numeral for the roman numeral MCCCXCVI?,1396
What is the decimal numeral for the roman numeral CMXVI?,916
What is the decimal numeral for the roman numeral DCCXXXVII?,737
What is the decimal numeral for the roman numeral MMLXV?,2065
What is the decimal numeral for the roman numeral DCXI?,611
What is the decimal numeral for the roman numeral MMCC?,2200
What is the decimal numeral for the roman numeral MCMLXXXVII?,1987
What is the decimal numeral for the roman numeral MMMDCIII?,3603
What is the decimal numeral for the roman numeral MMDCCLXVI?,2766
What is the decimal numeral for the roman numeral MMMCDLXXXIV?,3484
What is the decimal numeral for the roman numeral MMXIV?,2014
What is the decimal numeral for the roman numeral MMMCCCLXXVI?,3376
What is the decimal numeral for the roman numeral MMMCDXIII?,3413
What is the decimal numeral for the roman numeral MCLXXI?,1171
What is the decimal numeral for the roman numeral MMMCLVI?,3156
What is the decimal numeral for the roman numeral MMCCXVII?,2217
What is the decimal numeral for the roman numeral MCCCI?,1301
What is the decimal numeral for the roman numeral MML?,2050
What is the decimal numeral for the roman numeral MMCCCLXXIX?,2379
What is the decimal numeral for the roman numeral MMMDCCCXCIV?,3894
What is the decimal numeral for the roman numeral DCXXVIII?,628
What is the decimal numeral for the roman numeral MMMCDLII?,3452
What is the decimal numeral for the roman numeral MMCCCXXVIII?,2328
What is the decimal numeral for the roman numeral MMMCCLXIV?,3264
What is the decimal numeral for the roman numeral MMCCCLV?,2355
What is the decimal numeral for the roman numeral MMCMLIX?,2959
What is the decimal numeral for the roman numeral MMCCLI?,2251
What is the decimal numeral for the roman numeral MDCVII?,1607
What is the decimal numeral for the roman numeral DCCLXXVII?,777
What is the decimal numeral for the roman numeral MMDXXXIX?,2539
What is the decimal numeral for the roman numeral DCCCXXXIX?,839
What is the decimal numeral for the roman numeral MMMCDXL?,3440
What is the decimal numeral for the roman numeral DCCCXLVIII?,848
What is the decimal numeral for the roman numeral MMMDCCXLVI?,3746
What is the decimal numeral for the roman numeral MMMDCLXXVIII?,3678
What is the decimal numeral for the roman numeral MMMCCXV?,3215
What is the decimal numeral for the roman numeral MMMCCCXLIX?,3349
What is the decimal numeral for the roman numeral MDLXXVI?,1576
What is the decimal numeral for the roman numeral DCLXXXV?,685
What is the decimal numeral for the roman numeral MMCDLXXXII?,2482
What is the decimal numeral for the roman numeral MCDXCVI?,1496
What is the decimal numeral for the roman numeral MMDXXIX?,2529
What is the decimal numeral for the roman numeral MMMCXXXIII?,3133
What is the decimal numeral for the roman numeral MCMXLVII?,1947
What is the decimal numeral for the roman numeral CCXXXIII?,233
What is the decimal numeral for the roman numeral MMMCCCLXXXVIII?,3388
What is the decimal numeral for the roman numeral CCCXIV?,314
What is the decimal numeral for the roman numeral MMDCCXVI?,2716
What is the decimal numeral for the roman numeral MMMCCCXLIII?,3343
What is the decimal numeral for the roman numeral MMCLXIX?,2169
What is the decimal numeral for the roman numeral MMCCXLIX?,2249
What is the decimal numeral for the roman numeral CCXCVI?,296
What is the decimal numeral for the roman numeral MMCCLXXII?,2272
What is the decimal numeral for the roman numeral MMDCLII?,2652
What is the decimal numeral for the roman numeral MDCXXVI?,1626
What is the decimal numeral for the roman numeral CMXCI?,991
What is the decimal numeral for the roman numeral MDCCCXL?,1840
What is the decimal numeral for the roman numeral DCCCXLIII?,843
What is the decimal numeral for the roman numeral MCLXXXII?,1182
What is the decimal numeral for the roman numeral MCCLXXI?,1271
What is the decimal numeral for the roman numeral MMMCXXI?,3121
What is the decimal numeral for the roman numeral MXCVI?,1096
What is the decimal numeral for the roman numeral CMXII?,912
What is the decimal numeral for the roman numeral DLIV?,554
What is the decimal numeral for the roman numeral MMCCCXXXVI?,2336
What is the decimal numeral for the roman numeral MMCCCLXXII?,2372
What is the decimal numeral for the roman numeral MMCCCXV?,2315
What is the decimal numeral for the roman numeral MMMCDIII?,3403
What is the decimal numeral for the roman numeral MMMDCCVI?,3706
What is the decimal numeral for the roman numeral MMCLXXIV?,2174
What is the decimal numeral for the roman numeral MMMDLVIII?,3558
What is the decimal numeral for the roman numeral MMMCXLV?,3145
What is the decimal numeral for the roman numeral MMMCCCXXXVI?,3336
What is the decimal numeral for the roman numeral MMCDXCIV?,2494
What is the decimal numeral for the roman numeral MMCDXI?,2411
What is the decimal numeral for the roman numeral MMCXCIX?,2199
What is the decimal numeral for the roman numeral MMCMVI?,2906
What is the decimal numeral for the roman numeral DCCLXXXIII?,783
What is the decimal numeral for the roman numeral CCCXLII?,342
What is the decimal numeral for the roman numeral CCXXX?,230
What is the decimal numeral for the roman numeral CMLXX?,970
What is the decimal numeral for the roman numeral MCMXCVII?,1997
What is the decimal numeral for the roman numeral MMD?,2500
What is the decimal numeral for the roman numeral MMXXVII?,2027
What is the decimal numeral for the roman numeral MMMCLXX?,3170
What is the decimal numeral for the roman numeral DXXVII?,527
What is the decimal numeral for the roman numeral DCCXXVI?,726
What is the decimal numeral for the roman numeral CDXXVIII?,428
What is the decimal numeral for the roman numeral MCCXCIII?,1293
What is the decimal numeral for the roman numeral MMMCLXIX?,3169
What is the decimal numeral for the roman numeral MMMCCLXXII?,3272
What is the decimal numeral for the roman numeral MMMDCCLVII?,3757
What is the decimal numeral for the roman numeral MMCCCXXX?,2330
What is the decimal numeral for the roman numeral MMCDXXII?,2422
What is the decimal numeral for the roman numeral MMCMLXI?,2961
What is the decimal numeral for the roman numeral MDLXXVII?,1577
What is the decimal numeral for the roman numeral MMMCXX?,3120
What is the decimal numeral for the roman numeral DCCCIX?,809
What is the decimal numeral for the roman numeral MMDCCCLI?,2851
What is the decimal numeral for the roman numeral MMLXXX?,2080
What is the decimal numeral for the roman numeral DCCXCII?,792
What is the decimal numeral for the roman numeral MCCCLXXX?,1380
What is the decimal numeral for the roman numeral MMMCI?,3101
What is the decimal numeral for the roman numeral MMDCCLXXX?,2780
What is the decimal numeral for the roman numeral MMXV?,2015
What is the decimal numeral for the roman numeral MCCX?,1210
What is the decimal numeral for the roman numeral MMMDCCLXIII?,3763
What is the decimal numeral for the roman numeral MDCCCXC?,1890
What is the decimal numeral for the roman numeral DCCLXII?,762
What is the decimal numeral for the roman numeral MCCLXIX?,1269
What is the decimal numeral for the roman numeral MMDCCCXCVI?,2896
What is the decimal numeral for the roman numeral MMCCXXXVIII?,2238
What is the decimal numeral for the roman numeral MMMCCCI?,3301
What is the decimal numeral for the roman numeral MMMDCCLXXI?,3771
What is the decimal numeral for the roman numeral MMDCCXCIII?,2793
What is the decimal numeral for the roman numeral MCDLV?,1455
What is the decimal numeral for the roman numeral MMMCCCLXXXI?,3381
What is the decimal numeral for the roman numeral MMDCXXIX?,2629
What is the decimal numeral for the roman numeral DIII?,503
What is the decimal numeral for the roman numeral CDXIX?,419
What is the decimal numeral for the roman numeral MMMDIII?,3503
What is the decimal numeral for the roman numeral CDXLVII?,447
What is the decimal numeral for the roman numeral MMCMXXIV?,2924
What is the decimal numeral for the roman numeral MMCCCXXXV?,2335
What is the decimal numeral for the roman numeral MMMDCCLXXXVII?,3787
What is the decimal numeral for the roman numeral CDXXVI?,426
What is the decimal numeral for the roman numeral MMMDCCLXX?,3770
What is the decimal numeral for the roman numeral MCCCXXXVI?,1336
What is the decimal numeral for the roman numeral CMLIV?,954
What is the decimal numeral for the roman numeral MCDVI?,1406
What is the decimal numeral for the roman numeral MMMCCIV?,3204
What is the decimal numeral for the roman numeral MMMDCXXXI?,3631
What is the decimal numeral for the roman numeral DCLIII?,653
What is the decimal numeral for the roman numeral DCCCLXVII?,867
What is the decimal numeral for the roman numeral DXLIV?,544
What is the decimal numeral for the roman numeral MDCCCLXIII?,1863
What is the decimal numeral for the roman numeral MMMDCCXXXIX?,3739
What is the decimal numeral for the roman numeral MCMLVII?,1957
What is the decimal numeral for the roman numeral MMCDLXXXVIII?,2488
What is the decimal numeral for the roman numeral CCXXII?,222
What is the decimal numeral for the roman numeral MMDCCCXL?,2840
What is the decimal numeral for the roman numeral CCC?,300
What is the decimal numeral for the roman numeral MDLXXXII?,1582
What is the decimal numeral for the roman numeral MMLXXXII?,2082
What is the decimal numeral for the roman numeral MDCCXXII?,1722
What is the decimal numeral for the roman numeral MMMDLXVI?,3566
What is the decimal numeral for the roman numeral CCLXXI?,271
What is the decimal numeral for the roman numeral MMLXXI?,2071
What is the decimal numeral for the roman numeral MMMCLXXIX?,3179
What is the decimal numeral for the roman numeral MMCXCI?,2191
What is the decimal numeral for the roman numeral MMCMLXXIX?,2979
What is the decimal numeral for the roman numeral MMMCLI?,3151
What is the decimal numeral for the roman numeral MCMLXXXIII?,1983
What is the decimal numeral for the roman numeral MMMCCCXCI?,3391
What is the decimal numeral for the roman numeral CDXCI?,491
What is the decimal numeral for the roman numeral MMMCLXV?,3165
What is the decimal numeral for the roman numeral MMCCXCII?,2292
What is the decimal numeral for the roman numeral MMMDLIX?,3559
What is the decimal numeral for the roman numeral MCXIX?,1119
What is the decimal numeral for the roman numeral MMMDCCCXV?,3815
What is the decimal numeral for the roman numeral MMMCXXX?,3130
What is the decimal numeral for the roman numeral MMDCLXIX?,2669
What is the decimal numeral for the roman numeral MCMXCVIII?,1998
What is the decimal numeral for the roman numeral MMMCCCLIV?,3354
What is the decimal numeral for the roman numeral MMCLXX?,2170
What is the decimal numeral for the roman numeral MMDCCCLXXI?,2871
What is the decimal numeral for the roman numeral MMMCDLV?,3455
What is the decimal numeral for the roman numeral MMMCCXCV?,3295
What is the decimal numeral for the roman numeral MCMXII?,1912
What is the decimal numeral for the roman numeral MCDXXV?,1425
What is the decimal numeral for the roman numeral MMCXXVIII?,2128
What is the decimal numeral for the roman numeral MCCCXXVI?,1326
What is the decimal numeral for the roman numeral CCCLXIII?,363
What is the decimal numeral for the roman numeral MDCCCXIV?,1814
What is the decimal numeral for the roman numeral MMCDXCI?,2491
What is the decimal numeral for the roman numeral MMDCXXIV?,2624
What is the decimal numeral for the roman numeral MMCCCLXXX?,2380
What is the decimal numeral for the roman numeral MMMCCCLXXXIII?,3383
What is the decimal numeral for the roman numeral MMCMXXXIV?,2934
What is the decimal numeral for the roman numeral MDXCI?,1591
What is the decimal numeral for the roman numeral MMMXLVI?,3046
What is the decimal numeral for the roman numeral CMXCII?,992
What is the decimal numeral for the roman numeral MMMCCXC?,3290
What is the decimal numeral for the roman numeral MMDXIX?,2519
What is the decimal numeral for the roman numeral MDCXLIV?,1644
What is the decimal numeral for the roman numeral DCCCXXII?,822
What is the decimal numeral for the roman numeral MMMCDLXXXI?,3481
What is the decimal numeral for the roman numeral MDXXXIV?,1534
What is the decimal numeral for the roman numeral MMMCCXIX?,3219
What is the decimal numeral for the roman numeral MMDXCI?,2591
What is the decimal numeral for the roman numeral MIII?,1003
What is the decimal numeral for the roman numeral MMDLXXX?,2580
What is the decimal numeral for the roman numeral MDCCXXXIX?,1739
What is the decimal numeral for the roman numeral MCCCXLI?,1341
What is the decimal numeral for the roman numeral DCCCLXXV?,875
What is the decimal numeral for the roman numeral CDLVI?,456
What is the decimal numeral for the roman numeral MMLXXXIX?,2089
What is the decimal numeral for the roman numeral MMDVII?,2507
What is the decimal numeral for the roman numeral MLV?,1055
What is the decimal numeral for the roman numeral MMMDCCXIV?,3714
What is the decimal numeral for the roman numeral CCCXCIX?,399
What is the decimal numeral for the roman numeral DCCXCI?,791
What is the decimal numeral for the roman numeral MMXXVIII?,2028
What is the decimal numeral for the roman numeral MMMDXLII?,3542
What is the decimal numeral for the roman numeral MCDV?,1405
What is the decimal numeral for the roman numeral MMMCDXVI?,3416
What is the decimal numeral for the roman numeral MCVIII?,1108
What is the decimal numeral for the roman numeral MCCCLXIX?,1369
What is the decimal numeral for the roman numeral MLXXXIII?,1083
What is the decimal numeral for the roman numeral CMLXXXIII?,983
What is the decimal numeral for the roman numeral MMMLXII?,3062
What is the decimal numeral for the roman numeral DXCIV?,594
What is the decimal numeral for the roman numeral MMMCCCLXXII?,3372
What is the decimal numeral for the roman numeral DCCLXXIV?,774
What is the decimal numeral for the roman numeral DLXXXVIII?,588
What is the decimal numeral for the roman numeral MLXII?,1062
What is the decimal numeral for the roman numeral CCCXXXIV?,334
What is the decimal numeral for the roman numeral MMMDCCCLXXVI?,3876
What is the decimal numeral for the roman numeral MDCCCXII?,1812
What is the decimal numeral for the roman numeral DCLXIII?,663
What is the decimal numeral for the roman numeral MMMDX?,3510
What is the decimal numeral for the roman numeral MDCCLVII?,1757
What is the decimal numeral for the roman numeral MMMDCCC?,3800
What is the decimal numeral for the roman numeral MDCXCVII?,1697
What is the decimal numeral for the roman numeral MMMCDXC?,3490
What is the decimal numeral for the roman numeral MCDX?,1410
What is the decimal numeral for the roman numeral MMDCCCLXIX?,2869
What is the decimal numeral for the roman numeral MMMCDXXXVI?,3436
What is the decimal numeral for the roman numeral DCCCXC?,890
What is the decimal numeral for the roman numeral DCCCLXX?,870
What is the decimal numeral for the roman numeral CCCXCV?,395
What is the decimal numeral for the roman numeral CCXXV?,225
What is the decimal numeral for the roman numeral MDCCLXIV?,1764
What is the decimal numeral for the roman numeral MMMXLIX?,3049
What is the decimal numeral for the roman numeral MDCXXIX?,1629
What is the decimal numeral for the roman numeral MCDI?,1401
What is the decimal numeral for the roman numeral MMCCLXXXIX?,2289
What is the decimal numeral for the roman numeral MMMCCCLXVII?,3367
What is the decimal numeral for the roman numeral MCDLXII?,1462
What is the decimal numeral for the roman numeral MDCCLXXVI?,1776
What is the decimal numeral for the roman numeral MMDCCLXVIII?,2768
What is the decimal numeral for the roman numeral MMLXXXVI?,2086
What is the decimal numeral for the roman numeral MCMXVI?,1916
What is the decimal numeral for the roman numeral MCCCLXXVIII?,1378
What is the decimal numeral for the roman numeral CCCXVIII?,318
What is the decimal numeral for the roman numeral MMLXXXVIII?,2088
What is the decimal numeral for the roman numeral MMDCCCIII?,2803
What is the decimal numeral for the roman numeral CDLXII?,462
What is the decimal numeral for the roman numeral MMXXIV?,2024
What is the decimal numeral for the roman numeral MMCCCLXXXIII?,2383
What is the decimal numeral for the roman numeral MMMCXCVI?,3196
What is the decimal numeral for the roman numeral MMMXCI?,3091
What is the decimal numeral for the roman numeral MMCCCLI?,2351
What is the decimal numeral for the roman numeral MDLXXIX?,1579
What is the decimal numeral for the roman numeral CCCLX?,360
What is the decimal numeral for the roman numeral MMMDCLXIV?,3664
What is the decimal numeral for the roman numeral DLXIV?,564
What is the decimal numeral for the roman numeral MMDCCCXCII?,2892
What is the decimal numeral for the roman numeral MCCCXCII?,1392
What is the decimal numeral for the roman numeral DCCIII?,703
What is the decimal numeral for the roman numeral MCCLVII?,1257
What is the decimal numeral for the roman numeral MMCCLXIII?,2263
What is the decimal numeral for the roman numeral MDCCLXII?,1762
What is the decimal numeral for the roman numeral MXVII?,1017
What is the decimal numeral for the roman numeral MDCCCVII?,1807
What is the decimal numeral for the roman numeral MMMXLIV?,3044
What is the decimal numeral for the roman numeral MMIII?,2003
What is the decimal numeral for the roman numeral MMMIX?,3009
What is the decimal numeral for the roman numeral MMCMLXXIV?,2974
What is the decimal numeral for the roman numeral MMCDLXXIX?,2479
What is the decimal numeral for the roman numeral MMMDCCLXXXVI?,3786
What is the decimal numeral for the roman numeral MDCCCLXI?,1861
What is the decimal numeral for the roman numeral MMMDCXCVIII?,3698
What is the decimal numeral for the roman numeral CMXLVI?,946
What is the decimal numeral for the roman numeral MMMXX?,3020
What is the decimal numeral for the roman numeral DCCCXXV?,825
What is the decimal numeral for the roman numeral MMMDCLVIII?,3658
What is the decimal numeral for the roman numeral MMMDCCIV?,3704
What is the decimal numeral for the roman numeral MMMCCCXXI?,3321
What is the decimal numeral for the roman numeral MMMDCCCLV?,3855
What is the decimal numeral for the roman numeral MMLXVIII?,2068
What is the decimal numeral for the roman numeral MMDCCXXI?,2721
What is the decimal numeral for the roman numeral MMDCCCLXXV?,2875
What is the decimal numeral for the roman numeral MDCLXXVII?,1677
What is the decimal numeral for the roman numeral DCXLI?,641
What is the decimal numeral for the roman numeral MCMVI?,1906
What is the decimal numeral for the roman numeral MDCCCLXXXV?,1885
What is the decimal numeral for the roman numeral MMMCCLX?,3260
What is the decimal numeral for the roman numeral MDCXC?,1690
What is the decimal numeral for the roman numeral MMDCCXIV?,2714
What is the decimal numeral for the roman numeral MMMCMXXIII?,3923
What is the decimal numeral for the roman numeral MMMDCCXIX?,3719
What is the decimal numeral for the roman numeral MMMCDI?,3401
What is the decimal numeral for the roman numeral MMMCCCXCVII?,3397
What is the decimal numeral for the roman numeral MCC?,1200
What is the decimal numeral for the roman numeral CDLVIII?,458
What is the decimal numeral for the roman numeral MXXXIX?,1039
What is the decimal numeral for the roman numeral MCMXVII?,1917
What is the decimal numeral for the roman numeral DCLXXVII?,677
What is the decimal numeral for the roman numeral MMCMLXVIII?,2968
What is the decimal numeral for the roman numeral CCCLXV?,365
What is the decimal numeral for the roman numeral MMMCCXXI?,3221
What is the decimal numeral for the roman numeral MCXCIX?,1199
What is the decimal numeral for the roman numeral MMMDXXXIII?,3533
What is the decimal numeral for the roman numeral MMDCCLXXII?,2772
What is the decimal numeral for the roman numeral CCCXXXII?,332
What is the decimal numeral for the roman numeral MDCLXVII?,1667
What is the decimal numeral for the roman numeral MCMLXXIX?,1979
What is the decimal numeral for the roman numeral MDCCCLXXVII?,1877
What is the decimal numeral for the roman numeral MMMCLVII?,3157
What is the decimal numeral for the roman numeral MDCCCLII?,1852
What is the decimal numeral for the roman numeral MMMCMLXXIX?,3979
What is the decimal numeral for the roman numeral MDXLII?,1542
What is the decimal numeral for the roman numeral MMCMLIII?,2953
What is the decimal numeral for the roman numeral MMCDLXXXV?,2485
What is the decimal numeral for the roman numeral MDCCCI?,1801
What is the decimal numeral for the roman numeral MMMDXXXI?,3531
What is the decimal numeral for the roman numeral MMMDXC?,3590
What is the decimal numeral for the roman numeral MDXII?,1512
What is the decimal numeral for the roman numeral MMMDCXCII?,3692
What is the decimal numeral for the roman numeral MMMDCCCLVII?,3857
What is the decimal numeral for the roman numeral MCDLVIII?,1458
What is the decimal numeral for the roman numeral MMMCDX?,3410
What is the decimal numeral for the roman numeral MCDXIX?,1419
What is the decimal numeral for the roman numeral MMMDCII?,3602
What is the decimal numeral for the roman numeral DCCCXXVIII?,828
What is the decimal numeral for the roman numeral MMMDCLXIII?,3663
What is the decimal numeral for the roman numeral MDIX?,1509
What is the decimal numeral for the roman numeral MXI?,1011
What is the decimal numeral for the roman numeral MMMDLXXII?,3572
What is the decimal numeral for the roman numeral MMCCLXXI?,2271
What is the decimal numeral for the roman numeral CCXXVIII?,228
What is the decimal numeral for the roman numeral MMMCMLXVII?,3967
What is the decimal numeral for the roman numeral MMMCXCII?,3192
What is the decimal numeral for the roman numeral DCCXIX?,719
What is the decimal numeral for the roman numeral MCLXXXVIII?,1188
What is the decimal numeral for the roman numeral CDXLIX?,449
What is the decimal numeral for the roman numeral MMMCCX?,3210
What is the decimal numeral for the roman numeral MMMCDLXIX?,3469
What is the decimal numeral for the roman numeral MMMLXX?,3070
What is the decimal numeral for the roman numeral MMCDLXXIV?,2474
What is the decimal numeral for the roman numeral CCCLXVIII?,368
What is the decimal numeral for the roman numeral MMDCCCLXXVIII?,2878
What is the decimal numeral for the roman numeral MMMDCCCXLVII?,3847
What is the decimal numeral for the roman numeral MDCCLVIII?,1758
What is the decimal numeral for the roman numeral MCDXXIX?,1429
What is the decimal numeral for the roman numeral MMDCCXVIII?,2718
What is the decimal numeral for the roman numeral MMCXXXV?,2135
What is the decimal numeral for the roman numeral MCXLVII?,1147
What is the decimal numeral for the roman numeral CDLXVIII?,468
What is the decimal numeral for the roman numeral MCXCVII?,1197
What is the decimal numeral for the roman numeral DCVIII?,608
What is the decimal numeral for the roman numeral MCCLXXXV?,1285
What is the decimal numeral for the roman numeral MMMCXXIV?,3124
What is the decimal numeral for the roman numeral DCCCLXVIII?,868
What is the decimal numeral for the roman numeral MMDIII?,2503
What is the decimal numeral for the roman numeral DLIII?,553
What is the decimal numeral for the roman numeral CCCLXXXVI?,386
What is the decimal numeral for the roman numeral MMMCMLXXVI?,3976
What is the decimal numeral for the roman numeral MLXXXIX?,1089
What is the decimal numeral for the roman numeral MCDXLIX?,1449
What is the decimal numeral for the roman numeral MDCCV?,1705
What is the decimal numeral for the roman numeral MMMVII?,3007
What is the decimal numeral for the roman numeral MMDCXLVIII?,2648
What is the decimal numeral for the roman numeral DCXXXI?,631
What is the decimal numeral for the roman numeral CDIX?,409
What is the decimal numeral for the roman numeral DCCCLVIII?,858
What is the decimal numeral for the roman numeral DCCCLXI?,861
What is the decimal numeral for the roman numeral MMDXXII?,2522
What is the decimal numeral for the roman numeral CMLXXXIV?,984
What is the decimal numeral for the roman numeral MMMDCXCVII?,3697
What is the decimal numeral for the roman numeral MMMDCXLIII?,3643
What is the decimal numeral for the roman numeral MDCCXXIV?,1724
What is the decimal numeral for the roman numeral MMMDXXXVII?,3537
What is the decimal numeral for the roman numeral MMMDCCLXVI?,3766
What is the decimal numeral for the roman numeral MMMXLIII?,3043
What is the decimal numeral for the roman numeral DCXLVI?,646
What is the decimal numeral for the roman numeral MMCMXXV?,2925
What is the decimal numeral for the roman numeral MMCDXCIII?,2493
What is the decimal numeral for the roman numeral CCXC?,290
What is the decimal numeral for the roman numeral DCCXXV?,725
What is the decimal numeral for the roman numeral MMMCCXCIX?,3299
What is the decimal numeral for the roman numeral MMMDCCXLVII?,3747
What is the decimal numeral for the roman numeral MMDCCCX?,2810
What is the decimal numeral for the roman numeral MMCCXLVIII?,2248
What is the decimal numeral for the roman numeral CMLXI?,961
What is the decimal numeral for the roman numeral MDCLIX?,1659
What is the decimal numeral for the roman numeral CCCXXI?,321
What is the decimal numeral for the roman numeral MCDXIV?,1414
What is the decimal numeral for the roman numeral MCXXIV?,1124
What is the decimal numeral for the roman numeral MDCXL?,1640
What is the decimal numeral for the roman numeral MMMCMXII?,3912
What is the decimal numeral for the roman numeral MMCXXXI?,2131
What is the decimal numeral for the roman numeral MMDCCCLXV?,2865
What is the decimal numeral for the roman numeral MMMXCIV?,3094
What is the decimal numeral for the roman numeral MCCXXXV?,1235
What is the decimal numeral for the roman numeral MMCLXI?,2161
What is the decimal numeral for the roman numeral MMMCMLVI?,3956
What is the decimal numeral for the roman numeral MMMLXXX?,3080
What is the decimal numeral for the roman numeral MMLXI?,2061
What is the decimal numeral for the roman numeral MMXXX?,2030
What is the decimal numeral for the roman numeral MLXXIV?,1074
What is the decimal numeral for the roman numeral MMCCXXV?,2225
What is the decimal numeral for the roman numeral MMDCLXXX?,2680
What is the decimal numeral for the roman numeral MCCLXXXVI?,1286
What is the decimal numeral for the roman numeral MCCXLVII?,1247
What is the decimal numeral for the roman numeral MMDCCX?,2710
What is the decimal numeral for the roman numeral DXLIII?,543
What is the decimal numeral for the roman numeral MDLXXIII?,1573
What is the decimal numeral for the roman numeral MMCMXXXI?,2931
What is the decimal numeral for the roman numeral MMMCCXL?,3240
What is the decimal numeral for the roman numeral MMMDCCLXXXIV?,3784
What is the decimal numeral for the roman numeral MCLXXXVI?,1186
What is the decimal numeral for the roman numeral MMMCLXI?,3161
What is the decimal numeral for the roman numeral MDCXXXII?,1632
What is the decimal numeral for the roman numeral MCCCVI?,1306
What is the decimal numeral for the roman numeral MM?,2000
What is the decimal numeral for the roman numeral MCCCLVI?,1356
What is the decimal numeral for the roman numeral CCXVIII?,218
What is the decimal numeral for the roman numeral DCIX?,609
What is the decimal numeral for the roman numeral MCDXII?,1412
What is the decimal numeral for the roman numeral CMLXXII?,972
What is the decimal numeral for the roman numeral MMMCCCLXXVII?,3377
What is the decimal numeral for the roman numeral MCXXV?,1125
What is the decimal numeral for the roman numeral MMMCMXLV?,3945
What is the decimal numeral for the roman numeral MMCLXXXII?,2182
What is the decimal numeral for the roman numeral MMMXXVIII?,3028
What is the decimal numeral for the roman numeral MMMCCXXXVIII?,3238
What is the decimal numeral for the roman numeral MMVIII?,2008
What is the decimal numeral for the roman numeral MCCXXIV?,1224
What is the decimal numeral for the roman numeral MMDCCXI?,2711
What is the decimal numeral for the roman numeral MMCMXXXVIII?,2938
What is the decimal numeral for the roman numeral MMMDCLXXVI?,3676
What is the decimal numeral for the roman numeral MMMXXXVII?,3037
What is the decimal numeral for the roman numeral MMMDCXLVII?,3647
What is the decimal numeral for the roman numeral MMCCCLXXI?,2371
What is the decimal numeral for the roman numeral MDCCXI?,1711
What is the decimal numeral for the roman numeral MCXXVIII?,1128
What is the decimal numeral for the roman numeral MMMCMLXXIV?,3974
What is the decimal numeral for the roman numeral CMXXXVI?,936
What is the decimal numeral for the roman numeral MXXXV?,1035
What is the decimal numeral for the roman numeral MMMCIX?,3109
What is the decimal numeral for the roman numeral CDLXXVIII?,478
What is the decimal numeral for the roman numeral MMMDCXXVII?,3627
What is the decimal numeral for the roman numeral MMDCCCLV?,2855
What is the decimal numeral for the roman numeral MCCCLXXIII?,1373
What is the decimal numeral for the roman numeral MMCDXII?,2412
What is the decimal numeral for the roman numeral MMMDCCCXXXVI?,3836
What is the decimal numeral for the roman numeral MMCXXIX?,2129
What is the decimal numeral for the roman numeral CCXXXIX?,239
What is the decimal numeral for the roman numeral MXXVI?,1026
What is the decimal numeral for the roman numeral MCCCLVII?,1357
What is the decimal numeral for the roman numeral MMMCXXXVII?,3137
What is the decimal numeral for the roman numeral MMCLXXVIII?,2178
What is the decimal numeral for the roman numeral CCLXXVI?,276
What is the decimal numeral for the roman numeral MMMCC?,3200
What is the decimal numeral for the roman numeral MDCCCLVI?,1856
What is the decimal numeral for the roman numeral MDCCXL?,1740
What is the decimal numeral for the roman numeral CCCXXVII?,327
What is the decimal numeral for the roman numeral DCCI?,701
What is the decimal numeral for the roman numeral MMCCCLXXV?,2375
What is the decimal numeral for the roman numeral CCXL?,240
What is the decimal numeral for the roman numeral MMCDLXXI?,2471
What is the decimal numeral for the roman numeral MMDCCLXXXVI?,2786
What is the decimal numeral for the roman numeral MDLXXXIX?,1589
What is the decimal numeral for the roman numeral MMMCDXLII?,3442
What is the decimal numeral for the roman numeral MMMDLXV?,3565
What is the decimal numeral for the roman numeral DCCCXCI?,891
What is the decimal numeral for the roman numeral CCCLXXVI?,376
What is the decimal numeral for the roman numeral MMCDXLVI?,2446
What is the decimal numeral for the roman numeral MMDCCCXLI?,2841
What is the decimal numeral for the roman numeral MMMCDLXXXVII?,3487
What is the decimal numeral for the roman numeral CMXXI?,921
What is the decimal numeral for the roman numeral MMDCCXXXII?,2732
What is the decimal numeral for the roman numeral MMDCXLVI?,2646
What is the decimal numeral for the roman numeral DCCLVIII?,758
What is the decimal numeral for the roman numeral MMMCMXVI?,3916
What is the decimal numeral for the roman numeral CMXXXVIII?,938
What is the decimal numeral for the roman numeral MCCCLXXVI?,1376
What is the decimal numeral for the roman numeral MMMCMXXXI?,3931
What is the decimal numeral for the roman numeral DCCCLXXVIII?,878
What is the decimal numeral for the roman numeral MMCDXXIX?,2429
What is the decimal numeral for the roman numeral DCLXX?,670
What is the decimal numeral for the roman numeral MMMDCCCXXXIV?,3834
What is the decimal numeral for the roman numeral CDXXXV?,435
What is the decimal numeral for the roman numeral MDCCLXVII?,1767
What is the decimal numeral for the roman numeral MMCLXVIII?,2168
What is the decimal numeral for the roman numeral DCCXLVIII?,748
What is the decimal numeral for the roman numeral MMCCCV?,2305
What is the decimal numeral for the roman numeral MMCLIII?,2153
What is the decimal numeral for the roman numeral MMCXXVII?,2127
What is the decimal numeral for the roman numeral MMMDLXII?,3562
What is the decimal numeral for the roman numeral MCCXLVIII?,1248
What is the decimal numeral for the roman numeral DXLVIII?,548
What is the decimal numeral for the roman numeral MCCLXIV?,1264
What is the decimal numeral for the roman numeral MDCCLXXX?,1780
What is the decimal numeral for the roman numeral MMLXXVII?,2077
What is the decimal numeral for the roman numeral CMXC?,990
What is the decimal numeral for the roman numeral MMMCDXLIII?,3443
What is the decimal numeral for the roman numeral CDLX?,460
What is the decimal numeral for the roman numeral DCCCXIX?,819
What is the decimal numeral for the roman numeral MMDCCCXXX?,2830
What is the decimal numeral for the roman numeral MMDCCXXVI?,2726
What is the decimal numeral for the roman numeral MMMDCCXXVIII?,3728
What is the decimal numeral for the roman numeral MMDCLXXVII?,2677
What is the decimal numeral for the roman numeral MMDLV?,2555
What is the decimal numeral for the roman numeral MCCCXXXV?,1335
What is the decimal numeral for the roman numeral MMMXCV?,3095
What is the decimal numeral for the roman numeral MMMCCLII?,3252
What is the decimal numeral for the roman numeral CDXCVII?,497
What is the decimal numeral for the roman numeral MMMDCXI?,3611
What is the decimal numeral for the roman numeral MMMCCXXIV?,3224
What is the decimal numeral for the roman numeral MMDCCCXXI?,2821
What is the decimal numeral for the roman numeral DCCCLXXXIII?,883
What is the decimal numeral for the roman numeral MMMDCXXXII?,3632
What is the decimal numeral for the roman numeral MMMCDLXX?,3470
What is the decimal numeral for the roman numeral MMCXXXIV?,2134
What is the decimal numeral for the roman numeral MMMDLIII?,3553
What is the decimal numeral for the roman numeral MMDXXXVIII?,2538
What is the decimal numeral for the roman numeral MMCCXCIV?,2294
What is the decimal numeral for the roman numeral MMMCCLXXXVI?,3286
What is the decimal numeral for the roman numeral MMCXV?,2115
What is the decimal numeral for the roman numeral MMMDCLII?,3652
What is the decimal numeral for the roman numeral MDCXXXIII?,1633
What is the decimal numeral for the roman numeral MCCII?,1202
What is the decimal numeral for the roman numeral MMMCCCXXXIII?,3333
What is the decimal numeral for the roman numeral MMMXIX?,3019
What is the decimal numeral for the roman numeral MMCCCLXXIII?,2373
What is the decimal numeral for the roman numeral MDXVIII?,1518
What is the decimal numeral for the roman numeral MMMCCLXI?,3261
What is the decimal numeral for the roman numeral MMDCCCLIX?,2859
What is the decimal numeral for the roman numeral MMCMLIV?,2954
What is the decimal numeral for the roman numeral MMMCCXXV?,3225
What is the decimal numeral for the roman numeral MCDLXXXII?,1482
What is the decimal numeral for the roman numeral MMMCCCLXVI?,3366
What is the decimal numeral for the roman numeral MMMDLII?,3552
What is the decimal numeral for the roman numeral MMDCCLXII?,2762
What is the decimal numeral for the roman numeral MMMXVIII?,3018
What is the decimal numeral for the roman numeral MMMDCCCXL?,3840
What is the decimal numeral for the roman numeral MMMCCCXLII?,3342
What is the decimal numeral for the roman numeral DLX?,560
What is the decimal numeral for the roman numeral MMCCCXII?,2312
What is the decimal numeral for the roman numeral MMDCLXX?,2670
What is the decimal numeral for the roman numeral MCCCXXXIV?,1334
What is the decimal numeral for the roman numeral CCCIX?,309
What is the decimal numeral for the roman numeral MMMXXIII?,3023
What is the decimal numeral for the roman numeral MMMCDXLI?,3441
What is the decimal numeral for the roman numeral MCLXV?,1165
What is the decimal numeral for the roman numeral MDCCCLXXXVII?,1887
What is the decimal numeral for the roman numeral MDXLIII?,1543
What is the decimal numeral for the roman numeral MMMCLXIII?,3163
What is the decimal numeral for the roman numeral CCCXLIV?,344
What is the decimal numeral for the roman numeral DCXXII?,622
What is the decimal numeral for the roman numeral MMCMXLV?,2945
What is the decimal numeral for the roman numeral MMMDLXIII?,3563
What is the decimal numeral for the roman numeral MMDCCCLXXVI?,2876
What is the decimal numeral for the roman numeral DLXI?,561
What is the decimal numeral for the roman numeral MMCDLXXXIX?,2489
What is the decimal numeral for the roman numeral CMLXXIX?,979
What is the decimal numeral for the roman numeral CMLI?,951
What is the decimal numeral for the roman numeral MMCMXL?,2940
What is the decimal numeral for the roman numeral MMMCMLXVIII?,3968
What is the decimal numeral for the roman numeral MMDCCCLVII?,2857
What is the decimal numeral for the roman numeral MCIII?,1103
What is the decimal numeral for the roman numeral DCCLXVIII?,768
What is the decimal numeral for the roman numeral MMMDCCL?,3750
What is the decimal numeral for the roman numeral MDCCXII?,1712
What is the decimal numeral for the roman numeral DLXXXIII?,583
What is the decimal numeral for the roman numeral MMMCCCLXIV?,3364
What is the decimal numeral for the roman numeral DXLVII?,547
What is the decimal numeral for the roman numeral DCCCLXVI?,866
What is the decimal numeral for the roman numeral MDCCCVIII?,1808
What is the decimal numeral for the roman numeral MDCCL?,1750
What is the decimal numeral for the roman numeral MDLVIII?,1558
What is the decimal numeral for the roman numeral MCLXIV?,1164
What is the decimal numeral for the roman numeral DXXXIX?,539
What is the decimal numeral for the roman numeral CCXXIX?,229
What is the decimal numeral for the roman numeral MMCMIII?,2903
What is the decimal numeral for the roman numeral MCDXLVI?,1446
What is the decimal numeral for the roman numeral MCCCXXII?,1322
What is the decimal numeral for the roman numeral MMMCCXII?,3212
What is the decimal numeral for the roman numeral MDLIV?,1554
What is the decimal numeral for the roman numeral MDCCI?,1701
What is the decimal numeral for the roman numeral MMMCDXLIX?,3449
What is the decimal numeral for the roman numeral MMCCXII?,2212
What is the decimal numeral for the roman numeral MDCLXXII?,1672
What is the decimal numeral for the roman numeral MMDCCCXCV?,2895
What is the decimal numeral for the roman numeral MDCIV?,1604
What is the decimal numeral for the roman numeral MMCCXXIII?,2223
What is the decimal numeral for the roman numeral MMMXL?,3040
What is the decimal numeral for the roman numeral MMMDCL?,3650
What is the decimal numeral for the roman numeral MCDLX?,1460
What is the decimal numeral for the roman numeral DXLI?,541
What is the decimal numeral for the roman numeral MMCCXLIV?,2244
What is the decimal numeral for the roman numeral MMLXXXV?,2085
What is the decimal numeral for the roman numeral MMMCCLXXVIII?,3278
What is the decimal numeral for the roman numeral CMXLIV?,944
What is the decimal numeral for the roman numeral MMMCXLVII?,3147
What is the decimal numeral for the roman numeral DCCCLXXXVIII?,888
What is the decimal numeral for the roman numeral MMXXXI?,2031
What is the decimal numeral for the roman numeral MMCCCXXXVIII?,2338
What is the decimal numeral for the roman numeral MMLXXIX?,2079
What is the decimal numeral for the roman numeral MMCMLVIII?,2958
What is the decimal numeral for the roman numeral MMMDCLXIX?,3669
What is the decimal numeral for the roman numeral MDCCLXXIV?,1774
What is the decimal numeral for the roman numeral MMMLXVIII?,3068
What is the decimal numeral for the roman numeral MMCCXLV?,2245
What is the decimal numeral for the roman numeral MMCLXXIII?,2173
What is the decimal numeral for the roman numeral CCCXX?,320
What is the decimal numeral for the roman numeral CDII?,402
What is the decimal numeral for the roman numeral MMCCXXXIX?,2239
What is the decimal numeral for the roman numeral DCCXXII?,722
What is the decimal numeral for the roman numeral MDCXCVIII?,1698
What is the decimal numeral for the roman numeral MLXVIII?,1068
What is the decimal numeral for the roman numeral MMMCDLXXV?,3475
What is the decimal numeral for the roman numeral MCDXXXII?,1432
What is the decimal numeral for the roman numeral MMDLXXXV?,2585
What is the decimal numeral for the roman numeral MMDLVII?,2557
What is the decimal numeral for the roman numeral MMCXXVI?,2126
What is the decimal numeral for the roman numeral MDCCVI?,1706
What is the decimal numeral for the roman numeral MMDCCCXLIV?,2844
What is the decimal numeral for the roman numeral MCCCXCI?,1391
What is the decimal numeral for the roman numeral MMMDCCXII?,3712
What is the decimal numeral for the roman numeral MMCMXXXVI?,2936
What is the decimal numeral for the roman numeral MMMCCVIII?,3208
What is the decimal numeral for the roman numeral MMDCCLXIII?,2763
What is the decimal numeral for the roman numeral CCCLXXV?,375
What is the decimal numeral for the roman numeral MMDCLXXXIV?,2684
What is the decimal numeral for the roman numeral MMMXXXV?,3035
What is the decimal numeral for the roman numeral DCCCLXXIII?,873
What is the decimal numeral for the roman numeral MMCXXII?,2122
What is the decimal numeral for the roman numeral MMMDCCCLXVI?,3866
What is the decimal numeral for the roman numeral DCCCLXIII?,863
What is the decimal numeral for the roman numeral MCMLXXXV?,1985
What is the decimal numeral for the roman numeral MCDXXX?,1430
What is the decimal numeral for the roman numeral MMMDCXXXV?,3635
What is the decimal numeral for the roman numeral MMMDCCXXIII?,3723
What is the decimal numeral for the roman numeral MMCDXLVII?,2447
What is the decimal numeral for the roman numeral MMCCCLXXXIX?,2389
What is the decimal numeral for the roman numeral CCCXII?,312
What is the decimal numeral for the roman numeral MMMDCLXXXIV?,3684
What is the decimal numeral for the roman numeral CMXXIV?,924
What is the decimal numeral for the roman numeral MMMCDLXIII?,3463
What is the decimal numeral for the roman numeral CCL?,250
What is the decimal numeral for the roman numeral MVI?,1006
What is the decimal numeral for the roman numeral MMMLII?,3052
What is the decimal numeral for the roman numeral DCCLIX?,759
What is the decimal numeral for the roman numeral ML?,1050
What is the decimal numeral for the roman numeral DCLIX?,659
What is the decimal numeral for the roman numeral MCCXII?,1212
What is the decimal numeral for the roman numeral MCDXV?,1415
What is the decimal numeral for the roman numeral MMXXXIX?,2039
What is the decimal numeral for the roman numeral MMMCDLXXXIX?,3489
What is the decimal numeral for the roman numeral MCDLXXXI?,1481
What is the decimal numeral for the roman numeral MCCCXXVII?,1327
What is the decimal numeral for the roman numeral MMCIV?,2104
What is the decimal numeral for the roman numeral MDXCIII?,1593
What is the decimal numeral for the roman numeral MMCDXXIV?,2424
What is the decimal numeral for the roman numeral MMDCXXXV?,2635
What is the decimal numeral for the roman numeral CDLXXII?,472
What is the decimal numeral for the roman numeral MMDCXXXIII?,2633
What is the decimal numeral for the roman numeral MMMCMXXXIX?,3939
What is the decimal numeral for the roman numeral MMMCLXXIV?,3174
What is the decimal numeral for the roman numeral MMMDCCXLI?,3741
What is the decimal numeral for the roman numeral MMCMIX?,2909
What is the decimal numeral for the roman numeral DCCCLXXXV?,885
What is the decimal numeral for the roman numeral MCV?,1105
What is the decimal numeral for the roman numeral CCLVI?,256
What is the decimal numeral for the roman numeral MMDCCCXII?,2812
What is the decimal numeral for the roman numeral MMDCCCLXXXIV?,2884
What is the decimal numeral for the roman numeral CCCXXIX?,329
What is the decimal numeral for the roman numeral CDXCIX?,499
What is the decimal numeral for the roman numeral MCCLX?,1260
What is the decimal numeral for the roman numeral MMMCMIX?,3909
What is the decimal numeral for the roman numeral MMMCMV?,3905
What is the decimal numeral for the roman numeral MMDCCXLIV?,2744
What is the decimal numeral for the roman numeral MMMDCCXXXVII?,3737
What is the decimal numeral for the roman numeral MMCCXXXI?,2231
What is the decimal numeral for the roman numeral MMMDCCLVI?,3756
What is the decimal numeral for the roman numeral MMDXLV?,2545
What is the decimal numeral for the roman numeral CCCLXIX?,369
What is the decimal numeral for the roman numeral MCCLXI?,1261
What is the decimal numeral for the roman numeral MMCXXIV?,2124
What is the decimal numeral for the roman numeral DCLXXXI?,681
What is the decimal numeral for the roman numeral MMCCLXXXV?,2285
What is the decimal numeral for the roman numeral MCCLXVII?,1267
What is the decimal numeral for the roman numeral MDXCIX?,1599
What is the decimal numeral for the roman numeral MCCCIV?,1304
What is the decimal numeral for the roman numeral MCXVIII?,1118
What is the decimal numeral for the roman numeral MMCDXLIII?,2443
What is the decimal numeral for the roman numeral DCXLVIII?,648
What is the decimal numeral for the roman numeral DCI?,601
What is the decimal numeral for the roman numeral MCCCLXXXV?,1385
What is the decimal numeral for the roman numeral MCMXXVIII?,1928
What is the decimal numeral for the roman numeral MCMLXII?,1962
What is the decimal numeral for the roman numeral MCLXXIII?,1173
What is the decimal numeral for the roman numeral MDLXVI?,1566
What is the decimal numeral for the roman numeral MMCDLXXXIV?,2484
What is the decimal numeral for the roman numeral MMDLXV?,2565
What is the decimal numeral for the roman numeral MCLXXVIII?,1178
What is the decimal numeral for the roman numeral MMMCCV?,3205
What is the decimal numeral for the roman numeral MMCCLXXXVI?,2286
What is the decimal numeral for the roman numeral MMMLXXII?,3072
What is the decimal numeral for the roman numeral MMDCXCIV?,2694
What is the decimal numeral for the roman numeral CDXVII?,417
What is the decimal numeral for the roman numeral CCIV?,204
What is the decimal numeral for the roman numeral MMMCCCXII?,3312
What is the decimal numeral for the roman numeral MMCCLVII?,2257
What is the decimal numeral for the roman numeral MCCCLI?,1351
What is the decimal numeral for the roman numeral MMCDLXII?,2462
What is the decimal numeral for the roman numeral MMMCMVI?,3906
What is the decimal numeral for the roman numeral MCLXXIX?,1179
What is the decimal numeral for the roman numeral MMDCCLXXXI?,2781
What is the decimal numeral for the roman numeral DCCCLII?,852
What is the decimal numeral for the roman numeral MMCMXXXVII?,2937
What is the decimal numeral for the roman numeral MMMXV?,3015
What is the decimal numeral for the roman numeral MMDCCXL?,2740
What is the decimal numeral for the roman numeral MMMDLXVIII?,3568
What is the decimal numeral for the roman numeral MMCCCLXXXV?,2385
What is the decimal numeral for the roman numeral MMCXXI?,2121
What is the decimal numeral for the roman numeral CCCXCVIII?,398
What is the decimal numeral for the roman numeral CCCLXXXIX?,389
What is the decimal numeral for the roman numeral MCCXC?,1290
What is the decimal numeral for the roman numeral MCCCLXVIII?,1368
What is the decimal numeral for the roman numeral DCCLXXIII?,773
What is the decimal numeral for the roman numeral MMLXXII?,2072
What is the decimal numeral for the roman numeral MDC?,1600
What is the decimal numeral for the roman numeral MCL?,1150
What is the decimal numeral for the roman numeral MMCCXV?,2215
What is the decimal numeral for the roman numeral MDLVI?,1556
What is the decimal numeral for the roman numeral MMMCDVIII?,3408
What is the decimal numeral for the roman numeral MDCCCXCV?,1895
What is the decimal numeral for the roman numeral MCMXLVI?,1946
What is the decimal numeral for the roman numeral MMCCCLVII?,2357
What is the decimal numeral for the roman numeral MDCCXLVIII?,1748
What is the decimal numeral for the roman numeral DCXXVI?,626
What is the decimal numeral for the roman numeral MDXLIX?,1549
What is the decimal numeral for the roman numeral DCCCLXXXII?,882
What is the decimal numeral for the roman numeral MCCCLIX?,1359
What is the decimal numeral for the roman numeral MMCCXXXVI?,2236
What is the decimal numeral for the roman numeral DCLXII?,662
What is the decimal numeral for the roman numeral MMCCXXI?,2221
What is the decimal numeral for the roman numeral MMMDCCV?,3705
What is the decimal numeral for the roman numeral MCCCXXXI?,1331
What is the decimal numeral for the roman numeral MMDXLVII?,2547
What is the decimal numeral for the roman numeral MMCLXXXI?,2181
What is the decimal numeral for the roman numeral MMMDLXVII?,3567
What is the decimal numeral for the roman numeral MMMDCIV?,3604
What is the decimal numeral for the roman numeral MMMDCCCIX?,3809
What is the decimal numeral for the roman numeral MMDCXXVIII?,2628
What is the decimal numeral for the roman numeral CCXLIII?,243
What is the decimal numeral for the roman numeral CCCX?,310
What is the decimal numeral for the roman numeral DXIII?,513
What is the decimal numeral for the roman numeral MMIX?,2009
What is the decimal numeral for the roman numeral MMMDXXXVIII?,3538
What is the decimal numeral for the roman numeral MMVII?,2007
What is the decimal numeral for the roman numeral MMCMLXX?,2970
What is the decimal numeral for the roman numeral D?,500
What is the decimal numeral for the roman numeral DLXXX?,580
What is the decimal numeral for the roman numeral MCXVII?,1117
What is the decimal numeral for the roman numeral MMCMXI?,2911
What is the decimal numeral for the roman numeral DCCXXXIX?,739
What is the decimal numeral for the roman numeral MCLV?,1155
What is the decimal numeral for the roman numeral DXCVI?,596
What is the decimal numeral for the roman numeral DCCLXIV?,764
What is the decimal numeral for the roman numeral MMCDLVIII?,2458
What is the decimal numeral for the roman numeral CCLXXX?,280
What is the decimal numeral for the roman numeral MCDLIV?,1454
What is the decimal numeral for the roman numeral MCXXVI?,1126
What is the decimal numeral for the roman numeral MMCCCLIII?,2353
What is the decimal numeral for the roman numeral MMMDCCCXXXV?,3835
What is the decimal numeral for the roman numeral DCCCXXXVII?,837
What is the decimal numeral for the roman numeral MMDCCII?,2702
What is the decimal numeral for the roman numeral MMCCXLIII?,2243
What is the decimal numeral for the roman numeral MMXLV?,2045
What is the decimal numeral for the roman numeral MMCMLXXXII?,2982
What is the decimal numeral for the roman numeral CMLX?,960
What is the decimal numeral for the roman numeral MMMCCCLXXIV?,3374
What is the decimal numeral for the roman numeral CMIII?,903
What is the decimal numeral for the roman numeral MCCXV?,1215
What is the decimal numeral for the roman numeral MMCDLI?,2451
What is the decimal numeral for the roman numeral MMCMXCII?,2992
What is the decimal numeral for the roman numeral MMCMXLIII?,2943
What is the decimal numeral for the roman numeral DCCII?,702
What is the decimal numeral for the roman numeral MMCIII?,2103
What is the decimal numeral for the roman numeral MDCCCL?,1850
What is the decimal numeral for the roman numeral MCDLXXIII?,1473
What is the decimal numeral for the roman numeral MLXVI?,1066
What is the decimal numeral for the roman numeral MMMCDXLVIII?,3448
What is the decimal numeral for the roman numeral MDCXV?,1615
What is the decimal numeral for the roman numeral MMCCLXVIII?,2268
What is the decimal numeral for the roman numeral MMCCLXXXVIII?,2288
What is the decimal numeral for the roman numeral MMMXCVII?,3097
What is the decimal numeral for the roman numeral DCLIV?,654
What is the decimal numeral for the roman numeral MMDCCCIV?,2804
What is the decimal numeral for the roman numeral MCDXC?,1490
What is the decimal numeral for the roman numeral DCCXLVII?,747
What is the decimal numeral for the roman numeral MMCCCXXXVII?,2337
What is the decimal numeral for the roman numeral MDCCCIX?,1809
What is the decimal numeral for the roman numeral MMMCXV?,3115
What is the decimal numeral for the roman numeral MMDCXCIX?,2699
What is the decimal numeral for the roman numeral MMMDCLXXIII?,3673
What is the decimal numeral for the roman numeral MMMCCCLXXXV?,3385
What is the decimal numeral for the roman numeral MMCCXCVII?,2297
What is the decimal numeral for the roman numeral MMCCLIX?,2259
What is the decimal numeral for the roman numeral DCCCXXX?,830
What is the decimal numeral for the roman numeral MMCCVI?,2206
What is the decimal numeral for the roman numeral MMMDC?,3600
What is the decimal numeral for the roman numeral DV?,505
What is the decimal numeral for the roman numeral MMMCCLXXVII?,3277
What is the decimal numeral for the roman numeral MCIV?,1104
What is the decimal numeral for the roman numeral MMCCLIII?,2253
What is the decimal numeral for the roman numeral MMMCDXXI?,3421
What is the decimal numeral for the roman numeral MMMDCCCLXXXVII?,3887
What is the decimal numeral for the roman numeral CCXXVI?,226
What is the decimal numeral for the roman numeral MLXI?,1061
What is the decimal numeral for the roman numeral MMCCCXLV?,2345
What is the decimal numeral for the roman numeral MMDXXIII?,2523
What is the decimal numeral for the roman numeral MMCCLXIX?,2269
What is the decimal numeral for the roman numeral MMDCCCXXIII?,2823
What is the decimal numeral for the roman numeral DCCCLIII?,853
What is the decimal numeral for the roman numeral DCCCXXXV?,835
What is the decimal numeral for the roman numeral MVII?,1007
What is the decimal numeral for the roman numeral MMMDCCCLXXIII?,3873
What is the decimal numeral for the roman numeral MMMDCCCXXXIII?,3833
What is the decimal numeral for the roman numeral MMMCCIII?,3203
What is the decimal numeral for the roman numeral MCDXL?,1440
What is the decimal numeral for the roman numeral MCMXCII?,1992
What is the decimal numeral for the roman numeral MMMDCCLXXXVIII?,3788
What is the decimal numeral for the roman numeral MDCCXXXVIII?,1738
What is the decimal numeral for the roman numeral MMCCCVI?,2306
What is the decimal numeral for the roman numeral MMMCXXVI?,3126
What is the decimal numeral for the roman numeral MMDCCXXXIV?,2734
What is the decimal numeral for the roman numeral CCI?,201
What is the decimal numeral for the roman numeral CDLXX?,470
What is the decimal numeral for the roman numeral DCXCVII?,697
What is the decimal numeral for the roman numeral MDCCCLXV?,1865
What is the decimal numeral for the roman numeral MMCDV?,2405
What is the decimal numeral for the roman numeral MCCCXXIV?,1324
What is the decimal numeral for the roman numeral CCLXXIII?,273
What is the decimal numeral for the roman numeral CMXLII?,942
What is the decimal numeral for the roman numeral DLIX?,559
What is the decimal numeral for the roman numeral MXIX?,1019
What is the decimal numeral for the roman numeral MMDCCXVII?,2717
What is the decimal numeral for the roman numeral MMMCXI?,3111
What is the decimal numeral for the roman numeral MMMCCXXXVI?,3236
What is the decimal numeral for the roman numeral MMMDCCXLVIII?,3748
What is the decimal numeral for the roman numeral MMDCCLXXXVIII?,2788
What is the decimal numeral for the roman numeral CMIV?,904
What is the decimal numeral for the roman numeral DCCXV?,715
What is the decimal numeral for the roman numeral MMMCMXCVI?,3996
What is the decimal numeral for the roman numeral DCCXVII?,717
What is the decimal numeral for the roman numeral MMDCCCXXXI?,2831
What is the decimal numeral for the roman numeral MMCMLXIX?,2969
What is the decimal numeral for the roman numeral MMMXCVIII?,3098
What is the decimal numeral for the roman numeral DCCCLXXXIV?,884
What is the decimal numeral for the roman numeral MMMCMLXXXIV?,3984
What is the decimal numeral for the roman numeral MMMCMLXX?,3970
What is the decimal numeral for the roman numeral MMDCCCLX?,2860
What is the decimal numeral for the roman numeral MMDCI?,2601
What is the decimal numeral for the roman numeral MMDLXXXVII?,2587
What is the decimal numeral for the roman numeral MMMCCI?,3201
What is the decimal numeral for the roman numeral MCLXI?,1161
What is the decimal numeral for the roman numeral MCCCLXVI?,1366
What is the decimal numeral for the roman numeral MMMDCCXXI?,3721
What is the decimal numeral for the roman numeral MCCCXVIII?,1318
What is the decimal numeral for the roman numeral CMX?,910
What is the decimal numeral for the roman numeral DLXXVI?,576
What is the decimal numeral for the roman numeral CCCL?,350
What is the decimal numeral for the roman numeral CMXLV?,945
What is the decimal numeral for the roman numeral CCCXI?,311
What is the decimal numeral for the roman numeral MMMCL?,3150
What is the decimal numeral for the roman numeral MX?,1010
What is the decimal numeral for the roman numeral MMMDCCXL?,3740
What is the decimal numeral for the roman numeral MCDVII?,1407
What is the decimal numeral for the roman numeral MMCCX?,2210
What is the decimal numeral for the roman numeral MMMCLXXXIII?,3183
What is the decimal numeral for the roman numeral MMMDCCCXXII?,3822
What is the decimal numeral for the roman numeral MMMLXV?,3065
What is the decimal numeral for the roman numeral MDCCCLXXXVIII?,1888
What is the decimal numeral for the roman numeral MMXXXIII?,2033
What is the decimal numeral for the roman numeral MMMDCVIII?,3608
What is the decimal numeral for the roman numeral MMLII?,2052
What is the decimal numeral for the roman numeral MCLXX?,1170
What is the decimal numeral for the roman numeral CMXXXII?,932
What is the decimal numeral for the roman numeral MMMDCCXLIV?,3744
What is the decimal numeral for the roman numeral MMDCCXXXIII?,2733
What is the decimal numeral for the roman numeral DCLXV?,665
What is the decimal numeral for the roman numeral MCXXXVI?,1136
What is the decimal numeral for the roman numeral MXXXIV?,1034
What is the decimal numeral for the roman numeral DCCXCVII?,797
What is the decimal numeral for the roman numeral MMCL?,2150
What is the decimal numeral for the roman numeral MXCVII?,1097
What is the decimal numeral for the roman numeral CDXLII?,442
What is the decimal numeral for the roman numeral MMDLXVIII?,2568
What is the decimal numeral for the roman numeral MMMLXVI?,3066
What is the decimal numeral for the roman numeral MMMDCCCXXI?,3821
What is the decimal numeral for the roman numeral MMDCCXLII?,2742
What is the decimal numeral for the roman numeral MMMLXXXV?,3085
What is the decimal numeral for the roman numeral MMCMXLII?,2942
What is the decimal numeral for the roman numeral MMDXXIV?,2524
What is the decimal numeral for the roman numeral MMMCCCVII?,3307
What is the decimal numeral for the roman numeral CDXXIV?,424
What is the decimal numeral for the roman numeral MMCCXLI?,2241
What is the decimal numeral for the roman numeral MMCDLXXVII?,2477
What is the decimal numeral for the roman numeral DXLVI?,546
What is the decimal numeral for the roman numeral MDV?,1505
What is the decimal numeral for the roman numeral CCCLVII?,357
What is the decimal numeral for the roman numeral DLXX?,570
What is the decimal numeral for the roman numeral MMCCXCI?,2291
What is the decimal numeral for the roman numeral DCCLXXXVIII?,788
What is the decimal numeral for the roman numeral MMMCXIV?,3114
What is the decimal numeral for the roman numeral CCCLII?,352
What is the decimal numeral for the roman numeral MMMCCXXIII?,3223
What is the decimal numeral for the roman numeral DCCCXVI?,816
What is the decimal numeral for the roman numeral MCCXLIX?,1249
What is the decimal numeral for the roman numeral MCDLXXVIII?,1478
What is the decimal numeral for the roman numeral MDCXI?,1611
What is the decimal numeral for the roman numeral MMXI?,2011
What is the decimal numeral for the roman numeral MMMCCXXVII?,3227
What is the decimal numeral for the roman numeral MMCDXCII?,2492
What is the decimal numeral for the roman numeral MMMII?,3002
What is the decimal numeral for the roman numeral DCCLXXX?,780
What is the decimal numeral for the roman numeral DCCCXIV?,814
What is the decimal numeral for the roman numeral CCCLXXXV?,385
What is the decimal numeral for the roman numeral MCMLXIII?,1963
What is the decimal numeral for the roman numeral MMDCCLXXXIV?,2784
What is the decimal numeral for the roman numeral MMMDCCXXXIII?,3733
What is the decimal numeral for the roman numeral MDLXIX?,1569
What is the decimal numeral for the roman numeral MMDCCCLXXII?,2872
What is the decimal numeral for the roman numeral DXCI?,591
What is the decimal numeral for the roman numeral MMCDXLIX?,2449
What is the decimal numeral for the roman numeral MDCXCI?,1691
What is the decimal numeral for the roman numeral MMMLXXXVII?,3087
What is the decimal numeral for the roman numeral MMCCCXXIX?,2329
What is the decimal numeral for the roman numeral MMMDCCCLX?,3860
What is the decimal numeral for the roman numeral MMMDCCCXLIX?,3849
What is the decimal numeral for the roman numeral MMCMLXVI?,2966
What is the decimal numeral for the roman numeral CCLXI?,261
What is the decimal numeral for the roman numeral MMXIX?,2019
What is the decimal numeral for the roman numeral MMDXC?,2590
What is the decimal numeral for the roman numeral MMMCCXI?,3211
What is the decimal numeral for the roman numeral MDCCLX?,1760
What is the decimal numeral for the roman numeral CMLV?,955
What is the decimal numeral for the roman numeral CMXXXI?,931
What is the decimal numeral for the roman numeral MCMLXXI?,1971
What is the decimal numeral for the roman numeral MMMCXXXV?,3135
What is the decimal numeral for the roman numeral MMMCDLXI?,3461
What is the decimal numeral for the roman numeral MMCCII?,2202
What is the decimal numeral for the roman numeral MCMLXXXIV?,1984
What is the decimal numeral for the roman numeral CDLXIX?,469
What is the decimal numeral for the roman numeral DCCIV?,704
What is the decimal numeral for the roman numeral MMDCXLIII?,2643
What is the decimal numeral for the roman numeral MMCVII?,2107
What is the decimal numeral for the roman numeral CCCXC?,390
What is the decimal numeral for the roman numeral MCCXIII?,1213
What is the decimal numeral for the roman numeral MMDCCXIII?,2713
What is the decimal numeral for the roman numeral DCCCXV?,815
What is the decimal numeral for the roman numeral DCCCLXXXI?,881
What is the decimal numeral for the roman numeral MMDCCCXXIX?,2829
What is the decimal numeral for the roman numeral MLXV?,1065
What is the decimal numeral for the roman numeral DXXXVII?,537
What is the decimal numeral for the roman numeral MMCDXCVIII?,2498
What is the decimal numeral for the roman numeral MCDXXXVI?,1436
What is the decimal numeral for the roman numeral MMMCXVII?,3117
What is the decimal numeral for the roman numeral MCCCXXXII?,1332
What is the decimal numeral for the roman numeral MMCCCLXVI?,2366
What is the decimal numeral for the roman numeral MMMCMLXXXVII?,3987
What is the decimal numeral for the roman numeral MMMCLXXXII?,3182
What is the decimal numeral for the roman numeral MMMDCCCLXXIX?,3879
What is the decimal numeral for the roman numeral MCCXCIX?,1299
What is the decimal numeral for the roman numeral DCLXXXIX?,689
What is the decimal numeral for the roman numeral MDCCCXXXVIII?,1838
What is the decimal numeral for the roman numeral MCCLXXXVIII?,1288
What is the decimal numeral for the roman numeral MMMXXXVIII?,3038
What is the decimal numeral for the roman numeral MDCCXCIV?,1794
What is the decimal numeral for the roman numeral MMMCMXX?,3920
What is the decimal numeral for the roman numeral MCCXLV?,1245
What is the decimal numeral for the roman numeral MDCCCLXXXIII?,1883
What is the decimal numeral for the roman numeral MMDCCCII?,2802
What is the decimal numeral for the roman numeral CMXXXIII?,933
What is the decimal numeral for the roman numeral MCCXXXII?,1232
What is the decimal numeral for the roman numeral DCCLXXXII?,782
What is the decimal numeral for the roman numeral MDCCCLXVIII?,1868
What is the decimal numeral for the roman numeral MCCXXIX?,1229
What is the decimal numeral for the roman numeral MMMDXLVIII?,3548
What is the decimal numeral for the roman numeral CCCXXII?,322
What is the decimal numeral for the roman numeral MMCDXXI?,2421
What is the decimal numeral for the roman numeral MMCCXX?,2220
What is the decimal numeral for the roman numeral MMMCCCXXXIX?,3339
What is the decimal numeral for the roman numeral MMCCXXXV?,2235
What is the decimal numeral for the roman numeral MMCCIII?,2203
What is the decimal numeral for the roman numeral MMLXIII?,2063
What is the decimal numeral for the roman numeral MMMDCVII?,3607
What is the decimal numeral for the roman numeral CCXVII?,217
What is the decimal numeral for the roman numeral MCCCXLV?,1345
What is the decimal numeral for the roman numeral MDCCCLXXI?,1871
What is the decimal numeral for the roman numeral MCDXXXVIII?,1438
What is the decimal numeral for the roman numeral MDXCVIII?,1598
What is the decimal numeral for the roman numeral MDCCXXV?,1725
What is the decimal numeral for the roman numeral MMMDXLIX?,3549
What is the decimal numeral for the roman numeral DCXLV?,645
What is the decimal numeral for the roman numeral MMMCXLIII?,3143
What is the decimal numeral for the roman numeral MMMCMXCII?,3992
What is the decimal numeral for the roman numeral MCCXXVIII?,1228
What is the decimal numeral for the roman numeral MMMXLII?,3042
What is the decimal numeral for the roman numeral DCCCLXXX?,880
What is the decimal numeral for the roman numeral MMMDLXXIX?,3579
What is the decimal numeral for the roman numeral DXXIII?,523
What is the decimal numeral for the roman numeral MMCDIV?,2404
What is the decimal numeral for the roman numeral CDXCIV?,494
What is the decimal numeral for the roman numeral MMCXLI?,2141
What is the decimal numeral for the roman numeral MMMCM?,3900
What is the decimal numeral for the roman numeral CDXL?,440
What is the decimal numeral for the roman numeral DCCVIII?,708
What is the decimal numeral for the roman numeral MMCCLXXIII?,2273
What is the decimal numeral for the roman numeral MMDCXC?,2690
What is the decimal numeral for the roman numeral MDLXXXIV?,1584
What is the decimal numeral for the roman numeral MMMCMXV?,3915
What is the decimal numeral for the roman numeral MCLXIII?,1163
What is the decimal numeral for the roman numeral MMCCCXCIII?,2393
What is the decimal numeral for the roman numeral MMMLXIX?,3069
What is the decimal numeral for the roman numeral MMMCLXII?,3162
What is the decimal numeral for the roman numeral MCDIII?,1403
What is the decimal numeral for the roman numeral DXVIII?,518
What is the decimal numeral for the roman numeral DLXXV?,575
What is the decimal numeral for the roman numeral MMMCCLXXIX?,3279
What is the decimal numeral for the roman numeral MCXXX?,1130
What is the decimal numeral for the roman numeral MMDCXXVI?,2626
What is the decimal numeral for the roman numeral MLXXIX?,1079
What is the decimal numeral for the roman numeral MCDXLI?,1441
What is the decimal numeral for the roman numeral CMXXIX?,929
What is the decimal numeral for the roman numeral CDXCVIII?,498
What is the decimal numeral for the roman numeral CCCLXXVII?,377
What is the decimal numeral for the roman numeral MMDCCCXVIII?,2818
What is the decimal numeral for the roman numeral MMDLXXXVIII?,2588
What is the decimal numeral for the roman numeral MDCXCIX?,1699
What is the decimal numeral for the roman numeral MDXXIV?,1524
What is the decimal numeral for the roman numeral MDCCCXXXVII?,1837
What is the decimal numeral for the roman numeral MMDLXXXIX?,2589
What is the decimal numeral for the roman numeral MCDXLV?,1445
What is the decimal numeral for the roman numeral MDCCXXIX?,1729
What is the decimal numeral for the roman numeral MDCCCXIII?,1813
What is the decimal numeral for the roman numeral MDCCCXI?,1811
What is the decimal numeral for the roman numeral MCCLIX?,1259
What is the decimal numeral for the roman numeral DCCCLXIX?,869
What is the decimal numeral for the roman numeral MMMDCXXXIV?,3634
What is the decimal numeral for the roman numeral MMMCCVII?,3207
What is the decimal numeral for the roman numeral MMCMXXXII?,2932
What is the decimal numeral for the roman numeral MDCLXXVIII?,1678
What is the decimal numeral for the roman numeral DCCCLXXIV?,874
What is the decimal numeral for the roman numeral MCXXXIV?,1134
What is the decimal numeral for the roman numeral MMMDCCLXXIII?,3773
What is the decimal numeral for the roman numeral MMMCXCIV?,3194
What is the decimal numeral for the roman numeral MMCMXXVIII?,2928
What is the decimal numeral for the roman numeral CCXXIV?,224
What is the decimal numeral for the roman numeral CCCXIX?,319
What is the decimal numeral for the roman numeral DCCLXX?,770
What is the decimal numeral for the roman numeral MMMCCC?,3300
What is the decimal numeral for the roman numeral MMDCXLVII?,2647
What is the decimal numeral for the roman numeral CMVI?,906
What is the decimal numeral for the roman numeral MDCCCXXIX?,1829
What is the decimal numeral for the roman numeral CCCLXXXVIII?,388
What is the decimal numeral for the roman numeral MMMDCCLX?,3760
What is the decimal numeral for the roman numeral MMCCXXXIV?,2234
What is the decimal numeral for the roman numeral DCXLIX?,649
What is the decimal numeral for the roman numeral DLXXXVI?,586
What is the decimal numeral for the roman numeral CDLIX?,459
What is the decimal numeral for the roman numeral DCCLXXXI?,781
What is the decimal numeral for the roman numeral MMDV?,2505
What is the decimal numeral for the roman numeral MCCXL?,1240
What is the decimal numeral for the roman numeral MMMLXXXIII?,3083
What is the decimal numeral for the roman numeral CMXIII?,913
What is the decimal numeral for the roman numeral DCXCIV?,694
What is the decimal numeral for the roman numeral MMCCXL?,2240
What is the decimal numeral for the roman numeral MMMCMXCV?,3995
What is the decimal numeral for the roman numeral MMMDCLXXX?,3680
What is the decimal numeral for the roman numeral MCMLXVIII?,1968
What is the decimal numeral for the roman numeral MMDXCIV?,2594
What is the decimal numeral for the roman numeral MMMDCCXLV?,3745
What is the decimal numeral for the roman numeral MCCCXVI?,1316
What is the decimal numeral for the roman numeral MDCXXV?,1625
What is the decimal numeral for the roman numeral MCXLIX?,1149
What is the decimal numeral for the roman numeral MMCCLV?,2255
What is the decimal numeral for the roman numeral MDCLXXXIX?,1689
What is the decimal numeral for the roman numeral MDCXXX?,1630
What is the decimal numeral for the roman numeral MMMDXCI?,3591
What is the decimal numeral for the roman numeral MMMCMLXXVIII?,3978
What is the decimal numeral for the roman numeral DCXXXIV?,634
What is the decimal numeral for the roman numeral MMDXIII?,2513
What is the decimal numeral for the roman numeral MCCXXXIV?,1234
What is the decimal numeral for the roman numeral DXXXI?,531
What is the decimal numeral for the roman numeral MMMCCCV?,3305
What is the decimal numeral for the roman numeral MMC?,2100
What is the decimal numeral for the roman numeral DXVII?,517
What is the decimal numeral for the roman numeral MDCCCXLVIII?,1848
What is the decimal numeral for the roman numeral MMDCXCII?,2692
What is the decimal numeral for the roman numeral MCMLXXXVIII?,1988
What is the decimal numeral for the roman numeral MMMDCCCXVII?,3817
What is the decimal numeral for the roman numeral MMCXI?,2111
What is the decimal numeral for the roman numeral MMCDX?,2410
What is the decimal numeral for the roman numeral DVIII?,508
What is the decimal numeral for the roman numeral CCXXXVIII?,238
What is the decimal numeral for the roman numeral DLVIII?,558
What is the decimal numeral for the roman numeral CDXVIII?,418
What is the decimal numeral for the roman numeral MMXCII?,2092
What is the decimal numeral for the roman numeral DCCCXCVIII?,898
What is the decimal numeral for the roman numeral MMMDCLXXXVI?,3686
What is the decimal numeral for the roman numeral MMMCCCXCIII?,3393
What is the decimal numeral for the roman numeral DLXXIV?,574
What is the decimal numeral for the roman numeral MMMCMLI?,3951
What is the decimal numeral for the roman numeral MXC?,1090
What is the decimal numeral for the roman numeral MMMCMXXXVI?,3936
What is the decimal numeral for the roman numeral MMMDCCCXCI?,3891
What is the decimal numeral for the roman numeral MMDCLVII?,2657
What is the decimal numeral for the roman numeral MCMXXI?,1921
What is the decimal numeral for the roman numeral MCDII?,1402
What is the decimal numeral for the roman numeral MDCCLXXXVI?,1786
What is the decimal numeral for the roman numeral MMCDXXVII?,2427
What is the decimal numeral for the roman numeral MDCCCLXXIV?,1874
What is the decimal numeral for the roman numeral MCCCXXXVIII?,1338
What is the decimal numeral for the roman numeral MMMDCXII?,3612
What is the decimal numeral for the roman numeral MMCCXCV?,2295
What is the decimal numeral for the roman numeral MMMDCX?,3610
What is the decimal numeral for the roman numeral CMLIII?,953
What is the decimal numeral for the roman numeral MMMCXCIII?,3193
What is the decimal numeral for the roman numeral MCXCIII?,1193
What is the decimal numeral for the roman numeral MDCCLIX?,1759
What is the decimal numeral for the roman numeral MMCXIII?,2113
What is the decimal numeral for the roman numeral DCCLXXII?,772
What is the decimal numeral for the roman numeral MMMCMLXXI?,3971
What is the decimal numeral for the roman numeral MMCMXXI?,2921
What is the decimal numeral for the roman numeral MMCCXXXII?,2232
What is the decimal numeral for the roman numeral MMCCVIII?,2208
What is the decimal numeral for the roman numeral MMDCXI?,2611
What is the decimal numeral for the roman numeral MMCDLXXII?,2472
What is the decimal numeral for the roman numeral DXXXIII?,533
What is the decimal numeral for the roman numeral MMDCXVIII?,2618
What is the decimal numeral for the roman numeral MMMCMXLIV?,3944
What is the decimal numeral for the roman numeral MMCDLXXVIII?,2478
What is the decimal numeral for the roman numeral MDXXX?,1530
What is the decimal numeral for the roman numeral MMCCCIX?,2309
What is the decimal numeral for the roman numeral MMMDCCCLXXII?,3872
What is the decimal numeral for the roman numeral MCXII?,1112
What is the decimal numeral for the roman numeral CMXI?,911
What is the decimal numeral for the roman numeral MDCCCLVIII?,1858
What is the decimal numeral for the roman numeral DCLXIV?,664
What is the decimal numeral for the roman numeral MMMCCCXXXII?,3332
What is the decimal numeral for the roman numeral MCCCXCVIII?,1398
What is the decimal numeral for the roman numeral MDLVII?,1557
What is the decimal numeral for the roman numeral MMMDLXXXV?,3585
What is the decimal numeral for the roman numeral MMMDXLIV?,3544
What is the decimal numeral for the roman numeral MDCCCXXXIX?,1839
What is the decimal numeral for the roman numeral MMMXLV?,3045
What is the decimal numeral for the roman numeral MMMCMXLVI?,3946
What is the decimal numeral for the roman numeral MMDLXXIV?,2574
What is the decimal numeral for the roman numeral MCCCLXXXIX?,1389
What is the decimal numeral for the roman numeral MMMCCXCVI?,3296
What is the decimal numeral for the roman numeral MMDCCL?,2750
What is the decimal numeral for the roman numeral MMDCLIV?,2654
What is the decimal numeral for the roman numeral MMMDCCLIV?,3754
What is the decimal numeral for the roman numeral MMLXIX?,2069
What is the decimal numeral for the roman numeral MMDCCLXIV?,2764
What is the decimal numeral for the roman numeral MXXI?,1021
What is the decimal numeral for the roman numeral MXXVII?,1027
What is the decimal numeral for the roman numeral MMMDCCCXII?,3812
What is the decimal numeral for the roman numeral MMMDCCXLII?,3742
What is the decimal numeral for the roman numeral MMMCCXCVIII?,3298
What is the decimal numeral for the roman numeral DCLXXV?,675
What is the decimal numeral for the roman numeral MMCXIX?,2119
What is the decimal numeral for the roman numeral MMMCCXLIX?,3249
What is the decimal numeral for the roman numeral MMMCCCXXVIII?,3328
What is the decimal numeral for the roman numeral MDCCLXXXVII?,1787
What is the decimal numeral for the roman numeral MMMCMXLIX?,3949
What is the decimal numeral for the roman numeral MMMCXIII?,3113
What is the decimal numeral for the roman numeral MMDCCCXI?,2811
What is the decimal numeral for the roman numeral CDLXXI?,471
What is the decimal numeral for the roman numeral MDLXXX?,1580
What is the decimal numeral for the roman numeral MDCIII?,1603
What is the decimal numeral for the roman numeral MMMDCCCLXXIV?,3874
What is the decimal numeral for the roman numeral CDXVI?,416
What is the decimal numeral for the roman numeral MMMCII?,3102
What is the decimal numeral for the roman numeral MMMDCCLXXXI?,3781
What is the decimal numeral for the roman numeral MMMDCCCLXXXVI?,3886
What is the decimal numeral for the roman numeral DCCXXIX?,729
What is the decimal numeral for the roman numeral MMCMLX?,2960
What is the decimal numeral for the roman numeral MMMCDXXVI?,3426
What is the decimal numeral for the roman numeral MXV?,1015
What is the decimal numeral for the roman numeral MMCCCXXIII?,2323
What is the decimal numeral for the roman numeral MMCDXXXV?,2435
What is the decimal numeral for the roman numeral MCDXXIV?,1424
What is the decimal numeral for the roman numeral MMMCCCXXXVIII?,3338
What is the decimal numeral for the roman numeral DLXXXII?,582
What is the decimal numeral for the roman numeral CDXXV?,425
What is the decimal numeral for the roman numeral MCCCLXXXIII?,1383
What is the decimal numeral for the roman numeral MMDCCCLXXXIII?,2883
What is the decimal numeral for the roman numeral MDCCCXXX?,1830
What is the decimal numeral for the roman numeral MDLXVII?,1567
What is the decimal numeral for the roman numeral DCCCLVI?,856
What is the decimal numeral for the roman numeral MDCCXXXV?,1735
What is the decimal numeral for the roman numeral MMMLXXIX?,3079
What is the decimal numeral for the roman numeral MMMCDLVII?,3457
What is the decimal numeral for the roman numeral MMDCCXXXIX?,2739
What is the decimal numeral for the roman numeral CMXXX?,930
What is the decimal numeral for the roman numeral MCCXLII?,1242
What is the decimal numeral for the roman numeral CMLVII?,957
What is the decimal numeral for the roman numeral MMCCLXVII?,2267
What is the decimal numeral for the roman numeral MXLI?,1041
What is the decimal numeral for the roman numeral MMMCMLXXXI?,3981
What is the decimal numeral for the roman numeral CMLXXVII?,977
What is the decimal numeral for the roman numeral MMMCDLXXVI?,3476
What is the decimal numeral for the roman numeral MMDCCLVII?,2757
What is the decimal numeral for the roman numeral MMXXXVI?,2036
What is the decimal numeral for the roman numeral MMLXXIII?,2073
What is the decimal numeral for the roman numeral MDXLI?,1541
What is the decimal numeral for the roman numeral MMCDLV?,2455
What is the decimal numeral for the roman numeral CCCLXI?,361
What is the decimal numeral for the roman numeral MMMCCLXXIII?,3273
What is the decimal numeral for the roman numeral MMMDCCCLXX?,3870
What is the decimal numeral for the roman numeral DCCLXXXVII?,787
What is the decimal numeral for the roman numeral MCDLXXX?,1480
What is the decimal numeral for the roman numeral MMMDCLXXIV?,3674
What is the decimal numeral for the roman numeral CDXXXI?,431
What is the decimal numeral for the roman numeral MMMDLXIV?,3564
What is the decimal numeral for the roman numeral MDCCCLXXVIII?,1878
What is the decimal numeral for the roman numeral MMDCCLVIII?,2758
What is the decimal numeral for the roman numeral MMCCXIV?,2214
What is the decimal numeral for the roman numeral MMDCCCXLII?,2842
What is the decimal numeral for the roman numeral MCCCXCIX?,1399
What is the decimal numeral for the roman numeral MMLXXXI?,2081
What is the decimal numeral for the roman numeral MMMDCXLVIII?,3648
What is the decimal numeral for the roman numeral CMLVI?,956
What is the decimal numeral for the roman numeral DCCLI?,751
What is the decimal numeral for the roman numeral DCCCLXV?,865
What is the decimal numeral for the roman numeral MCCCXXVIII?,1328
What is the decimal numeral for the roman numeral MMMDCCLV?,3755
What is the decimal numeral for the roman numeral MMMDCCXXIX?,3729
What is the decimal numeral for the roman numeral MMMCCXXXVII?,3237
What is the decimal numeral for the roman numeral MMDXLIII?,2543
What is the decimal numeral for the roman numeral MCDLXXVII?,1477
What is the decimal numeral for the roman numeral MMMXLVIII?,3048
What is the decimal numeral for the roman numeral CDLXXVI?,476
What is the decimal numeral for the roman numeral MMDCLIII?,2653
What is the decimal numeral for the roman numeral CMLXII?,962
What is the decimal numeral for the roman numeral DCCXXX?,730
What is the decimal numeral for the roman numeral CDVII?,407
What is the decimal numeral for the roman numeral CCCXVII?,317
What is the decimal numeral for the roman numeral MDCCCLXXII?,1872
What is the decimal numeral for the roman numeral MMMDCCXVIII?,3718
What is the decimal numeral for the roman numeral MMCMLXII?,2962
What is the decimal numeral for the roman numeral MCCCLIII?,1353
What is the decimal numeral for the roman numeral MMMDCXVII?,3617
What is the decimal numeral for the roman numeral MMMCMLXXXIX?,3989
What is the decimal numeral for the roman numeral MCCIX?,1209
What is the decimal numeral for the roman numeral MDLXXI?,1571
What is the decimal numeral for the roman numeral MDCVI?,1606
What is the decimal numeral for the roman numeral MLI?,1051
What is the decimal numeral for the roman numeral CCCXL?,340
What is the decimal numeral for the roman numeral MMMDCCLXXII?,3772
What is the decimal numeral for the roman numeral MMCMLXXXIV?,2984
What is the decimal numeral for the roman numeral MMDCCXXXVI?,2736
What is the decimal numeral for the roman numeral MDCCC?,1800
What is the decimal numeral for the roman numeral MMMDIX?,3509
What is the decimal numeral for the roman numeral MMCMLXV?,2965
What is the decimal numeral for the roman numeral DCCLII?,752
What is the decimal numeral for the roman numeral CML?,950
What is the decimal numeral for the roman numeral CDVI?,406
What is the decimal numeral for the roman numeral DCCXIII?,713
What is the decimal numeral for the roman numeral DCLXXXVIII?,688
What is the decimal numeral for the roman numeral MMMXI?,3011
What is the decimal numeral for the roman numeral MMCDLVI?,2456
What is the decimal numeral for the roman numeral MMDLXXXVI?,2586
What is the decimal numeral for the roman numeral MCLVIII?,1158
What is the decimal numeral for the roman numeral MMMDCCCXLII?,3842
What is the decimal numeral for the roman numeral MMDXXXVII?,2537
What is the decimal numeral for the roman numeral MMDXLVI?,2546
What is the decimal numeral for the roman numeral DCXXXIII?,633
What is the decimal numeral for the roman numeral CCXX?,220
What is the decimal numeral for the roman numeral MCDLXI?,1461
What is the decimal numeral for the roman numeral MCMIII?,1903
What is the decimal numeral for the roman numeral MCMLXVI?,1966
What is the decimal numeral for the roman numeral MMXLIX?,2049
What is the decimal numeral for the roman numeral MDLXXXI?,1581
What is the decimal numeral for the roman numeral CCCLXVI?,366
What is the decimal numeral for the roman numeral CDXCIII?,493
What is the decimal numeral for the roman numeral DCV?,605
What is the decimal numeral for the roman numeral MMMCDXXVIII?,3428
What is the decimal numeral for the roman numeral MCMXXVII?,1927
What is the decimal numeral for the roman numeral MMCMLXXXI?,2981
What is the decimal numeral for the roman numeral MMCDLII?,2452
What is the decimal numeral for the roman numeral DCXLVII?,647
What is the decimal numeral for the roman numeral MCCLXXV?,1275
What is the decimal numeral for the roman numeral MMMCDXCIX?,3499
What is the decimal numeral for the roman numeral MDCCXXIII?,1723
What is the decimal numeral for the roman numeral MMMCLXVI?,3166
What is the decimal numeral for the roman numeral MMMCCCXC?,3390
What is the decimal numeral for the roman numeral MCCCXXIX?,1329
What is the decimal numeral for the roman numeral MCCLI?,1251
What is the decimal numeral for the roman numeral DCCCXXXIV?,834
What is the decimal numeral for the roman numeral MMMDCXXVI?,3626
What is the decimal numeral for the roman numeral MDCCCXLIV?,1844
What is the decimal numeral for the roman numeral MMDXXXV?,2535
What is the decimal numeral for the roman numeral MCDIV?,1404
What is the decimal numeral for the roman numeral MMMDCCVII?,3707
What is the decimal numeral for the roman numeral MMMCLII?,3152
What is the decimal numeral for the roman numeral DCCXC?,790
What is the decimal numeral for the roman numeral MCMXIV?,1914
What is the decimal numeral for the roman numeral MCCXXVI?,1226
What is the decimal numeral for the roman numeral MCMXXVI?,1926
What is the decimal numeral for the roman numeral MMCCCLXXXVI?,2386
What is the decimal numeral for the roman numeral MDCCXIX?,1719
What is the decimal numeral for the roman numeral MMMCCCXV?,3315
What is the decimal numeral for the roman numeral MDCCCXCII?,1892
What is the decimal numeral for the roman numeral MMLXVI?,2066
What is the decimal numeral for the roman numeral MMMCDLXXII?,3472
What is the decimal numeral for the roman numeral MMMDXXXIV?,3534
What is the decimal numeral for the roman numeral MMDCCLXXXIX?,2789
What is the decimal numeral for the roman numeral MXX?,1020
What is the decimal numeral for the roman numeral MCMIX?,1909
What is the decimal numeral for the roman numeral MMCDLXXXVI?,2486
What is the decimal numeral for the roman numeral MMDCL?,2650
What is the decimal numeral for the roman numeral MCMXLII?,1942
What is the decimal numeral for the roman numeral MMDCCXXXVIII?,2738
What is the decimal numeral for the roman numeral MMMDCXIX?,3619
What is the decimal numeral for the roman numeral MDLXXXIII?,1583
What is the decimal numeral for the roman numeral CCCXXXIII?,333
What is the decimal numeral for the roman numeral MMMDCCXCV?,3795
What is the decimal numeral for the roman numeral CDLXXXII?,482
What is the decimal numeral for the roman numeral MLXVII?,1067
What is the decimal numeral for the roman numeral MCXV?,1115
What is the decimal numeral for the roman numeral CDXLIV?,444
What is the decimal numeral for the roman numeral CMLXXXV?,985
What is the decimal numeral for the roman numeral CCCXXIII?,323
What is the decimal numeral for the roman numeral MMMDCCCXCII?,3892
What is the decimal numeral for the roman numeral DCXXV?,625
What is the decimal numeral for the roman numeral DCXXXVIII?,638
What is the decimal numeral for the roman numeral DCCCXXXI?,831
What is the decimal numeral for the roman numeral MMMCLXXXV?,3185
What is the decimal numeral for the roman numeral MCMVIII?,1908
What is the decimal numeral for the roman numeral MMLVI?,2056
What is the decimal numeral for the roman numeral MDCLXIX?,1669
What is the decimal numeral for the roman numeral MMMCCXXVI?,3226
What is the decimal numeral for the roman numeral MMMCCCX?,3310
What is the decimal numeral for the roman numeral DCCCI?,801
What is the decimal numeral for the roman numeral MMMCDXXXIV?,3434
What is the decimal numeral for the roman numeral MMCCLXV?,2265
What is the decimal numeral for the roman numeral MMMDXCVI?,3596
What is the decimal numeral for the roman numeral MDCLXXXVIII?,1688
What is the decimal numeral for the roman numeral DXCIII?,593
What is the decimal numeral for the roman numeral MDCXIX?,1619
What is the decimal numeral for the roman numeral MCCCLXXII?,1372
What is the decimal numeral for the roman numeral MMMCXXXVI?,3136
What is the decimal numeral for the roman numeral CC?,200
What is the decimal numeral for the roman numeral MMCMLVI?,2956
What is the decimal numeral for the roman numeral MCCV?,1205
What is the decimal numeral for the roman numeral MMCCCXL?,2340
What is the decimal numeral for the roman numeral CDLXVII?,467
What is the decimal numeral for the roman numeral MMCMLXXXVIII?,2988
What is the decimal numeral for the roman numeral MMDCCIV?,2704
What is the decimal numeral for the roman numeral MCCCLXVII?,1367
What is the decimal numeral for the roman numeral MCXCVI?,1196
What is the decimal numeral for the roman numeral MXXIV?,1024
What is the decimal numeral for the roman numeral MCMX?,1910
What is the decimal numeral for the roman numeral MMDCCLXXXIII?,2783
What is the decimal numeral for the roman numeral MMCXVI?,2116
What is the decimal numeral for the roman numeral MCCIII?,1203
What is the decimal numeral for the roman numeral MDCCCXXXI?,1831
What is the decimal numeral for the roman numeral MDXI?,1511
What is the decimal numeral for the roman numeral CCCLIII?,353
What is the decimal numeral for the roman numeral MMCDXXX?,2430
What is the decimal numeral for the roman numeral MMCCCXCIX?,2399
What is the decimal numeral for the roman numeral MMCCLXII?,2262
What is the decimal numeral for the roman numeral MMMCCXCI?,3291
What is the decimal numeral for the roman numeral MMCDLIII?,2453
What is the decimal numeral for the roman numeral MMCDXLVIII?,2448
What is the decimal numeral for the roman numeral MDCIX?,1609
What is the decimal numeral for the roman numeral MMMDCCLXXXV?,3785
What is the decimal numeral for the roman numeral MMMCMLXXXIII?,3983
What is the decimal numeral for the roman numeral MMMCLXXVI?,3176
What is the decimal numeral for the roman numeral MMMDCCXXII?,3722
What is the decimal numeral for the roman numeral MLXXXVII?,1087
What is the decimal numeral for the roman numeral MMMCMLIV?,3954
What is the decimal numeral for the roman numeral MCXXIII?,1123
What is the decimal numeral for the roman numeral MCCCXLVI?,1346
What is the decimal numeral for the roman numeral MMDLXXVIII?,2578
What is the decimal numeral for the roman numeral MCCXXIII?,1223
What is the decimal numeral for the roman numeral MMMCCCLXXV?,3375
What is the decimal numeral for the roman numeral MMCCXIX?,2219
What is the decimal numeral for the roman numeral MDCXLI?,1641
What is the decimal numeral for the roman numeral MMDCCCLXVI?,2866
What is the decimal numeral for the roman numeral MDVI?,1506
What is the decimal numeral for the roman numeral DCLXXXII?,682
What is the decimal numeral for the roman numeral MMCCCLXXXVII?,2387
What is the decimal numeral for the roman numeral MMDCCXCII?,2792
What is the decimal numeral for the roman numeral MDCXXVII?,1627
What is the decimal numeral for the roman numeral MMCMLXXIII?,2973
What is the decimal numeral for the roman numeral MCDXXVII?,1427
What is the decimal numeral for the roman numeral MMCMXLIX?,2949
What is the decimal numeral for the roman numeral MDCLXXXVI?,1686
What is the decimal numeral for the roman numeral MMCV?,2105
What is the decimal numeral for the roman numeral CCCLV?,355
What is the decimal numeral for the roman numeral MDCLXXIV?,1674
What is the decimal numeral for the roman numeral MXCI?,1091
What is the decimal numeral for the roman numeral CDXXI?,421
What is the decimal numeral for the roman numeral MMMCCCL?,3350
What is the decimal numeral for the roman numeral MDCLXI?,1661
What is the decimal numeral for the roman numeral DCXXIV?,624
What is the decimal numeral for the roman numeral MMMDCCCLXXXII?,3882
What is the decimal numeral for the roman numeral MMDCCCXLVIII?,2848
What is the decimal numeral for the roman numeral MMMDLXXIV?,3574
What is the decimal numeral for the roman numeral MMMCCCXVI?,3316
What is the decimal numeral for the roman numeral MCMLXX?,1970
What is the decimal numeral for the roman numeral MDII?,1502
What is the decimal numeral for the roman numeral DCCXCVIII?,798
What is the decimal numeral for the roman numeral MMMDCCXXXVIII?,3738
What is the decimal numeral for the roman numeral MMMCDXII?,3412
What is the decimal numeral for the roman numeral MMMDXXVI?,3526
What is the decimal numeral for the roman numeral CCCXXIV?,324
What is the decimal numeral for the roman numeral MMCCLXXIX?,2279
What is the decimal numeral for the roman numeral MMMDCCCXX?,3820
What is the decimal numeral for the roman numeral MMDCCCLVIII?,2858
What is the decimal numeral for the roman numeral MMDCCXXX?,2730
What is the decimal numeral for the roman numeral MMMCCLXVIII?,3268
What is the decimal numeral for the roman numeral DCLII?,652
What is the decimal numeral for the roman numeral CDXXXVIII?,438
What is the decimal numeral for the roman numeral MMXLVIII?,2048
What is the decimal numeral for the roman numeral MMCCCLXXVI?,2376
What is the decimal numeral for the roman numeral DCXLIII?,643
What is the decimal numeral for the roman numeral MMDCXCV?,2695
What is the decimal numeral for the roman numeral MMMDIV?,3504
What is the decimal numeral for the roman numeral MMMDXXV?,3525
What is the decimal numeral for the roman numeral MMCXX?,2120
What is the decimal numeral for the roman numeral MDCCCLX?,1860
What is the decimal numeral for the roman numeral MDCCCLXXIII?,1873
What is the decimal numeral for the roman numeral MMMDCXCIII?,3693
What is the decimal numeral for the roman numeral MMDCLXXXIII?,2683
What is the decimal numeral for the roman numeral MDCXXXVI?,1636
What is the decimal numeral for the roman numeral MMDLXVII?,2567
What is the decimal numeral for the roman numeral MMMDXLIII?,3543
What is the decimal numeral for the roman numeral MCCCLXXXVIII?,1388
What is the decimal numeral for the roman numeral MCDXXI?,1421
What is the decimal numeral for the roman numeral MMMCDXXII?,3422
What is the decimal numeral for the roman numeral MMCML?,2950
What is the decimal numeral for the roman numeral MMDXCVIII?,2598
What is the decimal numeral for the roman numeral MDCCCXXV?,1825
What is the decimal numeral for the roman numeral MCCC?,1300
What is the decimal numeral for the roman numeral MMDXLII?,2542
What is the decimal numeral for the roman numeral MDCLXXXIV?,1684
What is the decimal numeral for the roman numeral MMMLV?,3055
What is the decimal numeral for the roman numeral DLXIX?,569
What is the decimal numeral for the roman numeral MDCV?,1605
What is the decimal numeral for the roman numeral MMXCVI?,2096
What is the decimal numeral for the roman numeral MMMDCCCXCV?,3895
What is the decimal numeral for the roman numeral MMXXXIV?,2034
What is the decimal numeral for the roman numeral MDCX?,1610
What is the decimal numeral for the roman numeral MMMDCCCLII?,3852
What is the decimal numeral for the roman numeral MMCMLI?,2951
What is the decimal numeral for the roman numeral MMCDLXXV?,2475
What is the decimal numeral for the roman numeral MMDLXXXIV?,2584
What is the decimal numeral for the roman numeral MMCMLXXXV?,2985
What is the decimal numeral for the roman numeral MMCCXXXIII?,2233
What is the decimal numeral for the roman numeral MMDLXXXIII?,2583
What is the decimal numeral for the roman numeral MDCCX?,1710
What is the decimal numeral for the roman numeral CDLXXXVI?,486
What is the decimal numeral for the roman numeral MDCCCV?,1805
What is the decimal numeral for the roman numeral MMMLXVII?,3067
What is the decimal numeral for the roman numeral DCCXI?,711
What is the decimal numeral for the roman numeral MCCXXXVII?,1237
What is the decimal numeral for the roman numeral MMMCCCXXXIV?,3334
What is the decimal numeral for the roman numeral MCDLXIV?,1464
What is the decimal numeral for the roman numeral MMMCCCXXVI?,3326
What is the decimal numeral for the roman numeral MCDXCV?,1495
What is the decimal numeral for the roman numeral MC?,1100
What is the decimal numeral for the roman numeral DCCCXII?,812
What is the decimal numeral for the roman numeral MMDLXXII?,2572
What is the decimal numeral for the roman numeral MDCCCLVII?,1857
What is the decimal numeral for the roman numeral MCXIV?,1114
What is the decimal numeral for the roman numeral MD?,1500
What is the decimal numeral for the roman numeral MDCCXVII?,1717
What is the decimal numeral for the roman numeral MCDLII?,1452
What is the decimal numeral for the roman numeral MCMXXXII?,1932
What is the decimal numeral for the roman numeral MDCXLV?,1645
What is the decimal numeral for the roman numeral MMDCXXXVIII?,2638
What is the decimal numeral for the roman numeral MMMCVI?,3106
What is the decimal numeral for the roman numeral MMMDCCLIX?,3759
What is the decimal numeral for the roman numeral MDCXXXI?,1631
What is the decimal numeral for the roman numeral DCXXXVI?,636
What is the decimal numeral for the roman numeral MMMCMLXIV?,3964
What is the decimal numeral for the roman numeral MMMDI?,3501
What is the decimal numeral for the roman numeral MCDIX?,1409
What is the decimal numeral for the roman numeral MLIV?,1054
What is the decimal numeral for the roman numeral CCXXIII?,223
What is the decimal numeral for the roman numeral MCDLXXXVI?,1486
What is the decimal numeral for the roman numeral CCLXXVIII?,278
What is the decimal numeral for the roman numeral MCMXXXIV?,1934
What is the decimal numeral for the roman numeral MCCCX?,1310
What is the decimal numeral for the roman numeral MMDXIV?,2514
What is the decimal numeral for the roman numeral MMCCLXXXIII?,2283
What is the decimal numeral for the roman numeral MDLXII?,1562
What is the decimal numeral for the roman numeral MCCCLXXXVI?,1386
What is the decimal numeral for the roman numeral MMMDCCCXIII?,3813
What is the decimal numeral for the roman numeral CCLXXII?,272
What is the decimal numeral for the roman numeral MDCCCLXXX?,1880
What is the decimal numeral for the roman numeral MDCCCXCIV?,1894
What is the decimal numeral for the roman numeral MDXXXIX?,1539
What is the decimal numeral for the roman numeral MMMCLXXIII?,3173
What is the decimal numeral for the roman numeral MMDCXVII?,2617
What is the decimal numeral for the roman numeral CMLXXI?,971
What is the decimal numeral for the roman numeral CDLXXVII?,477
What is the decimal numeral for the roman numeral MMMLXXVI?,3076
What is the decimal numeral for the roman numeral MMDXXVI?,2526
What is the decimal numeral for the roman numeral MMMCCVI?,3206
What is the decimal numeral for the roman numeral MMCCCXLI?,2341
What is the decimal numeral for the roman numeral MCLI?,1151
What is the decimal numeral for the roman numeral MMDLXIX?,2569
What is the decimal numeral for the roman numeral M?,1000
What is the decimal numeral for the roman numeral MMMLXXXVI?,3086
What is the decimal numeral for the roman numeral MMDXCIII?,2593
What is the decimal numeral for the roman numeral MCCXVI?,1216
What is the decimal numeral for the roman numeral MMMCMXLIII?,3943
What is the decimal numeral for the roman numeral DLXII?,562
What is the decimal numeral for the roman numeral MMMXCIII?,3093
What is the decimal numeral for the roman numeral MMDCXXXIX?,2639
What is the decimal numeral for the roman numeral MMMDCCCXVIII?,3818
What is the decimal numeral for the roman numeral DCCLXXXVI?,786
What is the decimal numeral for the roman numeral MDCCXLVII?,1747
What is the decimal numeral for the roman numeral MDXXXVIII?,1538
What is the decimal numeral for the roman numeral MCCCIX?,1309
What is the decimal numeral for the roman numeral MMMDCCCLXXXVIII?,3888
What is the decimal numeral for the roman numeral MDCLXIII?,1663
What is the decimal numeral for the roman numeral MCCCLXV?,1365
What is the decimal numeral for the roman numeral MCCCLXXVII?,1377
What is the decimal numeral for the roman numeral MMCCXVIII?,2218
What is the decimal numeral for the roman numeral CCCLXXVIII?,378
What is the decimal numeral for the roman numeral DCCXXXVIII?,738
What is the decimal numeral for the roman numeral MMCCCXLVII?,2347
What is the decimal numeral for the roman numeral MCCLXII?,1262
What is the decimal numeral for the roman numeral MMMCDLXXX?,3480
What is the decimal numeral for the roman numeral MCXXXI?,1131
What is the decimal numeral for the roman numeral MDCCLIII?,1753
What is the decimal numeral for the roman numeral MMMDCCXCVI?,3796
What is the decimal numeral for the roman numeral MMXLIII?,2043
What is the decimal numeral for the roman numeral MMDCCI?,2701
What is the decimal numeral for the roman numeral MDCLXII?,1662
What is the decimal numeral for the roman numeral MMMCCCLXXXIX?,3389
What is the decimal numeral for the roman numeral MCDLXXI?,1471
What is the decimal numeral for the roman numeral MMDCCXLVII?,2747
What is the decimal numeral for the roman numeral MMCCXXXVII?,2237
What is the decimal numeral for the roman numeral MMXXXVIII?,2038
What is the decimal numeral for the roman numeral MMMDCCCLXXXI?,3881
What is the decimal numeral for the roman numeral MMMDCCXVI?,3716
What is the decimal numeral for the roman numeral MDCXXXIX?,1639
What is the decimal numeral for the roman numeral DXXV?,525
What is the decimal numeral for the roman numeral CMLXXXIX?,989
What is the decimal numeral for the roman numeral MMMCCCLIII?,3353
What is the decimal numeral for the roman numeral MDLXXXVI?,1586
What is the decimal numeral for the roman numeral MDCCXVI?,1716
What is the decimal numeral for the roman numeral MDLXXXVII?,1587
What is the decimal numeral for the roman numeral MMCXCV?,2195
What is the decimal numeral for the roman numeral DCXXI?,621
What is the decimal numeral for the roman numeral MCCXCII?,1292
What is the decimal numeral for the roman numeral MMMCCCLXXVIII?,3378
What is the decimal numeral for the roman numeral MMMCCCXL?,3340
What is the decimal numeral for the roman numeral CDXC?,490
What is the decimal numeral for the roman numeral MMCMV?,2905
What is the decimal numeral for the roman numeral DCCCII?,802
What is the decimal numeral for the roman numeral MMMLXI?,3061
What is the decimal numeral for the roman numeral CMLXXV?,975
What is the decimal numeral for the roman numeral MMDCCCLXXIII?,2873
What is the decimal numeral for the roman numeral MMCM?,2900
What is the decimal numeral for the roman numeral CCCXXXIX?,339
What is the decimal numeral for the roman numeral MDCCXCVII?,1797
What is the decimal numeral for the roman numeral CMLXXIII?,973
What is the decimal numeral for the roman numeral CMXXII?,922
What is the decimal numeral for the roman numeral MMMDVII?,3507
What is the decimal numeral for the roman numeral DXXXII?,532
What is the decimal numeral for the roman numeral CDLXXXIX?,489
What is the decimal numeral for the roman numeral MMMDL?,3550
What is the decimal numeral for the roman numeral DCCC?,800
What is the decimal numeral for the roman numeral MDCLIV?,1654
What is the decimal numeral for the roman numeral CCXCIII?,293
What is the decimal numeral for the roman numeral MMDCXVI?,2616
What is the decimal numeral for the roman numeral MMDCXXXIV?,2634
What is the decimal numeral for the roman numeral MMMDCCCXI?,3811
What is the decimal numeral for the roman numeral CDLII?,452
What is the decimal numeral for the roman numeral MMCXCIII?,2193
What is the decimal numeral for the roman numeral MDXV?,1515
What is the decimal numeral for the roman numeral MMMLIX?,3059
What is the decimal numeral for the roman numeral MDCCCXXVII?,1827
What is the decimal numeral for the roman numeral MMMDXXVII?,3527
What is the decimal numeral for the roman numeral MMMDCCXCVIII?,3798
What is the decimal numeral for the roman numeral CMVIII?,908
What is the decimal numeral for the roman numeral CDLIII?,453
What is the decimal numeral for the roman numeral MMDCVIII?,2608
What is the decimal numeral for the roman numeral CDXLIII?,443
What is the decimal numeral for the roman numeral MMMDXXI?,3521
What is the decimal numeral for the roman numeral DXXII?,522
What is the decimal numeral for the roman numeral DCCV?,705
What is the decimal numeral for the roman numeral MMMDCXVIII?,3618
What is the decimal numeral for the roman numeral MDXCVI?,1596
What is the decimal numeral for the roman numeral MMDCXXXI?,2631
What is the decimal numeral for the roman numeral MMMDCCCXXIII?,3823
What is the decimal numeral for the roman numeral MMDCLV?,2655
What is the decimal numeral for the roman numeral MMDCCCLIII?,2853
What is the decimal numeral for the roman numeral MMMCDLXV?,3465
What is the decimal numeral for the roman numeral MMCDXLIV?,2444
What is the decimal numeral for the roman numeral MCDXCVII?,1497
What is the decimal numeral for the roman numeral MMDCXLII?,2642
What is the decimal numeral for the roman numeral MMMDCCCV?,3805
What is the decimal numeral for the roman numeral MMMCD?,3400
What is the decimal numeral for the roman numeral CCXCIV?,294
What is the decimal numeral for the roman numeral MDCCLXXIX?,1779
What is the decimal numeral for the roman numeral DCLXXXIV?,684
What is the decimal numeral for the roman numeral MMMCCCLXXXVI?,3386
What is the decimal numeral for the roman numeral MDCCCXIX?,1819
What is the decimal numeral for the roman numeral MMDCCCXXXV?,2835
What is the decimal numeral for the roman numeral MMDCCXLV?,2745
What is the decimal numeral for the roman numeral DCCCXCIV?,894
What is the decimal numeral for the roman numeral MMDCCXCI?,2791
What is the decimal numeral for the roman numeral DCCVII?,707
What is the decimal numeral for the roman numeral MMCDXXXVIII?,2438
What is the decimal numeral for the roman numeral MMCMVIII?,2908
What is the decimal numeral for the roman numeral DXIV?,514
What is the decimal numeral for the roman numeral MMMCCLVII?,3257
What is the decimal numeral for the roman numeral MLXXXVI?,1086
What is the decimal numeral for the roman numeral DCCCV?,805
What is the decimal numeral for the roman numeral MMCCCXXV?,2325
What is the decimal numeral for the roman numeral MMCCCXCVII?,2397
What is the decimal numeral for the roman numeral CCLXXIX?,279
What is the decimal numeral for the roman numeral MDXCIV?,1594
What is the decimal numeral for the roman numeral MMDLXXIII?,2573
What is the decimal numeral for the roman numeral MMCCLXXIV?,2274
What is the decimal numeral for the roman numeral MMMCCCIX?,3309
What is the decimal numeral for the roman numeral MMXII?,2012
What is the decimal numeral for the roman numeral MMMCCCLXXXVII?,3387
What is the decimal numeral for the roman numeral MMMXXIV?,3024
What is the decimal numeral for the roman numeral MMMCCCLXXX?,3380
What is the decimal numeral for the roman numeral MMMCLXVIII?,3168
What is the decimal numeral for the roman numeral MMMCMLXI?,3961
What is the decimal numeral for the roman numeral CMLXXX?,980
What is the decimal numeral for the roman numeral MLII?,1052
What is the decimal numeral for the roman numeral MMLXXXIV?,2084
What is the decimal numeral for the roman numeral MCDLVII?,1457
What is the decimal numeral for the roman numeral MMMCCCLXIII?,3363
What is the decimal numeral for the roman numeral CMII?,902
What is the decimal numeral for the roman numeral MMCD?,2400
What is the decimal numeral for the roman numeral DXLIX?,549
What is the decimal numeral for the roman numeral CCX?,210
What is the decimal numeral for the roman numeral DCLXXX?,680
What is the decimal numeral for the roman numeral MMMDCLXXI?,3671
What is the decimal numeral for the roman numeral MCCXI?,1211
